TICK,LIFESPAN,FAIL_RATE,CPT
3,0,66.7,0.0
4,0,50.0,0.0
5,0,40.0,0.0
6,0,33.3,0.0
7,0,42.9,0.0
8,0,50.0,0.0
9,0,55.6,0.0
10,0,60.0,0.0
11,0,63.6,0.0
12,0,58.3,0.0
13,0,53.8,0.0
14,0,57.1,0.0
15,0,60.0,0.0
16,0,56.2,0.0
17,0,58.8,0.0
18,0,61.1,0.0
19,0,57.9,0.0
20,0,60.0,0.0
21,0,61.9,0.0
22,0,63.6,0.0
23,0,60.9,0.0
24,0,62.5,0.0
25,0,64.0,0.0
26,0,65.4,0.0
27,0,66.7,0.0
28,0,67.9,0.0
29,0,69.0,0.0
30,0,70.0,0.0
31,0,71.0,0.0
32,0,68.8,0.0
33,0,69.7,0.0
34,0,70.6,0.0
35,0,71.4,0.0
36,0,72.2,0.0
37,0,70.3,0.0
38,0,68.4,0.0
39,0,66.7,0.0
40,0,65.0,0.0
41,0,65.9,0.0
42,0,66.7,0.0
43,0,67.4,0.0
44,0,68.2,0.0
45,0,68.9,0.0
46,0,69.6,0.0
47,0,68.1,0.0
48,0,68.8,0.0
49,0,69.4,0.0
50,0,70.0,0.0
51,0,70.6,0.0
52,0,71.2,0.0
53,0,71.7,0.0
54,0,70.4,0.0
55,0,70.9,0.0
56,0,71.4,0.0
57,0,71.9,0.0
58,0,72.4,0.0
59,0,72.9,0.0
60,0,73.3,0.0
61,0,73.8,0.0
62,0,72.6,0.0
63,0,71.4,0.0
64,0,71.9,0.0
65,0,72.3,0.0
66,0,72.7,0.0
67,0,73.1,0.0
68,0,73.5,0.0
69,0,73.9,0.0
70,0,72.9,0.0
71,0,71.8,0.0
72,0,72.2,0.0
73,0,72.6,0.0
74,0,73.0,0.0
75,0,72.0,0.0
76,0,72.4,0.0
77,0,72.7,0.0
78,0,73.1,0.0
79,0,73.4,0.0
80,0,73.8,0.0
81,0,72.8,0.0
82,0,72.0,0.0
83,0,71.1,0.0
84,0,70.2,0.0
85,0,69.4,0.0
86,0,69.8,0.0
87,0,70.1,0.0
88,0,70.5,0.0
89,0,69.7,0.0
90,0,70.0,0.0
91,0,69.2,0.0
92,0,68.5,0.0
93,0,68.8,0.0
94,0,69.1,0.0
95,0,69.5,0.0
96,0,69.8,0.0
97,0,69.1,0.0
98,0,69.4,0.0
99,0,68.7,0.0
100,0,69.0,0.0
101,0,69.3,0.0
102,0,69.6,0.0
103,0,69.9,0.0
104,0,69.2,0.0
105,0,69.5,0.0
106,0,69.8,0.0
107,0,70.1,0.0
108,0,69.4,0.0
109,0,68.8,0.0
110,0,68.2,0.0
111,0,68.5,0.0
112,0,68.8,0.0
113,0,68.1,0.0
114,0,68.4,0.0
115,0,67.8,0.0
116,0,68.1,0.0
117,0,68.4,0.0
118,0,67.8,0.0
119,0,68.1,0.0
120,0,68.3,0.0
121,0,68.6,0.0
122,0,68.9,0.0
123,0,69.1,0.0
124,0,69.4,0.0
125,0,68.8,0.0
126,0,68.3,0.0
127,0,68.5,0.0
128,0,68.8,0.0
129,0,69.0,0.0
130,0,69.2,0.0
131,0,68.7,0.0
132,0,68.9,0.0
133,0,68.4,0.0
134,0,68.7,0.0
135,0,68.1,0.0
136,0,67.6,0.0
137,0,67.9,0.0
138,0,68.1,0.0
139,0,68.3,0.0
140,0,68.6,0.0
141,0,68.8,0.0
142,0,69.0,0.0
143,0,69.2,0.0
144,0,69.4,0.0
145,0,69.7,0.0
146,0,69.9,0.0
147,0,70.1,0.0
148,0,69.6,0.0
149,0,69.1,0.0
150,0,68.7,0.0
151,0,68.2,0.0
152,0,68.4,0.0
153,0,68.6,0.0
154,0,68.2,0.0
155,0,68.4,0.0
156,0,68.6,0.0
157,0,68.8,0.0
158,0,69.0,0.0
159,0,69.2,0.0
160,0,69.4,0.0
161,0,68.9,0.0
162,0,69.1,0.0
163,0,69.3,0.0
164,0,69.5,0.0
165,0,69.7,0.0
166,0,69.3,0.0
167,0,68.9,0.0
168,0,68.5,0.0
169,0,68.0,0.0
170,0,67.6,0.0
171,0,67.8,0.0
172,0,67.4,0.0
173,0,67.6,0.0
174,0,67.8,0.0
175,0,68.0,0.0
176,0,68.2,0.0
177,0,68.4,0.0
178,0,68.0,0.0
179,0,68.2,0.0
180,0,68.3,0.0
181,0,68.5,0.0
182,0,68.7,0.0
183,0,68.3,0.0
184,0,68.5,0.0
185,0,68.6,0.0
186,0,68.3,0.0
187,0,68.4,0.0
188,0,68.6,0.0
189,0,68.8,0.0
190,0,68.9,0.0
191,0,69.1,0.0
192,0,69.3,0.0
193,0,69.4,0.0
194,0,69.6,0.0
195,0,69.7,0.0
196,0,69.9,0.0
197,0,69.5,0.0
198,0,69.7,0.0
199,0,69.3,0.0
200,0,69.5,0.0
201,0,69.2,0.0
202,0,69.3,0.0
203,0,69.5,0.0
204,0,69.6,0.0
205,0,69.3,0.0
206,0,69.4,0.0
207,0,69.1,0.0
208,0,69.2,0.0
209,0,68.9,0.0
210,0,69.0,0.0
211,0,69.2,0.0
212,0,68.9,0.0
213,0,68.5,0.0
214,0,68.7,0.0
215,0,68.8,0.0
216,0,68.5,0.0
217,0,68.7,0.0
218,0,68.3,0.0
219,0,68.5,0.0
220,0,68.6,0.0
221,0,68.8,0.0
222,0,68.9,0.0
223,0,69.1,0.0
224,0,68.8,0.0
225,0,68.4,0.0
226,0,68.6,0.0
227,0,68.7,0.0
228,0,68.9,0.0
229,0,68.6,0.0
230,0,68.7,0.0
231,0,68.4,0.0
232,0,68.5,0.0
233,0,68.7,0.0
234,0,68.8,0.0
235,0,68.5,0.0
236,0,68.2,0.0
237,0,68.4,0.0
238,0,68.1,0.0
239,0,68.2,0.0
240,0,67.9,0.0
241,0,68.0,0.0
242,0,68.2,0.0
243,0,67.9,0.0
244,0,67.6,0.0
245,0,67.8,0.0
246,0,67.5,0.0
247,0,67.6,0.0
248,0,67.7,0.0
249,0,67.9,0.0
250,0,68.0,0.0
251,0,68.1,0.0
252,0,67.9,0.0
253,0,67.6,0.0
254,0,67.7,0.0
255,0,67.8,0.0
256,0,67.6,0.0
257,0,67.7,0.0
258,0,67.4,0.0
259,0,67.6,0.0
260,0,67.7,0.0
261,0,67.8,0.0
262,0,67.9,0.0
263,0,67.7,0.0
264,0,67.4,0.0
265,0,67.5,0.0
266,0,67.3,0.0
267,0,67.4,0.0
268,0,67.2,0.0
269,0,66.9,0.0
270,0,67.0,0.0
271,0,67.2,0.0
272,0,67.3,0.0
273,0,67.0,0.0
274,0,67.2,0.0
275,0,66.9,0.0
276,0,67.0,0.0
277,0,66.8,0.0
278,0,66.9,0.0
279,0,67.0,0.0
280,0,67.1,0.0
281,0,66.9,0.0
282,0,67.0,0.0
283,0,67.1,0.0
284,0,67.3,0.0
285,0,67.0,0.0
286,0,66.8,0.0
287,0,66.9,0.0
288,0,67.0,0.0
289,0,66.8,0.0
290,0,66.9,0.0
291,0,66.7,0.0
292,0,66.4,0.0
293,0,66.2,0.0
294,0,66.3,0.0
295,0,66.1,0.0
296,0,66.2,0.0
297,0,66.3,0.0
298,0,66.1,0.0
299,0,66.2,0.0
300,0,66.3,0.0
301,0,66.1,0.0
302,0,66.2,0.0
303,0,66.3,0.0
304,0,66.1,0.0
305,0,66.2,0.0
306,0,66.3,0.0
307,0,66.1,0.0
308,0,66.2,0.0
309,0,66.3,0.0
310,0,66.5,0.0
311,0,66.2,0.0
312,0,66.3,0.0
313,0,66.1,0.0
314,0,66.2,0.0
315,0,66.0,0.0
316,0,66.1,0.0
317,0,65.9,0.0
318,0,66.0,0.0
319,0,65.8,0.0
320,0,65.9,0.0
321,0,65.7,0.0
322,0,65.5,0.0
323,0,65.3,0.0
324,0,65.4,0.0
325,0,65.5,0.0
326,0,65.6,0.0
327,0,65.7,0.0
328,0,65.9,0.0
329,0,65.7,0.0
330,0,65.5,0.0
331,0,65.6,0.0
332,0,65.7,0.0
333,0,65.8,0.0
334,0,65.9,0.0
335,0,65.7,0.0
336,0,65.8,0.0
337,0,65.9,0.0
338,0,66.0,0.0
339,0,66.1,0.0
340,0,65.9,0.0
341,0,66.0,0.0
342,0,66.1,0.0
343,0,65.9,0.0
344,0,66.0,0.0
345,0,66.1,0.0
346,0,66.2,0.0
347,0,66.0,0.0
348,0,66.1,0.0
349,0,66.2,0.0
350,0,66.3,0.0
351,0,66.4,0.0
352,0,66.2,0.0
353,0,66.0,0.0
354,0,66.1,0.0
355,0,66.2,0.0
356,0,66.3,0.0
357,0,66.4,0.0
358,0,66.5,0.0
359,0,66.6,0.0
360,0,66.7,0.0
361,0,66.8,0.0
362,0,66.9,0.0
363,0,66.9,0.0
364,0,67.0,0.0
365,0,66.8,0.0
366,0,66.7,0.0
367,0,66.5,0.0
368,0,66.6,0.0
369,0,66.4,0.0
370,0,66.5,0.0
371,0,66.3,0.0
372,0,66.4,0.0
373,0,66.2,0.0
374,0,66.3,0.0
375,0,66.4,0.0
376,0,66.2,0.0
377,0,66.0,0.0
378,0,66.1,0.0
379,0,66.0,0.0
380,0,66.1,0.0
381,0,66.1,0.0
382,0,66.2,0.0
383,0,66.3,0.0
384,0,66.1,0.0
385,0,66.2,0.0
386,0,66.1,0.0
387,0,66.1,0.0
388,0,66.2,0.0
389,0,66.1,0.0
390,0,65.9,0.0
391,0,66.0,0.0
392,0,65.8,0.0
393,0,65.9,0.0
394,0,66.0,0.0
395,0,66.1,0.0
396,0,66.2,0.0
397,0,66.2,0.0
398,0,66.1,0.0
399,0,65.9,0.0
400,0,65.8,0.0
401,0,65.6,0.0
402,0,65.7,0.0
403,0,65.5,0.0
404,0,65.6,0.0
405,0,65.7,0.0
406,0,65.8,0.0
407,0,65.8,0.0
408,0,65.9,0.0
409,0,66.0,0.0
410,0,65.9,0.0
411,0,65.7,0.0
412,0,65.8,0.0
413,0,65.6,0.0
414,0,65.7,0.0
415,0,65.8,0.0
416,0,65.9,0.0
417,0,65.9,0.0
418,0,66.0,0.0
419,0,66.1,0.0
420,0,66.0,0.0
421,0,66.0,0.0
422,0,65.9,0.0
423,0,65.7,0.0
424,0,65.6,0.0
425,0,65.6,0.0
426,0,65.5,0.0
427,0,65.3,0.0
428,0,65.4,0.0
429,0,65.5,0.0
430,0,65.3,0.0
431,0,65.2,0.0
432,0,65.3,0.0
433,0,65.4,0.0
434,0,65.2,0.0
435,0,65.1,0.0
436,0,65.1,0.0
437,0,65.2,0.0
438,0,65.1,0.0
439,0,65.1,0.0
440,0,65.0,0.0
441,0,64.9,0.0
442,0,64.9,0.0
443,0,64.8,0.0
444,0,64.6,0.0
445,0,64.5,0.0
446,0,64.3,0.0
447,0,64.4,0.0
448,0,64.3,0.0
449,0,64.1,0.0
450,0,64.2,0.0
451,0,64.1,0.0
452,0,64.2,0.0
453,0,64.2,0.0
454,0,64.3,0.0
455,0,64.2,0.0
456,0,64.3,0.0
457,0,64.1,0.0
458,0,64.2,0.0
459,0,64.3,0.0
460,0,64.3,0.0
461,0,64.4,0.0
462,0,64.5,0.0
463,0,64.6,0.0
464,0,64.4,0.0
465,0,64.5,0.0
466,0,64.4,0.0
467,0,64.5,0.0
468,0,64.3,0.0
469,0,64.2,0.0
470,0,64.3,0.0
471,0,64.1,0.0
472,0,64.2,0.0
473,0,64.3,0.0
474,0,64.1,0.0
475,0,64.0,0.0
476,0,64.1,0.0
477,0,63.9,0.0
478,0,63.8,0.0
479,0,63.9,0.0
480,0,63.7,0.0
481,0,63.8,0.0
482,0,63.9,0.0
483,0,63.8,0.0
484,0,63.6,0.0
485,0,63.7,0.0
486,0,63.6,0.0
487,0,63.7,0.0
488,0,63.5,0.0
489,0,63.6,0.0
490,0,63.7,0.0
491,0,63.7,0.0
492,0,63.8,0.0
493,0,63.7,0.0
494,0,63.6,0.0
495,0,63.6,0.0
496,0,63.5,0.0
497,0,63.4,0.0
498,0,63.3,0.0
499,0,63.3,0.0
500,0,63.4,0.0
501,0,63.3,0.0
502,0,63.1,0.0
503,0,63.0,0.0
504,0,63.1,0.0
505,0,63.0,0.0
506,0,63.0,0.0
507,0,63.1,0.0
508,0,63.0,0.0
509,0,63.1,0.0
510,0,63.1,0.0
511,0,63.0,0.0
512,0,62.9,0.0
513,0,63.0,0.0
514,0,63.0,0.0
515,0,62.9,0.0
516,0,62.8,0.0
517,0,62.9,0.0
518,0,62.9,0.0
519,0,63.0,0.0
520,0,63.1,0.0
521,0,63.1,0.0
522,0,63.2,0.0
523,0,63.3,0.0
524,0,63.4,0.0
525,0,63.4,0.0
526,0,63.3,0.0
527,0,63.4,0.0
528,0,63.4,0.0
529,0,63.3,0.0
530,0,63.2,0.0
531,0,63.3,0.0
532,0,63.3,0.0
533,0,63.2,0.0
534,0,63.1,0.0
535,0,63.0,0.0
536,0,63.1,0.0
537,0,62.9,0.0
538,0,62.8,0.0
539,0,62.9,0.0
540,0,63.0,0.0
541,0,62.8,0.0
542,0,62.7,0.0
543,0,62.6,0.0
544,0,62.7,0.0
545,0,62.8,0.0
546,0,62.8,0.0
547,0,62.7,0.0
548,21.0,62.8,2.1
549,21.0,62.8,2.09
550,21.0,62.9,2.09
551,21.0,63.0,2.09
552,21.0,62.9,2.08
553,21.0,62.9,2.08
554,21.0,63.0,2.08
555,21.0,63.1,2.07
556,21.0,63.1,2.07
557,21.0,63.0,2.06
558,21.0,63.1,2.06
559,21.0,63.0,2.06
560,21.0,62.9,2.05
561,21.0,62.9,2.05
562,21.0,63.0,2.05
563,21.0,62.9,2.04
564,21.0,62.8,2.04
565,21.0,62.8,2.04
566,21.0,62.9,2.03
567,21.0,62.8,2.03
568,21.0,62.9,2.02
569,21.0,62.7,2.02
570,21.0,62.6,2.02
571,21.0,62.7,2.01
572,21.0,62.6,2.01
573,21.0,62.5,2.01
574,21.0,62.5,2.0
575,21.0,62.6,2.0
576,21.0,62.7,2.0
577,21.0,62.7,1.99
578,21.0,62.6,1.99
579,21.0,62.5,1.99
580,21.0,62.4,1.98
581,21.0,62.3,1.98
582,21.0,62.2,1.98
583,21.0,62.3,1.97
584,21.0,62.3,1.97
585,21.0,62.2,1.97
586,21.0,62.1,1.96
587,21.0,62.0,1.96
588,21.0,61.9,1.96
589,21.0,62.0,1.95
590,21.0,62.0,1.95
591,21.0,61.9,1.95
592,21.0,61.8,1.94
593,21.0,61.7,1.94
594,21.0,61.8,1.94
595,21.0,61.8,1.93
596,21.0,61.9,1.93
597,21.0,62.0,1.93
598,21.0,62.0,1.92
599,21.0,62.1,1.92
600,21.0,62.0,1.92
601,21.0,62.1,1.91
602,21.0,62.1,1.91
603,21.0,62.2,1.91
604,21.0,62.3,1.9
605,21.0,62.3,1.9
606,21.0,62.4,1.9
607,21.0,62.3,1.89
608,21.0,62.3,1.89
609,21.0,62.4,1.89
610,21.0,62.5,1.89
611,21.0,62.5,1.88
612,21.0,62.4,1.88
613,26.5,62.3,4.65
614,26.5,62.4,4.64
615,25.7,62.4,6.75
616,25.7,62.3,6.74
617,25.7,62.2,6.73
618,25.7,62.3,6.72
619,25.7,62.2,6.7
620,25.7,62.1,6.69
621,25.7,62.2,6.68
622,25.7,62.2,6.67
623,25.7,62.3,6.66
624,25.7,62.2,6.65
625,25.7,62.1,6.64
626,25.7,62.1,6.63
627,25.7,62.2,6.62
628,25.7,62.1,6.61
629,25.7,62.0,6.6
630,25.7,61.9,6.59
631,25.7,62.0,6.58
632,25.7,61.9,6.57
633,25.7,61.8,6.56
634,25.7,61.8,6.55
635,25.7,61.7,6.54
636,25.7,61.8,6.53
637,25.7,61.7,6.51
638,25.7,61.6,6.5
639,25.7,61.7,6.49
640,25.7,61.6,6.48
641,25.7,61.5,6.47
642,25.7,61.5,6.46
643,25.7,61.6,6.45
644,25.7,61.6,6.44
645,25.7,61.6,6.43
646,25.7,61.6,6.42
647,25.7,61.5,6.41
648,25.7,61.6,6.4
649,25.7,61.6,6.39
650,25.7,61.7,6.38
651,25.7,61.8,6.37
652,25.7,61.8,6.37
653,25.7,61.9,6.36
654,25.7,61.8,6.35
655,25.7,61.8,6.34
656,25.7,61.9,6.33
657,25.7,61.9,6.32
658,25.7,61.9,6.31
659,25.7,61.8,6.3
660,25.7,61.7,6.29
661,25.7,61.7,6.28
662,25.7,61.8,6.27
663,25.7,61.8,6.26
664,25.7,61.7,6.25
665,25.7,61.7,6.24
666,25.7,61.7,6.23
667,25.7,61.8,6.22
668,25.7,61.8,6.21
669,25.7,61.9,6.2
670,25.7,61.9,6.19
671,25.7,62.0,6.18
672,25.7,61.9,6.18
673,25.7,62.0,6.17
674,25.7,62.0,6.16
675,25.7,62.1,6.15
676,25.7,62.1,6.14
677,25.7,62.0,6.13
678,25.7,62.1,6.12
679,25.7,62.0,6.11
680,25.7,61.9,6.1
681,25.7,61.8,6.09
682,25.7,61.9,6.09
683,25.7,61.9,6.08
684,25.7,62.0,6.07
685,25.7,62.0,6.06
686,25.7,62.1,6.05
687,25.7,62.0,6.04
688,25.7,62.1,6.03
689,25.7,62.1,6.02
690,25.7,62.0,6.01
691,25.7,61.9,6.01
692,25.7,62.0,6.0
693,25.7,62.0,5.99
694,25.7,62.1,5.98
695,25.7,62.2,5.97
696,25.7,62.1,5.96
697,25.7,62.0,5.95
698,25.7,62.0,5.95
699,25.7,62.1,5.94
700,25.7,62.1,5.93
701,25.7,62.1,5.92
702,25.7,62.1,5.91
703,25.7,62.0,5.9
704,25.7,61.9,5.89
705,25.7,61.8,5.89
706,25.7,61.9,5.88
707,25.7,62.0,5.87
708,25.7,62.0,5.86
709,25.7,62.1,5.85
710,25.7,62.1,5.85
711,25.7,62.2,5.84
712,25.7,62.1,5.83
713,25.7,62.0,5.82
714,25.7,61.9,5.81
715,25.7,61.8,5.8
716,25.7,61.9,5.8
717,25.7,61.9,5.79
718,25.7,62.0,5.78
719,25.7,61.9,5.77
720,25.7,61.9,5.76
721,25.7,61.9,5.76
722,25.7,61.9,5.75
723,25.7,61.8,5.74
724,25.7,61.9,5.73
725,25.7,61.9,5.72
726,25.7,61.8,5.72
727,24.8,61.9,7.36
728,24.8,61.8,7.35
729,24.8,61.9,7.34
730,24.8,61.9,7.33
731,24.8,61.8,7.32
732,24.8,61.9,7.31
733,24.8,61.9,7.3
734,24.8,61.9,7.29
735,24.8,61.8,7.28
736,24.8,61.8,7.27
737,24.8,61.9,7.26
738,24.8,61.8,7.25
739,24.8,61.7,7.24
740,24.8,61.8,7.23
741,24.8,61.7,7.22
742,24.8,61.6,7.21
743,24.8,61.6,7.2
744,24.8,61.7,7.19
745,24.8,61.7,7.18
746,24.8,61.8,7.17
747,24.8,61.7,7.16
748,24.8,61.6,7.15
749,24.8,61.7,7.14
750,24.8,61.6,7.13
751,28.6,61.7,10.19
752,28.6,61.7,10.17
753,28.6,61.6,10.16
754,28.6,61.5,10.15
755,28.6,61.6,10.13
756,28.6,61.6,10.12
757,28.6,61.7,10.11
758,28.6,61.6,10.09
759,28.6,61.7,10.08
760,28.6,61.7,10.07
761,28.6,61.8,10.05
762,28.6,61.8,10.04
763,28.6,61.7,10.03
764,28.6,61.8,10.01
765,28.6,61.8,10.0
766,28.6,61.7,9.99
767,28.6,61.7,9.97
768,28.6,61.6,9.96
769,28.6,61.6,9.95
770,28.6,61.6,9.94
771,28.6,61.5,9.92
772,28.6,61.5,9.91
773,28.6,61.4,9.9
774,28.6,61.4,9.88
775,28.6,61.3,9.87
776,28.6,61.3,9.86
777,28.6,61.4,9.85
778,28.6,61.4,9.83
779,28.6,61.4,9.82
780,28.6,61.4,9.81
781,28.6,61.3,9.8
782,28.6,61.3,9.78
783,30.8,61.2,12.58
784,30.8,61.2,12.56
785,30.8,61.3,12.55
786,30.8,61.3,12.53
787,30.8,61.4,12.52
788,30.8,61.3,12.5
789,30.8,61.3,12.48
790,30.8,61.4,12.47
791,30.8,61.3,12.45
792,30.8,61.2,12.44
793,30.8,61.3,12.42
794,30.8,61.3,12.41
795,30.8,61.4,12.39
796,30.8,61.3,12.37
797,30.8,61.4,12.36
798,30.8,61.3,12.34
799,30.8,61.3,12.33
800,30.8,61.4,12.31
801,30.8,61.3,12.3
802,30.8,61.3,12.28
803,30.8,61.3,12.27
804,30.8,61.3,12.25
805,30.8,61.2,12.24
806,30.8,61.3,12.22
807,30.8,61.3,12.21
808,30.8,61.3,12.19
809,30.8,61.3,12.18
810,30.8,61.4,12.16
811,30.8,61.3,12.15
812,30.8,61.2,12.13
813,30.8,61.1,12.12
814,30.8,61.2,12.1
815,30.8,61.2,12.09
816,30.8,61.2,12.07
817,30.8,61.1,12.06
818,30.8,61.0,12.04
819,30.8,60.9,12.03
820,30.8,61.0,12.01
821,30.8,61.0,12.0
822,30.8,61.1,11.98
823,30.8,61.0,11.97
824,30.8,61.0,11.95
825,30.8,61.0,11.94
826,30.8,60.9,11.92
827,30.8,60.9,11.91
828,30.8,60.9,11.9
829,30.8,60.8,11.88
830,30.8,60.8,11.87
831,30.8,60.9,11.85
832,30.8,60.9,11.84
833,30.8,60.9,11.82
834,30.8,60.9,11.81
835,30.8,60.8,11.8
836,30.8,60.8,11.78
837,30.8,60.8,11.77
838,30.8,60.9,11.75
839,30.8,60.9,11.74
840,30.8,61.0,11.73
841,30.8,61.0,11.71
842,30.8,61.0,11.7
843,30.8,61.0,11.68
844,30.8,60.9,11.67
845,30.8,60.9,11.66
846,30.8,61.0,11.64
847,30.8,61.0,11.63
848,30.8,61.1,11.62
849,30.8,61.0,11.6
850,30.8,61.1,11.59
851,30.8,61.1,11.57
852,30.8,61.2,11.56
853,30.8,61.1,11.55
854,30.8,61.0,11.53
855,30.8,60.9,11.52
856,30.8,61.0,11.51
857,30.8,60.9,11.49
858,30.8,61.0,11.48
859,30.8,61.0,11.47
860,30.8,60.9,11.45
861,30.8,61.0,11.44
862,30.8,60.9,11.43
863,30.8,60.8,11.41
864,30.8,60.9,11.4
865,30.8,60.9,11.39
866,30.8,61.0,11.37
867,30.8,61.0,11.36
868,30.8,60.9,11.35
869,30.8,61.0,11.33
870,30.8,60.9,11.32
871,30.8,61.0,11.31
872,30.8,61.0,11.3
873,30.8,61.1,11.28
874,30.8,61.1,11.27
875,30.8,61.0,11.26
876,30.8,61.0,11.24
877,30.8,61.0,11.23
878,30.8,61.0,11.22
879,30.8,61.1,11.21
880,30.8,61.1,11.19
881,30.8,61.2,11.18
882,30.8,61.1,11.17
883,30.8,61.2,11.16
884,30.8,61.2,11.14
885,30.8,61.2,11.13
886,30.8,61.3,11.12
887,30.8,61.3,11.1
888,30.8,61.3,11.09
889,30.8,61.2,11.08
890,30.8,61.2,11.07
891,30.8,61.2,11.05
892,30.8,61.2,11.04
893,30.8,61.1,11.03
894,30.8,61.2,11.02
895,30.8,61.2,11.01
896,30.8,61.3,10.99
897,30.8,61.2,10.98
898,30.8,61.2,10.97
899,30.8,61.2,10.96
900,30.8,61.2,10.94
901,30.8,61.2,10.93
902,30.8,61.1,10.92
903,30.8,61.0,10.91
904,30.8,61.1,10.9
905,30.8,61.1,10.88
906,30.8,61.0,10.87
907,30.8,61.1,10.86
908,30.8,61.1,10.85
909,30.8,61.1,10.84
910,30.8,61.1,10.82
911,30.8,61.1,10.81
912,30.8,61.1,10.8
913,30.8,61.1,10.79
914,30.8,61.1,10.78
915,30.8,61.0,10.77
916,30.8,61.0,10.75
917,30.8,61.1,10.74
918,30.8,61.0,10.73
919,30.8,61.0,10.72
920,30.8,61.0,10.71
921,30.8,60.9,10.69
922,30.8,61.0,10.68
923,30.8,61.0,10.67
924,30.8,61.0,10.66
925,30.8,61.1,10.65
926,30.8,61.1,10.64
927,30.8,61.1,10.63
928,30.8,61.1,10.61
929,30.8,61.1,10.6
930,30.8,61.2,10.59
931,30.8,61.1,10.58
932,30.8,61.1,10.57
933,30.8,61.1,10.56
934,30.8,61.1,10.55
935,30.8,61.1,10.53
936,30.8,61.0,10.52
937,30.8,60.9,10.51
938,30.8,60.9,10.5
939,30.8,60.9,10.49
940,30.8,61.0,10.48
941,30.8,60.9,10.47
942,30.8,60.9,10.46
943,30.8,61.0,10.45
944,30.8,61.0,10.43
945,30.8,61.1,10.42
946,30.8,61.1,10.41
947,30.8,61.1,10.4
948,30.8,61.1,10.39
949,30.8,61.1,10.38
950,30.8,61.2,10.37
951,30.8,61.1,10.36
952,30.8,61.0,10.35
953,30.8,61.0,10.34
954,30.8,60.9,10.32
955,30.8,60.9,10.31
956,30.8,60.9,10.3
957,30.8,60.8,10.29
958,30.8,60.8,10.28
959,30.8,60.7,10.27
960,30.8,60.6,10.26
961,30.8,60.7,10.25
962,30.8,60.6,10.24
963,30.8,60.6,10.23
964,30.8,60.6,10.22
965,30.8,60.6,10.21
966,30.8,60.7,10.2
967,30.8,60.7,10.19
968,30.8,60.6,10.18
969,30.8,60.7,10.17
970,30.8,60.7,10.15
971,30.8,60.7,10.14
972,30.8,60.7,10.13
973,30.8,60.6,10.12
974,30.8,60.7,10.11
975,30.8,60.7,10.1
976,30.8,60.8,10.09
977,30.8,60.8,10.08
978,30.8,60.8,10.07
979,30.8,60.8,10.06
980,30.8,60.8,10.05
981,30.8,60.9,10.04
982,30.8,60.9,10.03
983,30.8,60.8,10.02
984,30.8,60.9,10.01
985,30.8,60.9,10.0
986,30.8,61.0,9.99
987,30.8,61.0,9.98
988,30.8,61.0,9.97
989,30.8,61.0,9.96
990,30.8,61.0,9.95
991,30.8,61.0,9.94
992,30.8,61.0,9.93
993,30.8,61.0,9.92
994,30.8,61.1,9.91
995,30.8,61.0,9.9
996,30.8,60.9,9.89
997,30.8,60.9,9.88
998,30.8,60.9,9.87
999,30.8,60.9,9.86
1000,30.8,60.9,9.85
1001,30.8,60.8,9.84
1002,30.8,60.8,9.83
1003,30.8,60.8,9.82
1004,30.8,60.9,9.81
1005,30.8,60.8,9.8
1006,30.8,60.7,9.79
1007,30.8,60.7,9.78
1008,30.8,60.7,9.77
1009,30.8,60.7,9.76
1010,30.8,60.7,9.75
1011,30.8,60.7,9.74
1012,30.8,60.8,9.73
1013,30.8,60.8,9.72
1014,30.8,60.8,9.71
1015,30.8,60.8,9.7
1016,30.8,60.7,9.69
1017,30.8,60.8,9.69
1018,30.8,60.7,9.68
1019,30.8,60.7,9.67
1020,30.8,60.7,9.66
1021,30.8,60.6,9.65
1022,30.8,60.7,9.64
1023,30.8,60.6,9.63
1024,30.8,60.6,9.62
1025,30.8,60.7,9.61
1026,30.8,60.6,9.6
1027,30.8,60.7,9.59
1028,30.8,60.6,9.58
1029,30.8,60.5,9.57
1030,30.8,60.6,9.56
1031,30.8,60.6,9.55
1032,30.8,60.7,9.54
1033,30.8,60.6,9.54
1034,30.8,60.6,9.53
1035,30.8,60.6,9.52
1036,30.8,60.5,9.51
1037,30.8,60.5,9.5
1038,30.8,60.5,9.49
1039,30.8,60.4,9.48
1040,30.8,60.4,9.47
1041,30.8,60.3,9.46
1042,30.8,60.4,9.45
1043,30.8,60.3,9.44
1044,30.8,60.3,9.43
1045,30.8,60.4,9.43
1046,30.8,60.4,9.42
1047,30.8,60.4,9.41
1048,30.8,60.3,9.4
1049,30.8,60.2,9.39
1050,30.8,60.3,9.38
1051,30.8,60.3,9.37
1052,30.8,60.4,9.36
1053,30.8,60.3,9.35
1054,30.8,60.3,9.35
1055,30.8,60.3,9.34
1056,30.8,60.3,9.33
1057,30.8,60.3,9.32
1058,30.8,60.3,9.31
1059,30.8,60.3,9.3
1060,30.8,60.3,9.29
1061,30.8,60.3,9.28
1062,30.8,60.4,9.27
1063,30.8,60.3,9.27
1064,30.8,60.3,9.26
1065,30.8,60.3,9.25
1066,30.8,60.2,9.24
1067,30.8,60.3,9.23
1068,30.8,60.2,9.22
1069,30.8,60.1,9.21
1070,30.8,60.1,9.21
1071,30.8,60.1,9.2
1072,30.8,60.1,9.19
1073,30.8,60.1,9.18
1074,30.8,60.1,9.17
1075,30.8,60.2,9.16
1076,30.8,60.1,9.15
1077,30.8,60.2,9.15
1078,30.8,60.1,9.14
1079,30.8,60.1,9.13
1080,30.8,60.2,9.12
1081,30.8,60.2,9.11
1082,30.8,60.3,9.1
1083,30.8,60.2,9.1
1084,30.8,60.2,9.09
1085,30.8,60.2,9.08
1086,30.8,60.2,9.07
1087,30.8,60.3,9.06
1088,30.8,60.2,9.05
1089,30.8,60.2,9.04
1090,30.8,60.2,9.04
1091,30.8,60.2,9.03
1092,30.8,60.2,9.02
1093,30.8,60.1,9.01
1094,30.8,60.1,9.0
1095,30.8,60.1,9.0
1096,30.8,60.1,8.99
1097,30.8,60.1,8.98
1098,30.8,60.1,8.97
1099,30.8,60.1,8.96
1100,30.8,60.1,8.95
1101,30.8,60.1,8.95
1102,30.8,60.1,8.94
1103,30.8,60.0,8.93
1104,30.8,60.0,8.92
1105,30.8,60.0,8.91
1106,30.8,60.0,8.91
1107,30.8,60.1,8.9
1108,30.8,60.1,8.89
1109,30.8,60.1,8.88
1110,30.8,60.1,8.87
1111,30.8,60.1,8.87
1112,30.8,60.2,8.86
1113,30.8,60.2,8.85
1114,30.8,60.2,8.84
1115,30.8,60.3,8.83
1116,30.8,60.3,8.83
1117,30.8,60.3,8.82
1118,30.8,60.2,8.81
1119,30.8,60.2,8.8
1120,30.8,60.3,8.79
1121,30.8,60.3,8.79
1122,30.8,60.3,8.78
1123,30.8,60.4,8.77
1124,30.8,60.4,8.76
1125,30.8,60.4,8.76
1126,30.8,60.3,8.75
1127,30.8,60.2,8.74
1128,30.8,60.3,8.73
1129,30.8,60.3,8.72
1130,30.8,60.3,8.72
1131,30.8,60.3,8.71
1132,30.8,60.2,8.7
1133,30.8,60.2,8.69
1134,30.8,60.1,8.69
1135,30.8,60.2,8.68
1136,30.8,60.2,8.67
1137,30.8,60.2,8.66
1138,30.8,60.3,8.66
1139,30.8,60.2,8.65
1140,30.8,60.2,8.64
1141,30.8,60.2,8.63
1142,30.8,60.2,8.63
1143,30.8,60.1,8.62
1144,30.8,60.1,8.61
1145,30.8,60.1,8.6
1146,30.8,60.1,8.6
1147,30.8,60.2,8.59
1148,30.8,60.2,8.58
1149,30.8,60.1,8.57
1150,30.8,60.1,8.57
1151,30.8,60.0,8.56
1152,30.8,60.1,8.55
1153,30.8,60.1,8.54
1154,30.8,60.1,8.54
1155,30.8,60.1,8.53
1156,30.8,60.1,8.52
1157,30.8,60.2,8.51
1158,30.8,60.1,8.51
1159,30.8,60.1,8.5
1160,31.9,60.2,10.22
1161,31.9,60.1,10.21
1162,31.9,60.2,10.2
1163,31.9,60.2,10.19
1164,31.9,60.2,10.18
1165,31.9,60.2,10.17
1166,31.9,60.2,10.16
1167,31.9,60.2,10.15
1168,31.9,60.2,10.15
1169,31.9,60.2,10.14
1170,31.9,60.2,10.13
1171,31.9,60.2,10.12
1172,31.9,60.2,10.11
1173,31.9,60.3,10.1
1174,31.9,60.3,10.09
1175,31.9,60.3,10.09
1176,31.9,60.3,10.08
1177,31.9,60.3,10.07
1178,31.9,60.4,10.06
1179,31.9,60.3,10.05
1180,31.9,60.3,10.04
1181,31.9,60.3,10.03
1182,31.9,60.3,10.03
1183,31.9,60.3,10.02
1184,31.9,60.2,10.01
1185,31.9,60.2,10.0
1186,31.9,60.2,9.99
1187,31.9,60.2,9.98
1188,31.9,60.1,9.97
1189,31.9,60.1,9.97
1190,31.9,60.1,9.96
1191,31.9,60.0,9.95
1192,31.9,60.1,9.94
1193,31.9,60.0,9.93
1194,31.9,60.1,9.92
1195,31.9,60.1,9.92
1196,31.9,60.0,9.91
1197,31.9,60.1,9.9
1198,31.9,60.0,9.89
1199,31.9,60.0,9.88
1200,31.9,59.9,9.88
1201,31.9,60.0,9.87
1202,31.9,60.0,9.86
1203,31.9,60.0,9.85
1204,31.9,60.0,9.84
1205,31.9,60.1,9.83
1206,31.9,60.0,9.83
1207,31.9,60.0,9.82
1208,31.9,60.0,9.81
1209,31.9,60.0,9.8
1210,31.9,60.1,9.79
1211,31.9,60.0,9.79
1212,31.9,60.0,9.78
1213,31.9,60.0,9.77
1214,35.0,60.0,12.19
1215,35.0,59.9,12.18
1216,35.0,60.0,12.17
1217,35.0,60.0,12.16
1218,35.0,60.0,12.15
1219,35.0,60.0,12.14
1220,35.0,60.0,12.13
1221,35.0,60.0,12.12
1222,35.0,60.0,12.11
1223,35.0,59.9,12.1
1224,35.0,59.9,12.09
1225,35.0,59.8,12.08
1226,35.0,59.9,12.07
1227,35.0,59.8,12.06
1228,35.0,59.8,12.05
1229,35.0,59.8,12.04
1230,37.4,59.8,14.43
1231,37.4,59.8,14.42
1232,37.4,59.8,14.41
1233,37.4,59.8,14.4
1234,37.4,59.8,14.38
1235,37.4,59.8,14.37
1236,37.4,59.8,14.36
1237,37.4,59.8,14.35
1238,37.4,59.8,14.34
1239,37.4,59.8,14.33
1240,37.4,59.8,14.31
1241,37.4,59.8,14.3
1242,37.4,59.7,14.29
1243,37.4,59.8,14.28
1244,37.4,59.8,14.27
1245,37.4,59.8,14.26
1246,37.4,59.9,14.25
1247,37.4,59.8,14.23
1248,37.4,59.9,14.22
1249,37.4,59.9,14.21
1250,37.4,59.8,14.2
1251,37.4,59.9,14.19
1252,37.4,59.9,14.18
1253,37.4,59.9,14.17
1254,37.4,59.9,14.15
1255,37.4,59.9,14.14
1256,37.4,60.0,14.13
1257,37.4,60.0,14.12
1258,37.4,59.9,14.11
1259,37.4,59.9,14.1
1260,37.4,59.9,14.09
1261,37.4,60.0,14.08
1262,37.4,59.9,14.06
1263,37.4,59.9,14.05
1264,37.4,60.0,14.04
1265,37.4,60.0,14.03
1266,37.4,60.0,14.02
1267,37.4,60.0,14.01
1268,37.4,60.0,14.0
1269,37.4,60.0,13.99
1270,37.4,60.0,13.98
1271,37.4,60.0,13.97
1272,37.4,60.1,13.95
1273,37.4,60.0,13.94
1274,37.4,60.0,13.93
1275,37.4,60.1,13.92
1276,37.4,60.1,13.91
1277,37.4,60.1,13.9
1278,37.4,60.0,13.89
1279,37.4,60.0,13.88
1280,37.4,60.1,13.87
1281,37.4,60.1,13.86
1282,37.4,60.1,13.85
1283,37.4,60.0,13.83
1284,37.4,60.0,13.82
1285,37.4,60.0,13.81
1286,37.4,60.0,13.8
1287,37.4,60.0,13.79
1288,37.4,60.0,13.78
1289,37.4,60.0,13.77
1290,37.4,60.1,13.76
1291,37.4,60.1,13.75
1292,37.4,60.1,13.74
1293,37.4,60.2,13.73
1294,37.4,60.1,13.72
1295,37.4,60.1,13.71
1296,37.4,60.0,13.7
1297,37.4,60.0,13.69
1298,37.4,59.9,13.67
1299,37.4,60.0,13.66
1300,37.4,59.9,13.65
1301,36.9,59.9,14.95
1302,36.9,59.9,14.94
1303,36.9,59.9,14.93
1304,36.9,60.0,14.92
1305,37.8,59.9,16.78
1306,37.8,59.9,16.77
1307,37.8,59.9,16.76
1308,37.8,59.9,16.74
1309,37.8,60.0,16.73
1310,37.8,60.0,16.72
1311,37.8,60.0,16.7
1312,37.8,60.1,16.69
1313,37.8,60.0,16.68
1314,37.8,60.0,16.67
1315,37.8,60.0,16.65
1316,37.8,60.0,16.64
1317,36.8,60.0,17.69
1318,36.8,59.9,17.68
1319,36.8,59.9,17.66
1320,36.8,59.9,17.65
1321,36.8,59.9,17.64
1322,36.8,59.8,17.62
1323,36.8,59.9,17.61
1324,36.8,59.9,17.6
1325,36.8,59.9,17.58
1326,36.8,60.0,17.57
1327,36.8,60.0,17.56
1328,36.8,60.0,17.55
1329,36.8,60.0,17.53
1330,36.8,60.0,17.52
1331,36.8,60.0,17.51
1332,36.8,60.0,17.49
1333,36.8,59.9,17.48
1334,36.8,60.0,17.47
1335,36.8,60.0,17.45
1336,36.8,60.0,17.44
1337,36.8,60.0,17.43
1338,36.8,59.9,17.41
1339,36.8,59.9,17.4
1340,36.8,59.9,17.39
1341,36.8,59.9,17.38
1342,36.8,59.8,17.36
1343,36.8,59.8,17.35
1344,36.8,59.7,17.34
1345,36.8,59.7,17.32
1346,36.8,59.7,17.31
1347,36.8,59.7,17.3
1348,36.8,59.6,17.28
1349,36.8,59.6,17.27
1350,36.8,59.6,17.26
1351,36.8,59.6,17.25
1352,36.8,59.6,17.23
1353,36.8,59.6,17.22
1354,36.8,59.7,17.21
1355,36.8,59.7,17.2
1356,36.8,59.7,17.18
1357,36.8,59.8,17.17
1358,36.8,59.8,17.16
1359,36.8,59.8,17.14
1360,36.8,59.9,17.13
1361,36.8,59.9,17.12
1362,36.8,59.9,17.11
1363,36.8,59.9,17.09
1364,36.8,59.9,17.08
1365,36.8,59.9,17.07
1366,36.8,59.9,17.06
1367,36.8,59.9,17.04
1368,36.8,59.9,17.03
1369,36.8,60.0,17.02
1370,36.8,60.0,17.01
1371,36.8,60.0,16.99
1372,36.8,60.1,16.98
1373,36.8,60.0,16.97
1374,36.8,60.0,16.96
1375,36.8,60.0,16.95
1376,36.8,60.0,16.93
1377,36.8,60.0,16.92
1378,36.8,60.0,16.91
1379,36.8,60.0,16.9
1380,36.8,59.9,16.88
1381,36.8,59.9,16.87
1382,36.8,59.8,16.86
1383,36.8,59.9,16.85
1384,36.8,59.8,16.84
1385,36.8,59.9,16.82
1386,36.8,59.8,16.81
1387,36.8,59.8,16.8
1388,36.8,59.8,16.79
1389,36.8,59.8,16.77
1390,36.8,59.9,16.76
1391,36.8,59.8,16.75
1392,36.8,59.8,16.74
1393,36.8,59.9,16.73
1394,36.8,59.8,16.71
1395,36.8,59.9,16.7
1396,36.8,59.9,16.69
1397,36.8,59.9,16.68
1398,36.8,59.9,16.67
1399,36.8,59.9,16.65
1400,36.8,59.9,16.64
1401,36.8,59.9,16.63
1402,36.8,59.9,16.62
1403,36.8,59.9,16.61
1404,36.8,59.9,16.6
1405,36.8,59.9,16.58
1406,36.8,60.0,16.57
1407,36.8,59.9,16.56
1408,36.8,59.9,16.55
1409,36.8,60.0,16.54
1410,36.8,59.9,16.52
1411,36.8,59.9,16.51
1412,36.8,59.9,16.5
1413,36.8,59.9,16.49
1414,36.8,59.9,16.48
1415,36.8,59.9,16.47
1416,36.8,59.9,16.45
1417,36.8,59.8,16.44
1418,36.8,59.9,16.43
1419,36.8,59.8,16.42
1420,36.8,59.9,16.41
1421,36.8,59.9,16.4
1422,36.8,59.9,16.39
1423,36.8,59.9,16.37
1424,36.8,59.8,16.36
1425,36.8,59.9,16.35
1426,36.8,59.9,16.34
1427,36.8,59.8,16.33
1428,36.8,59.9,16.32
1429,36.8,59.9,16.31
1430,36.8,59.9,16.29
1431,36.8,59.9,16.28
1432,36.8,59.8,16.27
1433,36.8,59.9,16.26
1434,36.8,59.9,16.25
1435,36.8,59.9,16.24
1436,36.8,59.8,16.23
1437,36.8,59.8,16.21
1438,36.8,59.8,16.2
1439,36.8,59.8,16.19
1440,36.8,59.8,16.18
1441,36.8,59.8,16.17
1442,36.8,59.8,16.16
1443,36.8,59.8,16.15
1444,36.8,59.8,16.14
1445,36.8,59.8,16.12
1446,36.8,59.8,16.11
1447,36.8,59.8,16.1
1448,36.8,59.7,16.09
1449,36.8,59.7,16.08
1450,36.8,59.7,16.07
1451,36.8,59.6,16.06
1452,36.8,59.6,16.05
1453,36.8,59.6,16.04
1454,36.8,59.6,16.02
1455,36.8,59.6,16.01
1456,36.8,59.5,16.0
1457,36.8,59.6,15.99
1458,36.8,59.5,15.98
1459,36.8,59.6,15.97
1460,36.8,59.6,15.96
1461,36.8,59.5,15.95
1462,36.8,59.6,15.94
1463,36.8,59.6,15.93
1464,36.8,59.6,15.92
1465,36.8,59.7,15.9
1466,36.8,59.7,15.89
1467,36.8,59.7,15.88
1468,36.8,59.7,15.87
1469,36.8,59.8,15.86
1470,36.8,59.7,15.85
1471,36.8,59.8,15.84
1472,36.8,59.8,15.83
1473,36.8,59.8,15.82
1474,36.8,59.8,15.81
1475,36.8,59.8,15.8
1476,36.8,59.8,15.79
1477,36.8,59.8,15.78
1478,36.8,59.7,15.76
1479,36.8,59.8,15.75
1480,36.8,59.8,15.74
1481,36.8,59.8,15.73
1482,36.8,59.9,15.72
1483,36.8,59.8,15.71
1484,36.8,59.8,15.7
1485,36.8,59.8,15.69
1486,36.8,59.8,15.68
1487,36.8,59.9,15.67
1488,36.8,59.9,15.66
1489,36.8,59.8,15.65
1490,36.8,59.9,15.64
1491,36.8,59.9,15.63
1492,36.8,59.9,15.62
1493,36.8,59.8,15.61
1494,36.8,59.8,15.6
1495,36.8,59.8,15.59
1496,36.8,59.8,15.57
1497,36.8,59.8,15.56
1498,36.8,59.8,15.55
1499,36.8,59.8,15.54
1500,36.8,59.9,15.53
1501,36.8,59.8,15.52
1502,36.8,59.9,15.51
1503,36.8,59.8,15.5
1504,36.8,59.8,15.49
1505,36.8,59.9,15.48
1506,36.8,59.8,15.47
1507,36.8,59.9,15.46
1508,36.8,59.9,15.45
1509,36.8,59.8,15.44
1510,36.8,59.9,15.43
1511,36.8,59.9,15.42
1512,36.8,59.9,15.41
1513,36.8,59.9,15.4
1514,36.8,59.9,15.39
1515,36.8,59.9,15.38
1516,36.8,59.9,15.37
1517,36.8,59.9,15.36
1518,36.8,59.9,15.35
1519,36.8,59.9,15.34
1520,36.8,59.9,15.33
1521,36.8,60.0,15.32
1522,36.8,59.9,15.31
1523,36.8,59.9,15.3
1524,36.8,60.0,15.29
1525,36.8,60.0,15.28
1526,36.8,60.0,15.27
1527,36.8,59.9,15.26
1528,36.8,59.9,15.25
1529,36.8,60.0,15.24
1530,36.8,60.0,15.23
1531,36.8,60.0,15.22
1532,36.8,60.1,15.21
1533,36.8,60.0,15.2
1534,36.8,60.0,15.19
1535,36.8,60.1,15.18
1536,36.8,60.1,15.17
1537,36.8,60.1,15.16
1538,36.8,60.1,15.15
1539,36.8,60.0,15.14
1540,36.8,60.0,15.13
1541,36.8,60.0,15.12
1542,36.8,60.1,15.11
1543,36.2,60.0,16.1
1544,36.2,60.0,16.09
1545,36.2,60.1,16.08
1546,36.2,60.1,16.07
1547,36.2,60.1,16.06
1548,36.2,60.0,16.05
1549,36.2,60.0,16.04
1550,36.2,60.1,16.03
1551,36.2,60.0,16.02
1552,36.2,60.0,16.01
1553,36.2,60.0,16.0
1554,36.2,60.0,15.99
1555,36.2,60.1,15.98
1556,36.2,60.0,15.97
1557,36.2,60.1,15.96
1558,36.2,60.1,15.95
1559,36.2,60.1,15.94
1560,36.2,60.1,15.93
1561,36.2,60.0,15.92
1562,36.2,60.0,15.91
1563,36.2,60.0,15.9
1564,36.2,60.0,15.89
1565,36.2,60.0,15.88
1566,36.2,60.0,15.87
1567,36.2,60.0,15.86
1568,36.2,60.0,15.85
1569,36.2,60.0,15.84
1570,36.2,60.0,15.83
1571,36.2,60.0,15.82
1572,36.2,60.0,15.81
1573,36.2,60.0,15.8
1574,36.2,60.0,15.79
1575,36.2,60.1,15.78
1576,36.2,60.0,15.77
1577,36.2,60.1,15.76
1578,36.2,60.0,15.75
1579,36.2,60.0,15.74
1580,36.2,60.1,15.73
1581,36.2,60.0,15.72
1582,36.2,60.1,15.71
1583,36.2,60.0,15.7
1584,36.2,60.0,15.69
1585,36.2,59.9,15.68
1586,36.2,59.9,15.67
1587,36.2,59.9,15.66
1588,36.2,59.9,15.65
1589,36.2,59.9,15.64
1590,36.2,59.9,15.63
1591,36.2,59.8,15.62
1592,36.2,59.9,15.61
1593,36.2,59.8,15.6
1594,36.2,59.8,15.59
1595,36.2,59.8,15.58
1596,36.2,59.8,15.57
1597,36.2,59.9,15.56
1598,36.2,59.8,15.55
1599,36.6,59.8,16.89
1600,36.6,59.8,16.88
1601,36.6,59.8,16.86
1602,36.6,59.8,16.85
1603,36.6,59.8,16.84
1604,36.6,59.7,16.83
1605,36.6,59.7,16.82
1606,36.6,59.7,16.81
1607,36.6,59.7,16.8
1608,36.6,59.7,16.79
1609,36.6,59.7,16.78
1610,36.6,59.7,16.77
1611,36.6,59.7,16.76
1612,36.6,59.7,16.75
1613,36.6,59.6,16.74
1614,36.6,59.7,16.73
1615,36.6,59.7,16.72
1616,36.6,59.7,16.71
1617,36.6,59.7,16.7
1618,36.6,59.7,16.69
1619,36.6,59.7,16.68
1620,36.6,59.7,16.67
1621,36.6,59.7,16.66
1622,36.6,59.7,16.65
1623,36.6,59.7,16.64
1624,36.6,59.7,16.63
1625,36.6,59.7,16.62
1626,36.6,59.7,16.61
1627,36.6,59.7,16.59
1628,36.6,59.8,16.58
1629,36.6,59.8,16.57
1630,36.6,59.8,16.56
1631,36.6,59.8,16.55
1632,36.6,59.9,16.54
1633,36.6,59.9,16.53
1634,36.6,59.9,16.52
1635,36.6,59.9,16.51
1636,36.6,59.9,16.5
1637,36.6,59.9,16.49
1638,36.6,59.9,16.48
1639,36.6,59.9,16.47
1640,36.6,59.9,16.46
1641,36.6,60.0,16.45
1642,36.6,60.0,16.44
1643,36.6,60.0,16.43
1644,36.6,60.0,16.42
1645,36.6,60.1,16.41
1646,36.6,60.1,16.4
1647,36.6,60.0,16.39
1648,36.6,60.0,16.38
1649,36.6,60.0,16.37
1650,36.6,60.1,16.36
1651,36.6,60.1,16.35
1652,36.6,60.0,16.34
1653,36.6,60.1,16.33
1654,36.6,60.1,16.32
1655,36.6,60.1,16.31
1656,36.6,60.1,16.3
1657,36.6,60.0,16.29
1658,36.6,60.0,16.28
1659,36.6,60.0,16.27
1660,36.6,59.9,16.27
1661,36.6,59.9,16.26
1662,36.6,59.9,16.25
1663,36.6,60.0,16.24
1664,36.6,59.9,16.23
1665,36.6,59.9,16.22
1666,36.6,60.0,16.21
1667,36.6,60.0,16.2
1668,36.6,60.0,16.19
1669,36.6,60.0,16.18
1670,36.6,59.9,16.17
1671,36.6,59.9,16.16
1672,36.6,59.9,16.15
1673,36.6,59.9,16.14
1674,36.6,59.9,16.13
1675,36.6,59.9,16.12
1676,36.6,60.0,16.11
1677,36.6,60.0,16.1
1678,36.6,60.0,16.09
1679,36.6,59.9,16.08
1680,36.6,59.9,16.07
1681,36.6,59.9,16.06
1682,36.6,59.9,16.05
1683,36.6,59.9,16.04
1684,36.6,59.9,16.03
1685,36.6,59.9,16.02
1686,36.6,59.9,16.01
1687,36.6,59.9,16.0
1688,36.6,59.8,16.0
1689,36.6,59.8,15.99
1690,36.6,59.8,15.98
1691,36.6,59.8,15.97
1692,36.6,59.9,15.96
1693,36.6,59.9,15.95
1694,36.6,59.9,15.94
1695,36.6,59.8,15.93
1696,36.6,59.8,15.92
1697,36.6,59.8,15.91
1698,36.6,59.8,15.9
1699,36.6,59.8,15.89
1700,36.6,59.8,15.88
1701,36.6,59.8,15.87
1702,36.6,59.8,15.86
1703,36.6,59.8,15.85
1704,36.6,59.9,15.85
1705,36.6,59.9,15.84
1706,36.6,59.9,15.83
1707,36.6,59.9,15.82
1708,36.6,59.9,15.81
1709,36.6,59.9,15.8
1710,36.6,59.9,15.79
1711,36.6,59.9,15.78
1712,36.6,59.9,15.77
1713,36.6,59.9,15.76
1714,36.6,59.9,15.75
1715,36.6,59.8,15.74
1716,36.6,59.8,15.73
1717,36.6,59.8,15.73
1718,36.6,59.8,15.72
1719,36.6,59.8,15.71
1720,36.6,59.8,15.7
1721,36.6,59.7,15.69
1722,36.6,59.8,15.68
1723,36.6,59.8,15.67
1724,36.6,59.8,15.66
1725,36.6,59.8,15.65
1726,36.6,59.8,15.64
1727,36.6,59.8,15.63
1728,36.6,59.8,15.62
1729,36.6,59.8,15.62
1730,36.6,59.8,15.61
1731,36.6,59.8,15.6
1732,36.6,59.8,15.59
1733,36.6,59.8,15.58
1734,36.6,59.7,15.57
1735,36.6,59.8,15.56
1736,36.6,59.8,15.55
1737,36.6,59.8,15.54
1738,36.6,59.8,15.54
1739,36.6,59.7,15.53
1740,36.6,59.7,15.52
1741,36.6,59.7,15.51
1742,36.6,59.7,15.5
1743,36.6,59.7,15.49
1744,36.6,59.7,15.48
1745,36.6,59.7,15.47
1746,36.6,59.7,15.46
1747,36.6,59.7,15.46
1748,36.6,59.7,15.45
1749,36.6,59.7,15.44
1750,36.6,59.7,15.43
1751,36.6,59.7,15.42
1752,36.6,59.6,15.41
1753,36.6,59.7,15.4
1754,36.6,59.7,15.39
1755,36.6,59.7,15.38
1756,36.6,59.7,15.38
1757,36.6,59.7,15.37
1758,36.6,59.7,15.36
1759,36.6,59.7,15.35
1760,36.6,59.7,15.34
1761,36.6,59.6,15.33
1762,36.6,59.6,15.32
1763,36.6,59.7,15.31
1764,36.6,59.7,15.31
1765,36.6,59.7,15.3
1766,36.6,59.6,15.29
1767,36.6,59.6,15.28
1768,36.6,59.6,15.27
1769,36.6,59.6,15.26
1770,36.6,59.5,15.25
1771,36.6,59.5,15.25
1772,36.6,59.5,15.24
1773,36.6,59.6,15.23
1774,36.6,59.6,15.22
1775,36.6,59.6,15.21
1776,36.6,59.6,15.2
1777,36.6,59.5,15.19
1778,36.6,59.5,15.19
1779,36.6,59.5,15.18
1780,36.6,59.5,15.17
1781,36.6,59.5,15.16
1782,36.6,59.5,15.15
1783,36.6,59.6,15.14
1784,36.6,59.6,15.13
1785,36.6,59.6,15.13
1786,36.6,59.6,15.12
1787,36.6,59.7,15.11
1788,36.6,59.6,15.1
1789,36.6,59.6,15.09
1790,36.6,59.6,15.08
1791,36.6,59.6,15.08
1792,36.6,59.6,15.07
1793,36.6,59.6,15.06
1794,36.6,59.5,15.05
1795,37.6,59.5,16.55
1796,37.6,59.5,16.54
1797,37.6,59.5,16.53
1798,37.6,59.5,16.52
1799,37.6,59.5,16.51
1800,37.6,59.5,16.5
1801,37.6,59.5,16.49
1802,37.6,59.5,16.48
1803,37.6,59.5,16.47
1804,37.6,59.5,16.46
1805,37.6,59.5,16.45
1806,37.6,59.5,16.45
1807,37.6,59.5,16.44
1808,37.6,59.5,16.43
1809,37.6,59.5,16.42
1810,37.6,59.6,16.41
1811,37.6,59.5,16.4
1812,37.6,59.5,16.39
1813,37.6,59.6,16.38
1814,37.6,59.6,16.37
1815,37.6,59.6,16.36
1816,37.6,59.6,16.35
1817,37.6,59.6,16.35
1818,37.6,59.6,16.34
1819,37.6,59.6,16.33
1820,37.6,59.6,16.32
1821,37.6,59.6,16.31
1822,37.6,59.6,16.3
1823,37.6,59.6,16.29
1824,37.6,59.6,16.28
1825,37.6,59.6,16.27
1826,37.6,59.5,16.27
1827,37.6,59.5,16.26
1828,37.6,59.5,16.25
1829,37.6,59.5,16.24
1830,37.6,59.5,16.23
1831,37.6,59.4,16.22
1832,37.6,59.4,16.21
1833,37.6,59.5,16.2
1834,37.6,59.5,16.19
1835,37.6,59.5,16.19
1836,37.6,59.5,16.18
1837,37.6,59.6,16.17
1838,37.6,59.6,16.16
1839,37.6,59.5,16.15
1840,37.6,59.6,16.14
1841,37.6,59.5,16.13
1842,37.6,59.5,16.12
1843,37.6,59.5,16.12
1844,37.6,59.5,16.11
1845,37.6,59.5,16.1
1846,37.6,59.5,16.09
1847,37.6,59.6,16.08
1848,37.6,59.5,16.07
1849,37.6,59.5,16.06
1850,37.6,59.5,16.05
1851,37.6,59.5,16.05
1852,37.6,59.4,16.04
1853,37.6,59.4,16.03
1854,37.6,59.4,16.02
1855,37.6,59.4,16.01
1856,37.6,59.3,16.0
1857,37.6,59.3,15.99
1858,37.6,59.4,15.98
1859,37.6,59.4,15.98
1860,37.6,59.4,15.97
1861,37.6,59.4,15.96
1862,37.6,59.4,15.95
1863,37.6,59.4,15.94
1864,37.6,59.3,15.93
1865,37.6,59.3,15.92
1866,37.6,59.3,15.92
1867,37.6,59.3,15.91
1868,37.6,59.3,15.9
1869,37.6,59.3,15.89
1870,37.6,59.3,15.88
1871,37.6,59.3,15.87
1872,37.6,59.3,15.87
1873,37.6,59.3,15.86
1874,37.6,59.3,15.85
1875,37.6,59.4,15.84
1876,37.6,59.3,15.83
1877,37.6,59.3,15.82
1878,37.6,59.3,15.81
1879,37.6,59.2,15.81
1880,37.6,59.2,15.8
1881,37.6,59.2,15.79
1882,37.6,59.2,15.78
1883,37.6,59.2,15.77
1884,37.6,59.2,15.76
1885,37.6,59.2,15.76
1886,37.6,59.2,15.75
1887,37.6,59.2,15.74
1888,37.6,59.2,15.73
1889,37.6,59.1,15.72
1890,37.6,59.1,15.71
1891,37.6,59.1,15.71
1892,37.6,59.0,15.7
1893,37.6,59.1,15.69
1894,37.6,59.0,15.68
1895,37.6,59.1,15.67
1896,37.6,59.0,15.66
1897,37.6,59.0,15.66
1898,37.6,59.1,15.65
1899,37.6,59.0,15.64
1900,37.6,59.0,15.63
1901,37.6,59.0,15.62
1902,37.6,59.0,15.62
1903,37.6,59.0,15.61
1904,37.6,59.0,15.6
1905,37.6,59.0,15.59
1906,36.7,58.9,16.24
1907,36.7,58.9,16.23
1908,36.7,58.9,16.22
1909,36.7,58.9,16.21
1910,36.7,59.0,16.2
1911,36.7,59.0,16.2
1912,36.7,59.0,16.19
1913,36.7,59.0,16.18
1914,36.7,58.9,16.17
1915,36.7,59.0,16.16
1916,36.7,58.9,16.15
1917,36.7,58.9,16.15
1918,36.7,59.0,16.14
1919,36.7,59.0,16.13
1920,36.7,59.0,16.12
1921,36.7,59.0,16.11
1922,36.7,58.9,16.1
1923,36.7,59.0,16.09
1924,36.7,58.9,16.09
1925,36.7,58.9,16.08
1926,36.7,58.9,16.07
1927,36.7,58.9,16.06
1928,36.7,58.9,16.05
1929,36.7,58.9,16.04
1930,36.7,58.9,16.04
1931,36.7,58.9,16.03
1932,36.7,58.9,16.02
1933,36.7,58.9,16.01
1934,36.7,58.9,16.0
1935,36.7,58.9,15.99
1936,36.7,58.9,15.99
1937,36.7,58.9,15.98
1938,36.7,58.9,15.97
1939,36.7,58.9,15.96
1940,36.7,58.9,15.95
1941,36.7,58.8,15.95
1942,36.7,58.9,15.94
1943,36.7,58.9,15.93
1944,36.7,58.9,15.92
1945,36.7,58.9,15.91
1946,36.7,58.9,15.9
1947,36.7,58.9,15.9
1948,36.7,58.9,15.89
1949,36.7,59.0,15.88
1950,36.7,59.0,15.87
1951,36.7,59.0,15.86
1952,36.7,59.0,15.86
1953,36.7,59.0,15.85
1954,36.7,59.1,15.84
1955,36.7,59.1,15.83
1956,36.7,59.1,15.82
1957,36.7,59.1,15.82
1958,36.7,59.1,15.81
1959,36.7,59.1,15.8
1960,36.7,59.1,15.79
1961,36.7,59.1,15.78
1962,36.7,59.1,15.77
1963,36.7,59.1,15.77
1964,36.7,59.2,15.76
1965,36.7,59.2,15.75
1966,36.7,59.2,15.74
1967,36.7,59.2,15.73
1968,36.7,59.2,15.73
1969,36.7,59.2,15.72
1970,36.7,59.2,15.71
1971,36.7,59.2,15.7
1972,36.7,59.2,15.69
1973,36.7,59.2,15.69
1974,36.7,59.3,15.68
1975,36.7,59.2,15.67
1976,36.7,59.2,15.66
1977,36.7,59.2,15.66
1978,36.7,59.2,15.65
1979,38.6,59.1,17.43
1980,38.6,59.1,17.42
1981,38.6,59.2,17.42
1982,38.6,59.2,17.41
1983,38.6,59.2,17.4
1984,37.8,59.1,18.07
1985,37.8,59.1,18.06
1986,37.8,59.1,18.05
1987,37.8,59.1,18.04
1988,37.8,59.1,18.03
1989,37.8,59.1,18.02
1990,37.8,59.1,18.02
1991,37.8,59.2,18.01
1992,37.8,59.2,18.0
1993,37.8,59.2,17.99
1994,37.8,59.2,17.98
1995,37.8,59.2,17.97
1996,37.8,59.2,17.96
1997,37.8,59.2,17.95
1998,37.8,59.3,17.94
1999,37.8,59.3,17.93
2000,37.8,59.3,17.93
2001,37.8,59.3,17.92
2002,37.8,59.3,17.91
2003,37.8,59.3,17.9
2004,37.8,59.3,17.89
2005,37.8,59.4,17.88
2006,37.8,59.3,17.87
2007,37.8,59.3,17.86
2008,37.8,59.3,17.85
2009,37.8,59.3,17.84
2010,37.8,59.3,17.84
2011,37.8,59.3,17.83
2012,37.8,59.3,17.82
2013,37.8,59.4,17.81
2014,37.8,59.3,17.8
2015,37.8,59.3,17.79
2016,37.8,59.3,17.78
2017,37.8,59.3,17.77
2018,37.8,59.3,17.77
2019,37.8,59.3,17.76
2020,37.8,59.3,17.75
2021,37.8,59.3,17.74
2022,37.8,59.2,17.73
2023,37.8,59.3,17.72
2024,37.8,59.2,17.71
2025,37.8,59.3,17.7
2026,37.8,59.3,17.69
2027,37.8,59.3,17.69
2028,37.8,59.2,17.68
2029,37.8,59.2,17.67
2030,37.8,59.2,17.66
2031,37.8,59.2,17.65
2032,37.8,59.3,17.64
2033,37.8,59.3,17.63
2034,37.8,59.2,17.63
2035,37.8,59.2,17.62
2036,37.8,59.2,17.61
2037,37.8,59.3,17.6
2038,37.8,59.3,17.59
2039,37.8,59.3,17.58
2040,37.8,59.3,17.57
2041,37.8,59.2,17.56
2042,37.8,59.2,17.56
2043,37.8,59.2,17.55
2044,37.8,59.2,17.54
2045,37.8,59.2,17.53
2046,37.8,59.2,17.52
2047,37.8,59.2,17.51
2048,37.8,59.2,17.5
2049,37.8,59.2,17.5
2050,37.8,59.3,17.49
2051,37.8,59.3,17.48
2052,37.8,59.3,17.47
2053,37.8,59.3,17.46
2054,37.8,59.3,17.45
2055,37.8,59.4,17.45
2056,37.8,59.3,17.44
2057,37.8,59.4,17.43
2058,37.8,59.4,17.42
2059,37.8,59.4,17.41
2060,37.8,59.4,17.4
2061,37.8,59.4,17.39
2062,37.8,59.5,17.39
2063,37.8,59.4,17.38
2064,37.8,59.4,17.37
2065,37.8,59.5,17.36
2066,37.8,59.5,17.35
2067,37.8,59.5,17.34
2068,37.8,59.5,17.34
2069,37.8,59.5,17.33
2070,37.8,59.5,17.32
2071,37.8,59.5,17.31
2072,37.8,59.5,17.3
2073,37.8,59.5,17.29
2074,37.3,59.5,18.01
2075,37.3,59.6,18.0
2076,37.0,59.5,18.79
2077,37.0,59.5,18.78
2078,37.0,59.5,18.77
2079,37.0,59.5,18.76
2080,37.0,59.5,18.75
2081,37.0,59.5,18.74
2082,37.0,59.6,18.73
2083,37.0,59.6,18.72
2084,37.0,59.6,18.71
2085,37.0,59.6,18.71
2086,37.0,59.6,18.7
2087,37.0,59.6,18.69
2088,37.0,59.6,18.68
2089,37.0,59.6,18.67
2090,37.0,59.6,18.66
2091,37.0,59.6,18.65
2092,37.0,59.7,18.64
2093,37.0,59.6,18.63
2094,37.0,59.6,18.62
2095,37.0,59.6,18.62
2096,37.0,59.6,18.61
2097,37.0,59.7,18.6
2098,37.0,59.6,18.59
2099,37.0,59.6,18.58
2100,37.0,59.7,18.57
2101,37.0,59.6,18.56
2102,37.0,59.7,18.55
2103,37.0,59.7,18.54
2104,37.0,59.7,18.54
2105,37.0,59.7,18.53
2106,37.0,59.7,18.52
2107,37.0,59.8,18.51
2108,37.0,59.8,18.5
2109,37.0,59.8,18.49
2110,37.0,59.8,18.48
2111,37.0,59.8,18.47
2112,37.0,59.8,18.47
2113,37.0,59.8,18.46
2114,37.0,59.8,18.45
2115,37.0,59.9,18.44
2116,37.0,59.9,18.43
2117,37.0,59.8,18.42
2118,37.0,59.8,18.41
2119,37.0,59.8,18.4
2120,37.0,59.8,18.4
2121,37.0,59.8,18.39
2122,37.0,59.8,18.38
2123,37.0,59.8,18.37
2124,37.0,59.8,18.36
2125,37.0,59.8,18.35
2126,37.0,59.8,18.34
2127,37.0,59.8,18.34
2128,37.0,59.8,18.33
2129,37.0,59.8,18.32
2130,37.0,59.9,18.31
2131,37.0,59.8,18.3
2132,37.0,59.8,18.29
2133,37.0,59.8,18.28
2134,37.0,59.8,18.28
2135,37.0,59.8,18.27
2136,37.0,59.8,18.26
2137,37.0,59.9,18.25
2138,37.0,59.9,18.24
2139,37.0,59.9,18.23
2140,37.0,59.9,18.22
2141,37.0,59.9,18.22
2142,37.0,59.9,18.21
2143,37.0,59.9,18.2
2144,37.0,59.9,18.19
2145,37.0,59.9,18.18
2146,37.0,59.9,18.17
2147,37.0,59.9,18.16
2148,37.0,59.9,18.16
2149,37.0,59.9,18.15
2150,37.0,59.9,18.14
2151,37.0,59.9,18.13
2152,37.0,59.9,18.12
2153,37.0,59.9,18.11
2154,37.0,59.9,18.11
2155,37.0,59.9,18.1
2156,37.0,59.9,18.09
2157,37.0,59.9,18.08
2158,37.0,60.0,18.07
2159,37.0,59.9,18.06
2160,37.0,60.0,18.06
2161,37.0,60.0,18.05
2162,37.0,60.0,18.04
2163,37.0,60.0,18.03
2164,37.0,60.0,18.02
2165,37.0,60.0,18.01
2166,37.0,60.0,18.01
2167,37.0,60.0,18.0
2168,37.0,60.0,17.99
2169,37.0,60.0,17.98
2170,37.0,60.0,17.97
2171,37.0,60.0,17.96
2172,37.0,60.0,17.96
2173,37.0,60.0,17.95
2174,37.0,60.0,17.94
2175,37.0,60.0,17.93
2176,37.0,59.9,17.92
2177,37.0,59.9,17.91
2178,37.0,59.9,17.91
2179,37.0,59.9,17.9
2180,37.0,59.9,17.89
2181,37.0,59.9,17.88
2182,37.0,59.9,17.87
2183,37.0,59.9,17.87
2184,37.0,59.9,17.86
2185,37.0,59.9,17.85
2186,37.0,59.9,17.84
2187,37.0,59.9,17.83
2188,37.0,59.9,17.82
2189,37.0,59.9,17.82
2190,37.0,59.9,17.81
2191,37.0,59.9,17.8
2192,37.0,59.9,17.79
2193,37.0,59.9,17.78
2194,37.0,59.9,17.78
2195,37.0,59.9,17.77
2196,37.0,59.9,17.76
2197,37.0,59.9,17.75
2198,37.0,59.9,17.74
2199,37.0,59.9,17.74
2200,37.0,59.9,17.73
2201,37.0,59.9,17.72
2202,37.0,59.9,17.71
2203,37.0,60.0,17.7
2204,37.0,59.9,17.7
2205,37.0,60.0,17.69
2206,37.0,60.0,17.68
2207,37.0,59.9,17.67
2208,37.0,60.0,17.66
2209,37.0,60.0,17.66
2210,37.0,60.0,17.65
2211,37.0,60.0,17.64
2212,37.0,60.0,17.63
2213,37.0,60.0,17.62
2214,37.0,60.0,17.62
2215,37.0,60.0,17.61
2216,37.0,60.1,17.6
2217,37.0,60.1,17.59
2218,37.0,60.1,17.58
2219,37.0,60.1,17.58
2220,37.0,60.1,17.57
2221,37.0,60.1,17.56
2222,37.0,60.1,17.55
2223,37.0,60.1,17.54
2224,37.0,60.2,17.54
2225,37.0,60.1,17.53
2226,37.0,60.2,17.52
2227,37.0,60.2,17.51
2228,37.0,60.1,17.5
2229,37.0,60.2,17.5
2230,37.0,60.2,17.49
2231,37.0,60.2,17.48
2232,37.0,60.1,17.47
2233,37.0,60.1,17.47
2234,37.0,60.1,17.46
2235,37.0,60.1,17.45
2236,37.0,60.2,17.44
2237,37.0,60.1,17.43
2238,37.0,60.1,17.43
2239,37.0,60.1,17.42
2240,37.0,60.0,17.41
2241,37.0,60.1,17.4
2242,37.0,60.1,17.4
2243,37.0,60.1,17.39
2244,37.0,60.1,17.38
2245,37.0,60.1,17.37
2246,37.0,60.1,17.36
2247,37.0,60.0,17.36
2248,37.0,60.0,17.35
2249,37.0,60.0,17.34
2250,37.0,60.0,17.33
2251,37.0,60.1,17.33
2252,37.0,60.1,17.32
2253,37.0,60.1,17.31
2254,37.0,60.1,17.3
2255,37.0,60.0,17.29
2256,37.0,60.1,17.29
2257,37.0,60.1,17.28
2258,37.0,60.1,17.27
2259,37.0,60.0,17.26
2260,37.0,60.0,17.26
2261,37.0,60.1,17.25
2262,37.0,60.1,17.24
2263,37.0,60.1,17.23
2264,37.0,60.1,17.23
2265,37.0,60.0,17.22
2266,37.0,60.1,17.21
2267,37.0,60.0,17.2
2268,37.0,60.1,17.2
2269,37.0,60.0,17.19
2270,37.0,60.0,17.18
2271,37.0,60.0,17.17
2272,37.0,60.0,17.17
2273,37.0,60.1,17.16
2274,37.0,60.1,17.15
2275,37.0,60.1,17.14
2276,37.0,60.1,17.14
2277,37.0,60.0,17.13
2278,37.0,60.0,17.12
2279,37.0,60.0,17.11
2280,37.0,60.0,17.11
2281,37.0,60.0,17.1
2282,37.0,60.0,17.09
2283,37.0,60.0,17.08
2284,37.0,60.0,17.08
2285,37.0,60.0,17.07
2286,37.0,60.0,17.06
2287,37.0,60.0,17.05
2288,37.0,60.0,17.05
2289,37.0,60.0,17.04
2290,37.0,60.0,17.03
2291,37.0,60.0,17.02
2292,37.0,60.0,17.02
2293,37.0,60.0,17.01
2294,37.0,60.0,17.0
2295,37.0,60.0,16.99
2296,37.0,60.0,16.99
2297,37.0,60.0,16.98
2298,37.0,60.0,16.97
2299,37.0,60.0,16.96
2300,37.0,60.0,16.96
2301,37.0,59.9,16.95
2302,37.0,59.9,16.94
2303,37.0,59.9,16.93
2304,37.0,59.9,16.93
2305,37.0,59.9,16.92
2306,37.0,59.9,16.91
2307,37.0,59.9,16.91
2308,37.0,59.9,16.9
2309,37.0,59.9,16.89
2310,37.0,59.9,16.88
2311,37.0,59.8,16.88
2312,37.0,59.9,16.87
2313,37.0,59.9,16.86
2314,37.0,59.9,16.85
2315,37.0,59.9,16.85
2316,37.0,59.9,16.84
2317,37.0,59.9,16.83
2318,37.0,59.9,16.82
2319,37.0,59.9,16.82
2320,37.0,60.0,16.81
2321,37.0,60.0,16.8
2322,37.0,59.9,16.8
2323,37.0,59.9,16.79
2324,37.0,59.9,16.78
2325,37.0,60.0,16.77
2326,37.0,59.9,16.77
2327,37.0,59.9,16.76
2328,37.0,60.0,16.75
2329,37.0,60.0,16.75
2330,37.0,60.0,16.74
2331,37.0,60.0,16.73
2332,37.0,60.0,16.72
2333,37.0,60.0,16.72
2334,37.0,59.9,16.71
2335,37.0,59.9,16.7
2336,37.0,59.9,16.7
2337,37.0,59.9,16.69
2338,37.0,59.9,16.68
2339,37.0,59.9,16.67
2340,37.0,59.9,16.67
2341,37.0,59.9,16.66
2342,37.0,59.9,16.65
2343,37.0,59.8,16.65
2344,37.0,59.8,16.64
2345,37.0,59.8,16.63
2346,37.0,59.8,16.62
2347,37.0,59.8,16.62
2348,37.0,59.8,16.61
2349,37.0,59.8,16.6
2350,37.0,59.8,16.6
2351,37.0,59.8,16.59
2352,37.0,59.8,16.58
2353,37.0,59.8,16.57
2354,37.0,59.7,16.57
2355,37.0,59.7,16.56
2356,37.0,59.7,16.55
2357,37.0,59.7,16.55
2358,37.0,59.8,16.54
2359,37.0,59.8,16.53
2360,37.0,59.8,16.53
2361,37.0,59.8,16.52
2362,37.0,59.7,16.51
2363,37.0,59.8,16.5
2364,37.0,59.8,16.5
2365,37.0,59.8,16.49
2366,37.0,59.8,16.48
2367,37.0,59.8,16.48
2368,37.0,59.8,16.47
2369,37.0,59.8,16.46
2370,37.0,59.8,16.46
2371,37.0,59.8,16.45
2372,37.0,59.9,16.44
2373,37.0,59.8,16.43
2374,37.0,59.8,16.43
2375,37.0,59.8,16.42
2376,37.0,59.8,16.41
2377,37.0,59.9,16.41
2378,37.0,59.8,16.4
2379,37.0,59.8,16.39
2380,37.0,59.8,16.39
2381,37.0,59.8,16.38
2382,37.0,59.8,16.37
2383,37.0,59.8,16.37
2384,37.0,59.9,16.36
2385,37.0,59.8,16.35
2386,37.0,59.8,16.35
2387,37.0,59.8,16.34
2388,37.0,59.8,16.33
2389,37.0,59.8,16.32
2390,37.0,59.8,16.32
2391,37.0,59.8,16.31
2392,37.0,59.7,16.3
2393,37.0,59.8,16.3
2394,37.0,59.8,16.29
2395,37.0,59.8,16.28
2396,37.0,59.8,16.28
2397,37.0,59.7,16.27
2398,37.0,59.7,16.26
2399,37.0,59.7,16.26
2400,37.0,59.7,16.25
2401,37.0,59.7,16.24
2402,37.0,59.7,16.24
2403,37.0,59.7,16.23
2404,37.0,59.7,16.22
2405,37.0,59.7,16.22
2406,37.0,59.6,16.21
2407,37.0,59.6,16.2
2408,37.0,59.6,16.2
2409,37.0,59.6,16.19
2410,37.0,59.6,16.18
2411,37.0,59.6,16.18
2412,37.0,59.5,16.17
2413,37.0,59.5,16.16
2414,37.0,59.5,16.16
2415,37.0,59.5,16.15
2416,37.0,59.5,16.14
2417,37.0,59.5,16.14
2418,37.0,59.5,16.13
2419,37.0,59.5,16.12
2420,37.0,59.5,16.12
2421,37.0,59.6,16.11
2422,37.0,59.6,16.1
2423,37.0,59.6,16.1
2424,37.0,59.6,16.09
2425,37.0,59.5,16.08
2426,37.0,59.6,16.08
2427,37.0,59.5,16.07
2428,37.0,59.6,16.06
2429,37.0,59.5,16.06
2430,37.0,59.5,16.05
2431,37.0,59.5,16.04
2432,37.0,59.5,16.04
2433,37.0,59.5,16.03
2434,37.0,59.4,16.02
2435,37.0,59.4,16.02
2436,37.0,59.4,16.01
2437,37.0,59.4,16.0
2438,37.0,59.4,16.0
2439,37.0,59.4,15.99
2440,37.0,59.4,15.98
2441,37.0,59.4,15.98
2442,37.0,59.4,15.97
2443,36.3,59.4,16.48
2444,36.3,59.4,16.47
2445,36.3,59.4,16.46
2446,36.3,59.4,16.46
2447,36.3,59.4,16.45
2448,36.3,59.4,16.44
2449,36.3,59.5,16.44
2450,36.3,59.5,16.43
2451,36.3,59.5,16.42
2452,36.3,59.5,16.42
2453,36.3,59.5,16.41
2454,36.3,59.5,16.4
2455,36.3,59.5,16.4
2456,36.3,59.4,16.39
2457,36.3,59.4,16.38
2458,36.3,59.4,16.38
2459,36.3,59.5,16.37
2460,36.3,59.5,16.36
2461,36.3,59.4,16.36
2462,36.3,59.4,16.35
2463,36.3,59.4,16.34
2464,36.3,59.4,16.34
2465,36.3,59.4,16.33
2466,36.3,59.4,16.32
2467,36.3,59.4,16.32
2468,36.3,59.4,16.31
2469,36.3,59.4,16.3
2470,36.3,59.4,16.3
2471,36.3,59.4,16.29
2472,36.3,59.4,16.28
2473,36.3,59.4,16.28
2474,36.3,59.5,16.27
2475,36.3,59.4,16.26
2476,36.3,59.5,16.26
2477,36.3,59.5,16.25
2478,36.3,59.5,16.24
2479,36.3,59.5,16.24
2480,36.3,59.5,16.23
2481,36.3,59.5,16.22
2482,36.3,59.4,16.22
2483,36.3,59.4,16.21
2484,36.3,59.5,16.2
2485,36.3,59.4,16.2
2486,36.3,59.5,16.19
2487,36.3,59.5,16.18
2488,36.3,59.4,16.18
2489,36.3,59.5,16.17
2490,36.3,59.5,16.16
2491,36.3,59.5,16.16
2492,36.3,59.5,16.15
2493,36.3,59.4,16.15
2494,36.3,59.5,16.14
2495,36.3,59.4,16.13
2496,36.3,59.5,16.13
2497,36.3,59.5,16.12
2498,36.3,59.5,16.11
2499,36.3,59.5,16.11
2500,36.3,59.5,16.1
2501,36.3,59.5,16.09
2502,36.3,59.5,16.09
2503,36.3,59.5,16.08
2504,36.3,59.5,16.07
2505,36.3,59.4,16.07
2506,36.3,59.4,16.06
2507,36.3,59.4,16.06
2508,36.3,59.4,16.05
2509,36.3,59.5,16.04
2510,36.3,59.5,16.04
2511,36.3,59.5,16.03
2512,36.3,59.5,16.02
2513,36.3,59.5,16.02
2514,36.3,59.5,16.01
2515,36.3,59.5,16.0
2516,36.3,59.5,16.0
2517,36.3,59.5,15.99
2518,36.3,59.5,15.98
2519,36.3,59.5,15.98
2520,36.3,59.5,15.97
2521,36.3,59.5,15.97
2522,36.3,59.5,15.96
2523,36.3,59.5,15.95
2524,36.3,59.5,15.95
2525,36.3,59.6,15.94
2526,36.3,59.5,15.93
2527,36.3,59.6,15.93
2528,36.3,59.5,15.92
2529,36.3,59.5,15.92
2530,36.3,59.5,15.91
2531,36.3,59.5,15.9
2532,36.3,59.5,15.9
2533,36.3,59.5,15.89
2534,36.3,59.5,15.88
2535,36.3,59.5,15.88
2536,36.3,59.5,15.87
2537,36.3,59.5,15.87
2538,36.3,59.5,15.86
2539,36.3,59.5,15.85
2540,36.3,59.5,15.85
2541,36.3,59.5,15.84
2542,36.3,59.5,15.83
2543,36.3,59.5,15.83
2544,36.3,59.6,15.82
2545,36.3,59.5,15.82
2546,36.3,59.5,15.81
2547,36.3,59.6,15.8
2548,36.3,59.5,15.8
2549,36.3,59.5,15.79
2550,36.3,59.5,15.78
2551,36.3,59.5,15.78
2552,36.3,59.5,15.77
2553,36.3,59.5,15.77
2554,36.3,59.5,15.76
2555,36.3,59.5,15.75
2556,36.3,59.5,15.75
2557,36.3,59.5,15.74
2558,36.3,59.5,15.73
2559,36.3,59.6,15.73
2560,36.3,59.5,15.72
2561,36.3,59.5,15.72
2562,36.3,59.6,15.71
2563,36.3,59.5,15.7
2564,36.3,59.6,15.7
2565,36.3,59.6,15.69
2566,36.3,59.6,15.69
2567,36.3,59.6,15.68
2568,36.3,59.5,15.67
2569,36.3,59.5,15.67
2570,36.3,59.5,15.66
2571,36.3,59.5,15.66
2572,36.3,59.5,15.65
2573,36.3,59.5,15.64
2574,36.3,59.4,15.64
2575,36.3,59.4,15.63
2576,36.3,59.4,15.62
2577,36.3,59.4,15.62
2578,36.3,59.4,15.61
2579,36.3,59.4,15.61
2580,36.3,59.4,15.6
2581,36.3,59.4,15.59
2582,36.3,59.4,15.59
2583,36.3,59.4,15.58
2584,36.3,59.4,15.58
2585,36.3,59.4,15.57
2586,36.3,59.4,15.56
2587,36.3,59.3,15.56
2588,36.3,59.4,15.55
2589,36.3,59.4,15.55
2590,36.3,59.3,15.54
2591,36.3,59.3,15.53
2592,36.3,59.3,15.53
2593,36.3,59.4,15.52
2594,36.3,59.4,15.52
2595,36.3,59.4,15.51
2596,36.3,59.4,15.5
2597,36.3,59.4,15.5
2598,36.3,59.4,15.49
2599,36.3,59.4,15.49
2600,36.3,59.4,15.48
2601,36.3,59.4,15.47
2602,36.3,59.4,15.47
2603,36.3,59.4,15.46
2604,36.3,59.4,15.46
2605,36.3,59.4,15.45
2606,36.3,59.4,15.45
2607,36.3,59.4,15.44
2608,36.3,59.4,15.43
2609,36.3,59.4,15.43
2610,36.3,59.4,15.42
2611,36.3,59.4,15.42
2612,36.3,59.4,15.41
2613,36.3,59.4,15.4
2614,36.3,59.4,15.4
2615,36.3,59.3,15.39
2616,36.3,59.4,15.39
2617,36.7,59.4,16.26
2618,36.7,59.4,16.25
2619,36.7,59.4,16.25
2620,36.7,59.4,16.24
2621,36.7,59.4,16.23
2622,36.7,59.4,16.23
2623,36.7,59.4,16.22
2624,36.7,59.3,16.22
2625,36.7,59.4,16.21
2626,36.7,59.4,16.2
2627,36.7,59.4,16.2
2628,36.7,59.4,16.19
2629,36.7,59.4,16.18
2630,36.7,59.4,16.18
2631,36.7,59.4,16.17
2632,36.7,59.3,16.17
2633,36.7,59.3,16.16
2634,36.7,59.3,16.15
2635,36.7,59.3,16.15
2636,36.7,59.3,16.14
2637,36.7,59.3,16.14
2638,36.7,59.3,16.13
2639,36.7,59.3,16.12
2640,36.7,59.3,16.12
2641,36.7,59.3,16.11
2642,36.7,59.3,16.11
2643,36.7,59.3,16.1
2644,36.7,59.3,16.09
2645,36.7,59.2,16.09
2646,36.7,59.2,16.08
2647,36.7,59.2,16.07
2648,36.7,59.2,16.07
2649,36.7,59.2,16.06
2650,36.7,59.2,16.06
2651,36.7,59.2,16.05
2652,36.7,59.2,16.04
2653,36.7,59.2,16.04
2654,37.1,59.2,16.94
2655,37.1,59.2,16.93
2656,36.6,59.2,17.43
2657,36.6,59.2,17.43
2658,36.6,59.1,17.42
2659,36.6,59.1,17.41
2660,36.6,59.1,17.41
2661,36.6,59.2,17.4
2662,36.6,59.1,17.39
2663,36.6,59.1,17.39
2664,36.6,59.1,17.38
2665,36.6,59.1,17.37
2666,36.6,59.1,17.37
2667,36.6,59.1,17.36
2668,36.6,59.1,17.35
2669,36.6,59.1,17.35
2670,36.6,59.1,17.34
2671,36.6,59.1,17.33
2672,36.6,59.1,17.33
2673,36.6,59.1,17.32
2674,36.6,59.2,17.31
2675,36.6,59.2,17.31
2676,36.6,59.2,17.3
2677,36.6,59.2,17.3
2678,36.6,59.1,17.29
2679,36.6,59.2,17.28
2680,36.6,59.1,17.28
2681,36.6,59.2,17.27
2682,36.6,59.2,17.26
2683,36.6,59.2,17.26
2684,36.6,59.2,17.25
2685,36.6,59.2,17.24
2686,36.6,59.2,17.24
2687,36.6,59.1,17.23
2688,36.6,59.2,17.22
2689,36.6,59.2,17.22
2690,36.6,59.2,17.21
2691,36.6,59.2,17.21
2692,36.6,59.2,17.2
2693,36.6,59.2,17.19
2694,36.6,59.2,17.19
2695,36.6,59.2,17.18
2696,36.6,59.2,17.17
2697,38.0,59.2,18.56
2698,38.0,59.2,18.55
2699,38.0,59.2,18.54
2700,38.0,59.2,18.54
2701,38.0,59.2,18.53
2702,38.0,59.2,18.52
2703,38.0,59.2,18.52
2704,38.0,59.2,18.51
2705,38.0,59.2,18.5
2706,38.0,59.2,18.5
2707,38.0,59.3,18.49
2708,38.0,59.3,18.48
2709,38.0,59.3,18.48
2710,38.0,59.3,18.47
2711,38.0,59.3,18.46
2712,38.0,59.3,18.46
2713,38.0,59.3,18.45
2714,38.0,59.3,18.44
2715,38.0,59.3,18.43
2716,38.0,59.3,18.43
2717,38.0,59.3,18.42
2718,38.0,59.3,18.41
2719,38.0,59.3,18.41
2720,38.0,59.3,18.4
2721,38.0,59.4,18.39
2722,38.0,59.3,18.39
2723,38.0,59.3,18.38
2724,38.0,59.4,18.37
2725,38.0,59.4,18.37
2726,38.0,59.4,18.36
2727,38.0,59.4,18.35
2728,38.0,59.4,18.35
2729,38.0,59.4,18.34
2730,38.0,59.4,18.33
2731,38.0,59.4,18.33
2732,38.0,59.4,18.32
2733,38.0,59.3,18.31
2734,38.0,59.3,18.31
2735,38.0,59.3,18.3
2736,38.0,59.3,18.29
2737,38.0,59.3,18.29
2738,38.0,59.3,18.28
2739,38.0,59.3,18.27
2740,38.0,59.3,18.27
2741,38.0,59.3,18.26
2742,38.0,59.3,18.25
2743,39.0,59.3,19.43
2744,39.0,59.3,19.42
2745,39.0,59.2,19.42
2746,39.0,59.2,19.41
2747,39.0,59.2,19.4
2748,39.0,59.2,19.4
2749,39.0,59.2,19.39
2750,39.0,59.2,19.38
2751,39.0,59.2,19.37
2752,39.0,59.2,19.37
2753,39.0,59.2,19.36
2754,39.0,59.3,19.35
2755,39.0,59.3,19.35
2756,39.0,59.3,19.34
2757,39.0,59.3,19.33
2758,39.0,59.3,19.33
2759,39.0,59.3,19.32
2760,39.0,59.2,19.31
2761,39.0,59.2,19.3
2762,39.0,59.2,19.3
2763,39.0,59.2,19.29
2764,39.0,59.3,19.28
2765,39.0,59.2,19.28
2766,39.0,59.3,19.27
2767,39.0,59.3,19.26
2768,39.0,59.2,19.26
2769,39.0,59.3,19.25
2770,39.0,59.2,19.24
2771,39.0,59.3,19.23
2772,39.0,59.3,19.23
2773,39.0,59.2,19.22
2774,39.0,59.3,19.21
2775,39.0,59.2,19.21
2776,39.0,59.3,19.2
2777,39.0,59.3,19.19
2778,39.0,59.3,19.19
2779,39.0,59.3,19.18
2780,39.0,59.2,19.17
2781,39.0,59.2,19.17
2782,39.0,59.2,19.16
2783,39.0,59.2,19.15
2784,39.0,59.2,19.15
2785,39.0,59.2,19.14
2786,39.0,59.2,19.13
2787,39.0,59.2,19.12
2788,39.0,59.2,19.12
2789,39.0,59.2,19.11
2790,39.0,59.2,19.1
2791,39.0,59.2,19.1
2792,38.8,59.2,19.72
2793,38.8,59.2,19.71
2794,38.8,59.2,19.7
2795,38.8,59.2,19.7
2796,38.8,59.2,19.69
2797,38.8,59.2,19.68
2798,38.8,59.3,19.67
2799,38.8,59.3,19.67
2800,38.8,59.2,19.66
2801,38.8,59.3,19.65
2802,38.8,59.2,19.65
2803,38.8,59.3,19.64
2804,38.8,59.2,19.63
2805,38.8,59.3,19.63
2806,38.8,59.2,19.62
2807,38.8,59.2,19.61
2808,38.8,59.2,19.6
2809,38.8,59.2,19.6
2810,38.8,59.2,19.59
2811,38.8,59.2,19.58
2812,38.8,59.2,19.58
2813,38.8,59.2,19.57
2814,38.8,59.2,19.56
2815,38.8,59.2,19.56
2816,38.8,59.2,19.55
2817,38.8,59.1,19.54
2818,38.8,59.2,19.54
2819,38.8,59.1,19.53
2820,38.8,59.1,19.52
2821,38.8,59.1,19.51
2822,38.8,59.1,19.51
2823,38.8,59.2,19.5
2824,38.8,59.1,19.49
2825,38.8,59.1,19.49
2826,38.8,59.1,19.48
2827,38.8,59.1,19.47
2828,38.8,59.1,19.47
2829,38.8,59.1,19.46
2830,38.8,59.1,19.45
2831,38.8,59.1,19.45
2832,38.8,59.1,19.44
2833,38.8,59.1,19.43
2834,38.8,59.0,19.42
2835,38.8,59.0,19.42
2836,38.8,59.0,19.41
2837,38.8,59.0,19.4
2838,38.8,59.0,19.4
2839,38.8,59.0,19.39
2840,38.8,59.0,19.38
2841,38.8,59.0,19.38
2842,38.8,59.0,19.37
2843,38.8,59.0,19.36
2844,38.8,59.0,19.36
2845,38.8,59.0,19.35
2846,38.8,59.0,19.34
2847,38.8,59.0,19.34
2848,38.8,59.0,19.33
2849,38.8,59.0,19.32
2850,38.8,59.0,19.32
2851,38.8,59.0,19.31
2852,38.8,59.0,19.3
2853,38.8,59.0,19.3
2854,38.8,58.9,19.29
2855,38.8,58.9,19.28
2856,38.8,58.9,19.28
2857,38.8,58.9,19.27
2858,38.8,58.9,19.26
2859,38.8,58.9,19.25
2860,38.8,58.9,19.25
2861,38.8,58.9,19.24
2862,38.8,58.9,19.23
2863,38.8,58.9,19.23
2864,38.8,58.9,19.22
2865,38.8,59.0,19.21
2866,38.8,58.9,19.21
2867,38.8,58.9,19.2
2868,38.8,59.0,19.19
2869,38.8,59.0,19.19
2870,38.8,59.0,19.18
2871,38.8,59.0,19.17
2872,38.8,59.0,19.17
2873,38.8,59.0,19.16
2874,38.8,59.0,19.15
2875,38.8,59.0,19.15
2876,38.8,59.0,19.14
2877,38.8,59.0,19.13
2878,38.8,59.0,19.13
2879,38.8,59.0,19.12
2880,38.8,59.0,19.11
2881,38.8,59.0,19.11
2882,38.8,59.0,19.1
2883,38.8,59.0,19.09
2884,38.8,59.0,19.09
2885,38.8,59.0,19.08
2886,38.8,59.0,19.07
2887,38.8,59.0,19.07
2888,38.8,59.0,19.06
2889,38.8,59.0,19.06
2890,38.8,59.0,19.05
2891,38.8,59.0,19.04
2892,38.8,59.0,19.04
2893,38.8,59.0,19.03
2894,38.8,59.1,19.02
2895,38.8,59.1,19.02
2896,38.8,59.1,19.01
2897,38.8,59.1,19.0
2898,38.8,59.1,19.0
2899,38.8,59.1,18.99
2900,38.8,59.1,18.98
2901,38.8,59.1,18.98
2902,38.8,59.1,18.97
2903,38.8,59.1,18.96
2904,38.8,59.1,18.96
2905,38.8,59.1,18.95
2906,38.8,59.1,18.94
2907,38.8,59.1,18.94
2908,38.8,59.1,18.93
2909,38.8,59.1,18.92
2910,38.8,59.1,18.92
2911,38.8,59.1,18.91
2912,38.8,59.1,18.9
2913,38.8,59.1,18.9
2914,38.8,59.1,18.89
2915,38.8,59.1,18.89
2916,38.8,59.1,18.88
2917,38.8,59.1,18.87
2918,38.8,59.2,18.87
2919,38.8,59.2,18.86
2920,38.8,59.2,18.85
2921,38.8,59.2,18.85
2922,38.8,59.2,18.84
2923,38.8,59.2,18.83
2924,38.8,59.2,18.83
2925,38.8,59.2,18.82
2926,38.8,59.2,18.81
2927,38.8,59.2,18.81
2928,38.8,59.3,18.8
2929,38.8,59.2,18.79
2930,38.8,59.2,18.79
2931,38.8,59.2,18.78
2932,38.8,59.2,18.78
2933,38.8,59.2,18.77
2934,38.8,59.2,18.76
2935,38.8,59.3,18.76
2936,38.8,59.2,18.75
2937,38.8,59.2,18.74
2938,38.8,59.2,18.74
2939,38.8,59.2,18.73
2940,38.8,59.2,18.72
2941,38.8,59.2,18.72
2942,38.8,59.2,18.71
2943,38.8,59.2,18.71
2944,38.8,59.1,18.7
2945,38.8,59.2,18.69
2946,38.8,59.2,18.69
2947,38.8,59.2,18.68
2948,38.8,59.2,18.67
2949,38.8,59.2,18.67
2950,38.6,59.2,19.29
2951,38.6,59.2,19.28
2952,38.6,59.2,19.28
2953,38.6,59.2,19.27
2954,38.6,59.1,19.26
2955,38.6,59.2,19.26
2956,38.6,59.2,19.25
2957,38.6,59.2,19.24
2958,38.6,59.2,19.24
2959,38.6,59.2,19.23
2960,38.6,59.2,19.22
2961,38.3,59.2,19.76
2962,38.3,59.2,19.75
2963,38.3,59.2,19.74
2964,38.3,59.1,19.74
2965,38.3,59.2,19.73
2966,38.3,59.2,19.72
2967,38.3,59.2,19.72
2968,38.3,59.2,19.71
2969,38.3,59.2,19.7
2970,38.3,59.2,19.7
2971,38.3,59.1,19.69
2972,38.3,59.2,19.68
2973,38.3,59.1,19.68
2974,38.3,59.1,19.67
2975,38.3,59.1,19.66
2976,38.3,59.1,19.66
2977,38.3,59.1,19.65
2978,38.3,59.1,19.64
2979,38.3,59.1,19.64
2980,38.3,59.1,19.63
2981,38.3,59.1,19.62
2982,38.3,59.1,19.62
2983,38.3,59.1,19.61
2984,38.3,59.1,19.6
2985,38.3,59.1,19.6
2986,38.3,59.1,19.59
2987,38.3,59.2,19.58
2988,38.3,59.1,19.58
2989,38.3,59.2,19.57
2990,38.3,59.1,19.57
2991,38.3,59.1,19.56
2992,38.3,59.1,19.55
2993,38.3,59.1,19.55
2994,38.3,59.1,19.54
2995,38.3,59.1,19.53
2996,38.3,59.1,19.53
2997,38.3,59.1,19.52
2998,38.3,59.0,19.51
2999,38.3,59.1,19.51
3000,38.3,59.0,19.5
3001,38.3,59.0,19.49
3002,38.3,59.0,19.49
3003,38.3,59.0,19.48
3004,38.3,59.0,19.47
3005,38.3,59.0,19.47
3006,38.3,59.0,19.46
3007,38.3,59.0,19.45
3008,38.3,59.0,19.45
3009,38.3,59.0,19.44
3010,38.3,59.0,19.44
3011,38.3,59.0,19.43
3012,38.3,59.0,19.42
3013,38.3,59.0,19.42
3014,38.3,59.0,19.41
3015,38.3,59.0,19.4
3016,38.3,59.0,19.4
3017,38.3,59.0,19.39
3018,38.3,59.0,19.38
3019,38.3,59.0,19.38
3020,38.3,58.9,19.37
3021,38.3,59.0,19.36
3022,38.3,59.0,19.36
3023,38.3,59.0,19.35
3024,38.3,59.0,19.35
3025,38.3,59.0,19.34
3026,38.3,59.0,19.33
3027,38.3,59.0,19.33
3028,38.3,59.0,19.32
3029,38.3,59.0,19.31
3030,38.3,59.0,19.31
3031,38.3,59.0,19.3
3032,38.3,59.0,19.29
3033,38.3,59.0,19.29
3034,38.3,59.0,19.28
3035,38.3,59.0,19.28
3036,38.3,59.0,19.27
3037,38.3,59.0,19.26
3038,38.3,59.1,19.26
3039,38.3,59.0,19.25
3040,38.3,59.0,19.24
3041,38.3,59.0,19.24
3042,38.3,59.0,19.23
3043,38.3,59.0,19.22
3044,38.3,59.0,19.22
3045,38.3,59.0,19.21
3046,38.3,59.0,19.21
3047,38.3,59.0,19.2
3048,38.3,59.0,19.19
3049,38.3,59.0,19.19
3050,38.3,59.0,19.18
3051,38.3,59.0,19.17
3052,38.3,59.0,19.17
3053,38.3,59.0,19.16
3054,38.3,59.0,19.16
3055,38.3,59.0,19.15
3056,38.3,59.0,19.14
3057,38.3,58.9,19.14
3058,38.3,59.0,19.13
3059,38.3,59.0,19.12
3060,38.3,59.0,19.12
3061,38.3,59.0,19.11
3062,38.3,59.0,19.11
3063,38.3,59.0,19.1
3064,38.3,59.0,19.09
3065,38.3,59.0,19.09
3066,38.3,58.9,19.08
3067,38.3,58.9,19.07
3068,38.3,58.9,19.07
3069,38.3,58.9,19.06
3070,38.3,58.9,19.06
3071,38.3,58.9,19.05
3072,38.3,58.9,19.04
3073,38.3,58.9,19.04
3074,38.3,58.9,19.03
3075,38.3,59.0,19.02
3076,38.3,59.0,19.02
3077,38.3,59.0,19.01
3078,38.3,58.9,19.01
3079,38.3,58.9,19.0
3080,38.3,59.0,18.99
3081,38.3,59.0,18.99
3082,38.3,59.0,18.98
3083,38.3,59.0,18.98
3084,38.3,59.0,18.97
3085,38.3,59.0,18.96
3086,38.3,58.9,18.96
3087,38.3,59.0,18.95
3088,38.3,59.0,18.94
3089,38.3,59.0,18.94
3090,38.3,59.0,18.93
3091,38.3,59.0,18.93
3092,38.9,59.0,19.83
3093,38.9,59.0,19.82
3094,38.9,59.0,19.81
3095,38.9,59.0,19.81
3096,38.9,59.0,19.8
3097,38.9,59.0,19.79
3098,38.9,59.0,19.79
3099,38.9,59.0,19.78
3100,38.9,59.0,19.77
3101,38.9,59.0,19.77
3102,38.9,59.0,19.76
3103,38.9,59.0,19.76
3104,38.9,59.0,19.75
3105,38.9,58.9,19.74
3106,38.9,58.9,19.74
3107,38.9,58.9,19.73
3108,38.9,58.9,19.72
3109,38.9,58.9,19.72
3110,38.9,58.9,19.71
3111,38.9,58.9,19.7
3112,38.9,58.9,19.7
3113,38.9,58.9,19.69
3114,38.9,58.9,19.69
3115,38.9,58.9,19.68
3116,38.9,59.0,19.67
3117,38.9,59.0,19.67
3118,38.9,58.9,19.66
3119,38.9,58.9,19.65
3120,38.9,58.9,19.65
3121,38.9,58.9,19.64
3122,38.9,58.9,19.63
3123,38.9,58.9,19.63
3124,38.9,58.9,19.62
3125,38.9,58.9,19.62
3126,38.9,58.9,19.61
3127,38.9,58.9,19.6
3128,38.9,58.9,19.6
3129,38.9,58.8,19.59
3130,38.9,58.8,19.58
3131,38.9,58.8,19.58
3132,38.9,58.8,19.57
3133,38.9,58.8,19.57
3134,38.9,58.8,19.56
3135,38.9,58.8,19.55
3136,38.9,58.8,19.55
3137,38.9,58.8,19.54
3138,38.9,58.8,19.53
3139,38.9,58.8,19.53
3140,38.9,58.8,19.52
3141,38.9,58.8,19.52
3142,38.9,58.8,19.51
3143,38.9,58.8,20.16
3144,38.9,58.7,20.15
3145,38.9,58.8,20.14
3146,38.9,58.7,20.14
3147,38.9,58.8,20.13
3148,38.9,58.7,20.12
3149,38.9,58.7,20.12
3150,38.9,58.7,20.11
3151,38.9,58.7,20.1
3152,38.9,58.7,20.1
3153,38.9,58.7,20.09
3154,38.9,58.8,20.09
3155,38.9,58.7,20.08
3156,38.9,58.7,20.07
3157,38.9,58.8,20.07
3158,38.9,58.7,20.06
3159,38.9,58.7,20.05
3160,38.9,58.7,20.05
3161,38.9,58.7,20.04
3162,38.9,58.7,20.03
3163,38.9,58.7,20.03
3164,38.9,58.8,20.02
3165,38.9,58.8,20.02
3166,38.9,58.7,20.01
3167,38.9,58.7,20.0
3168,38.9,58.7,20.0
3169,38.9,58.8,19.99
3170,38.9,58.8,19.98
3171,38.9,58.8,19.98
3172,38.9,58.8,19.97
3173,38.9,58.8,19.97
3174,38.9,58.8,19.96
3175,38.9,58.8,19.95
3176,38.9,58.8,19.95
3177,38.9,58.8,19.94
3178,38.9,58.8,19.93
3179,38.9,58.8,19.93
3180,38.9,58.8,19.92
3181,38.9,58.8,19.92
3182,38.9,58.8,19.91
3183,38.9,58.8,19.9
3184,38.9,58.8,19.9
3185,38.9,58.8,19.89
3186,38.9,58.8,19.88
3187,38.9,58.7,19.88
3188,38.9,58.8,19.87
3189,38.9,58.7,19.87
3190,38.9,58.7,19.86
3191,38.9,58.7,19.85
3192,38.9,58.7,19.85
3193,38.9,58.7,19.84
3194,38.9,58.7,19.83
3195,38.9,58.7,19.83
3196,38.9,58.7,19.82
3197,38.9,58.7,19.82
3198,38.9,58.7,19.81
3199,38.9,58.7,19.8
3200,38.9,58.7,19.8
3201,38.9,58.7,19.79
3202,38.9,58.7,19.78
3203,38.9,58.7,19.78
3204,38.9,58.7,19.77
3205,38.9,58.7,19.77
3206,38.9,58.7,19.76
3207,38.9,58.7,19.75
3208,38.9,58.8,19.75
3209,38.9,58.8,19.74
3210,38.9,58.8,19.74
3211,38.9,58.8,19.73
3212,38.9,58.7,19.72
3213,38.9,58.8,19.72
3214,38.9,58.8,19.71
3215,38.9,58.8,19.7
3216,38.9,58.8,19.7
3217,38.9,58.8,19.69
3218,38.9,58.8,19.69
3219,38.9,58.8,19.68
3220,38.9,58.8,19.67
3221,38.9,58.8,19.67
3222,38.9,58.8,19.66
3223,38.9,58.8,19.66
3224,38.9,58.8,19.65
3225,38.9,58.8,19.64
3226,38.9,58.8,19.64
3227,38.9,58.8,19.63
3228,38.9,58.7,19.63
3229,38.9,58.7,19.62
3230,38.9,58.7,19.61
3231,38.9,58.7,19.61
3232,38.9,58.7,19.6
3233,38.9,58.7,19.59
3234,38.9,58.7,19.59
3235,38.9,58.7,19.58
3236,38.9,58.7,19.58
3237,38.9,58.7,19.57
3238,38.9,58.7,19.56
3239,38.9,58.7,19.56
3240,38.9,58.7,19.55
3241,38.9,58.7,19.55
3242,38.9,58.7,19.54
3243,38.9,58.7,19.53
3244,38.9,58.7,19.53
3245,38.9,58.7,19.52
3246,38.9,58.7,19.52
3247,38.9,58.7,19.51
3248,38.9,58.7,19.5
3249,38.9,58.6,19.5
3250,38.9,58.6,19.49
3251,38.9,58.6,19.49
3252,38.9,58.6,19.48
3253,38.9,58.6,19.47
3254,38.9,58.6,19.47
3255,38.9,58.6,19.46
3256,38.9,58.6,19.46
3257,38.9,58.6,19.45
3258,38.9,58.6,19.44
3259,38.9,58.6,19.44
3260,38.9,58.7,19.43
3261,38.9,58.6,19.43
3262,38.9,58.6,19.42
3263,38.9,58.6,19.41
3264,38.9,58.6,19.41
3265,38.9,58.6,19.4
3266,38.9,58.6,19.4
3267,38.9,58.6,19.39
3268,38.9,58.6,19.38
3269,38.9,58.6,19.38
3270,38.9,58.6,19.37
3271,38.9,58.5,19.37
3272,38.9,58.6,19.36
3273,38.9,58.6,19.36
3274,38.9,58.6,19.35
3275,38.9,58.6,19.34
3276,38.9,58.6,19.34
3277,38.9,58.6,19.33
3278,38.9,58.6,19.33
3279,38.9,58.6,19.32
3280,38.9,58.6,19.31
3281,38.9,58.6,19.31
3282,38.9,58.6,19.3
3283,38.9,58.6,19.3
3284,38.9,58.6,19.29
3285,38.9,58.7,19.28
3286,38.9,58.6,19.28
3287,38.9,58.6,19.27
3288,38.9,58.6,19.27
3289,38.9,58.7,19.26
3290,38.9,58.6,19.26
3291,38.9,58.6,19.25
3292,38.9,58.6,19.24
3293,38.9,58.6,19.24
3294,38.9,58.6,19.23
3295,38.9,58.6,19.23
3296,38.9,58.6,19.22
3297,38.9,58.6,19.21
3298,38.9,58.6,19.21
3299,38.9,58.6,19.2
3300,38.9,58.5,19.2
3301,38.9,58.5,19.19
3302,38.9,58.5,19.19
3303,38.9,58.5,19.18
3304,38.9,58.5,19.17
3305,38.9,58.5,19.17
3306,38.9,58.5,19.16
3307,38.9,58.5,19.16
3308,38.9,58.6,19.15
3309,38.9,58.6,19.14
3310,38.9,58.5,19.14
3311,38.9,58.6,19.13
3312,38.9,58.6,19.13
3313,38.9,58.6,19.12
3314,38.9,58.5,19.12
3315,38.9,58.5,19.11
3316,38.9,58.5,19.1
3317,38.9,58.5,19.1
3318,38.9,58.5,19.09
3319,38.9,58.5,19.09
3320,38.9,58.6,19.08
3321,38.9,58.5,19.08
3322,38.9,58.5,19.07
3323,38.9,58.5,19.06
3324,38.9,58.5,19.06
3325,38.9,58.5,19.05
3326,38.9,58.5,19.05
3327,38.9,58.5,19.04
3328,38.9,58.5,19.04
3329,38.9,58.5,19.03
3330,38.9,58.5,19.02
3331,38.9,58.5,19.02
3332,38.9,58.5,19.01
3333,38.9,58.5,19.01
3334,38.9,58.5,19.0
3335,38.9,58.5,19.0
3336,38.9,58.5,18.99
3337,38.9,58.5,18.98
3338,38.9,58.5,18.98
3339,38.9,58.5,18.97
3340,38.9,58.5,18.97
3341,38.9,58.5,18.96
3342,38.9,58.5,18.96
3343,38.9,58.5,18.95
3344,38.9,58.5,18.94
3345,38.9,58.5,18.94
3346,38.9,58.5,18.93
3347,38.9,58.5,18.93
3348,38.9,58.5,18.92
3349,38.9,58.5,18.92
3350,38.9,58.5,18.91
3351,38.9,58.5,18.9
3352,38.9,58.5,18.9
3353,38.9,58.5,18.89
3354,38.9,58.5,18.89
3355,38.9,58.5,18.88
3356,38.9,58.5,18.88
3357,38.9,58.5,18.87
3358,38.9,58.5,18.87
3359,38.9,58.5,18.86
3360,38.9,58.5,18.85
3361,38.9,58.5,18.85
3362,38.9,58.5,18.84
3363,38.9,58.5,18.84
3364,38.9,58.5,18.83
3365,38.9,58.5,18.83
3366,38.9,58.5,19.46
3367,38.9,58.4,19.45
3368,38.9,58.5,19.45
3369,38.9,58.4,19.44
3370,38.9,58.4,19.44
3371,38.9,58.4,19.43
3372,38.9,58.4,19.42
3373,38.9,58.4,19.42
3374,38.9,58.4,19.41
3375,38.9,58.4,19.41
3376,38.9,58.4,19.4
3377,38.9,58.4,19.4
3378,38.9,58.4,19.39
3379,38.9,58.4,19.38
3380,38.9,58.4,19.38
3381,38.9,58.4,19.37
3382,38.9,58.4,19.37
3383,38.9,58.4,19.36
3384,38.9,58.4,19.36
3385,38.9,58.3,19.35
3386,38.9,58.4,19.34
3387,38.9,58.4,19.34
3388,38.9,58.4,19.33
3389,38.9,58.4,19.33
3390,38.9,58.4,19.32
3391,38.9,58.4,19.32
3392,38.9,58.3,19.31
3393,38.9,58.3,19.3
3394,38.9,58.3,19.3
3395,38.9,58.3,19.29
3396,38.9,58.3,19.29
3397,38.9,58.3,19.28
3398,38.9,58.3,19.28
3399,38.9,58.3,19.27
3400,38.9,58.4,19.26
3401,38.9,58.3,19.26
3402,38.9,58.3,19.25
3403,38.9,58.3,19.25
3404,38.9,58.3,19.24
3405,38.9,58.4,19.24
3406,38.9,58.3,19.23
3407,38.9,58.3,19.23
3408,38.9,58.3,19.22
3409,38.9,58.3,19.21
3410,38.9,58.3,19.21
3411,38.9,58.3,19.2
3412,38.9,58.3,19.2
3413,38.9,58.3,19.19
3414,38.9,58.3,19.19
3415,38.9,58.3,19.18
3416,38.9,58.3,19.17
3417,38.9,58.3,19.17
3418,38.9,58.3,19.16
3419,38.9,58.3,19.16
3420,38.9,58.2,19.15
3421,38.9,58.2,19.15
3422,38.9,58.2,19.14
3423,38.9,58.2,19.14
3424,38.9,58.2,19.13
3425,38.9,58.2,19.12
3426,38.9,58.2,19.12
3427,38.9,58.2,19.11
3428,38.9,58.2,19.11
3429,38.9,58.2,19.1
3430,38.9,58.2,19.1
3431,38.9,58.2,19.09
3432,38.9,58.2,19.09
3433,38.9,58.2,19.08
3434,38.9,58.2,19.07
3435,38.9,58.2,19.07
3436,38.9,58.2,19.06
3437,38.9,58.2,19.06
3438,38.9,58.2,19.05
3439,38.9,58.2,19.05
3440,38.9,58.2,19.04
3441,38.9,58.2,19.04
3442,38.9,58.2,19.03
3443,38.9,58.2,19.02
3444,38.9,58.2,19.02
3445,38.9,58.2,19.01
3446,38.9,58.2,19.01
3447,38.9,58.2,19.0
3448,38.9,58.1,19.0
3449,38.9,58.2,18.99
3450,38.9,58.2,18.99
3451,38.9,58.2,18.98
3452,38.9,58.2,18.97
3453,38.9,58.2,18.97
3454,38.9,58.2,18.96
3455,38.9,58.1,18.96
3456,38.9,58.2,18.95
3457,38.9,58.2,18.95
3458,38.9,58.2,18.94
3459,38.9,58.1,18.94
3460,38.9,58.2,18.93
3461,38.9,58.1,18.93
3462,38.9,58.1,18.92
3463,38.9,58.1,18.91
3464,38.9,58.1,18.91
3465,38.9,58.1,18.9
3466,38.9,58.1,18.9
3467,38.9,58.1,18.89
3468,38.9,58.1,18.89
3469,38.9,58.1,18.88
3470,38.9,58.1,18.88
3471,38.9,58.1,18.87
3472,38.9,58.1,18.87
3473,38.9,58.1,18.86
3474,38.9,58.1,18.85
3475,38.9,58.1,18.85
3476,38.9,58.1,18.84
3477,38.9,58.2,18.84
3478,38.9,58.2,18.83
3479,38.9,58.2,18.83
3480,38.9,58.2,18.82
3481,38.9,58.2,18.82
3482,38.9,58.2,18.81
3483,38.9,58.2,18.81
3484,38.9,58.2,18.8
3485,38.9,58.1,18.79
3486,38.9,58.1,18.79
3487,38.9,58.2,18.78
3488,38.9,58.1,18.78
3489,38.9,58.1,18.77
3490,38.9,58.1,18.77
3491,38.9,58.1,18.76
3492,38.9,58.1,18.76
3493,38.9,58.1,18.75
3494,38.9,58.1,18.75
3495,38.9,58.1,18.74
3496,38.9,58.0,18.74
3497,38.9,58.0,18.73
3498,38.9,58.0,18.72
3499,38.9,58.0,18.72
3500,38.9,58.0,18.71
3501,38.9,58.0,18.71
3502,38.9,58.0,18.7
3503,38.9,58.0,18.7
3504,38.9,58.0,18.69
3505,38.9,58.0,18.69
3506,38.9,58.0,18.68
3507,38.9,58.0,18.68
3508,38.9,58.0,18.67
3509,38.9,58.0,18.67
3510,38.9,58.0,18.66
3511,38.9,58.0,18.66
3512,38.9,58.0,18.65
3513,38.9,58.0,18.65
3514,38.9,58.0,18.64
3515,38.9,58.0,18.63
3516,38.9,58.0,18.63
3517,38.9,58.0,18.62
3518,38.9,58.0,18.62
3519,38.9,58.0,18.61
3520,38.9,58.0,18.61
3521,38.9,58.0,18.6
3522,38.9,58.0,18.6
3523,38.9,57.9,18.59
3524,38.9,57.9,18.59
3525,38.9,58.0,18.58
3526,38.9,57.9,18.58
3527,38.9,57.9,18.57
3528,38.9,57.9,18.57
3529,38.9,57.9,18.56
3530,38.9,57.9,18.56
3531,38.9,57.9,18.55
3532,38.9,57.9,18.54
3533,38.9,57.9,18.54
3534,38.9,57.9,18.53
3535,38.9,57.9,18.53
3536,38.9,57.9,18.52
3537,38.9,57.9,18.52
3538,38.9,57.9,18.51
3539,38.9,57.9,18.51
3540,38.9,57.9,18.5
3541,38.9,57.9,18.5
3542,38.9,57.8,18.49
3543,38.9,57.8,18.49
3544,38.9,57.8,18.48
3545,38.9,57.8,18.48
3546,38.9,57.8,18.47
3547,38.9,57.8,18.47
3548,38.9,57.8,18.46
3549,38.9,57.8,19.01
3550,39.0,57.8,19.62
3551,39.0,57.8,19.61
3552,39.0,57.8,19.61
3553,39.0,57.8,19.6
3554,39.0,57.8,19.6
3555,39.0,57.8,19.59
3556,39.0,57.8,19.59
3557,39.0,57.8,19.58
3558,39.0,57.8,19.58
3559,39.0,57.8,19.57
3560,39.0,57.8,19.56
3561,38.9,57.8,20.11
3562,38.9,57.8,20.1
3563,38.9,57.8,20.1
3564,38.9,57.8,20.09
3565,38.9,57.8,20.08
3566,38.9,57.8,20.08
3567,38.9,57.8,20.07
3568,39.4,57.8,20.91
3569,39.4,57.8,20.9
3570,39.4,57.8,20.9
3571,39.4,57.8,20.89
3572,39.4,57.8,20.88
3573,39.4,57.9,20.88
3574,39.4,57.9,20.87
3575,39.4,57.8,20.87
3576,39.0,57.8,21.21
3577,39.0,57.8,21.2
3578,39.0,57.8,21.2
3579,39.0,57.8,21.19
3580,39.0,57.8,21.19
3581,39.0,57.8,21.18
3582,39.0,57.8,21.18
3583,39.0,57.8,21.17
3584,39.0,57.8,21.16
3585,39.0,57.8,21.16
3586,39.0,57.8,21.15
3587,39.0,57.8,21.15
3588,39.0,57.8,21.14
3589,39.0,57.8,21.13
3590,39.0,57.8,21.13
3591,39.0,57.8,21.12
3592,39.0,57.8,21.12
3593,39.0,57.8,21.11
3594,39.0,57.8,21.1
3595,39.0,57.9,21.1
3596,39.0,57.9,21.09
3597,39.0,57.9,21.09
3598,39.0,57.9,21.08
3599,39.0,57.9,21.08
3600,39.0,57.9,21.07
3601,39.0,57.8,21.06
3602,39.0,57.9,21.06
3603,39.0,57.9,21.05
3604,39.0,57.9,21.05
3605,39.0,57.9,21.04
3606,39.0,57.8,21.03
3607,39.0,57.8,21.03
3608,39.0,57.8,21.02
3609,39.0,57.8,21.02
3610,39.0,57.8,21.01
3611,39.0,57.8,21.01
3612,39.0,57.8,21.0
3613,39.0,57.8,20.99
3614,39.0,57.8,20.99
3615,39.0,57.8,20.98
3616,39.0,57.8,20.98
3617,39.0,57.8,20.97
3618,39.0,57.8,20.96
3619,39.0,57.8,20.96
3620,39.0,57.8,20.95
3621,39.0,57.9,20.95
3622,39.0,57.9,20.94
3623,39.0,57.9,20.94
3624,39.0,57.9,20.93
3625,39.0,57.9,20.92
3626,39.0,57.9,20.92
3627,39.0,57.9,20.91
3628,39.0,57.9,20.91
3629,39.0,57.9,20.9
3630,39.0,57.9,20.9
3631,39.0,57.9,20.89
3632,39.0,57.9,20.88
3633,39.0,57.9,20.88
3634,39.0,57.9,20.87
3635,39.0,57.9,20.87
3636,39.0,57.9,20.86
3637,39.0,57.9,20.86
3638,39.0,57.9,20.85
3639,39.0,57.9,20.84
3640,39.0,57.9,20.84
3641,39.0,57.8,20.83
3642,39.0,57.9,20.83
3643,39.0,57.9,20.82
3644,39.0,57.9,20.82
3645,39.0,57.9,20.81
3646,39.0,57.9,20.8
3647,39.0,57.9,20.8
3648,39.0,57.9,20.79
3649,39.0,57.9,20.79
3650,39.0,57.9,20.78
3651,39.0,57.9,20.78
3652,39.0,57.9,20.77
3653,39.0,57.9,20.76
3654,39.0,57.9,20.76
3655,39.0,57.9,20.75
3656,39.0,58.0,20.75
3657,39.0,57.9,20.74
3658,39.0,58.0,20.74
3659,39.0,58.0,20.73
3660,39.0,58.0,20.72
3661,39.0,58.0,20.72
3662,39.0,57.9,20.71
3663,39.0,57.9,20.71
3664,39.0,57.9,20.7
3665,39.0,58.0,20.7
3666,39.0,57.9,20.69
3667,39.0,57.9,20.68
3668,39.0,57.9,20.68
3669,39.0,57.9,20.67
3670,39.0,57.9,20.67
3671,39.0,57.9,20.66
3672,39.0,57.9,20.66
3673,39.0,57.9,20.65
3674,39.0,57.9,20.65
3675,39.0,57.9,20.64
3676,39.0,57.9,20.63
3677,39.0,57.9,20.63
3678,39.0,57.9,20.62
3679,39.0,57.9,20.62
3680,39.0,57.9,20.61
3681,39.0,57.9,20.61
3682,39.0,57.9,20.6
3683,39.0,57.9,20.59
3684,39.0,57.9,20.59
3685,39.0,57.9,20.58
3686,39.0,57.9,20.58
3687,39.0,57.9,20.57
3688,39.0,57.9,20.57
3689,39.0,57.9,20.56
3690,39.0,57.9,20.56
3691,39.0,57.9,20.55
3692,39.0,57.9,20.54
3693,39.0,57.9,20.54
3694,39.0,57.9,20.53
3695,39.0,57.9,20.53
3696,39.0,57.9,20.52
3697,39.0,57.9,20.52
3698,39.0,58.0,20.51
3699,39.0,57.9,20.51
3700,39.0,57.9,20.5
3701,39.0,57.9,20.49
3702,39.0,57.9,20.49
3703,39.0,57.9,20.48
3704,39.0,57.9,20.48
3705,39.0,57.9,20.47
3706,39.0,57.9,20.47
3707,39.0,57.9,20.46
3708,39.0,57.9,20.46
3709,39.0,57.9,20.45
3710,39.0,57.9,20.44
3711,39.0,57.9,20.44
3712,39.0,57.9,20.43
3713,39.0,57.9,20.43
3714,39.0,57.9,20.42
3715,39.0,57.9,20.42
3716,39.0,57.9,20.41
3717,39.0,57.9,20.41
3718,39.0,57.9,20.4
3719,39.0,57.9,20.4
3720,39.0,57.9,20.39
3721,39.0,57.9,20.38
3722,39.0,57.9,20.38
3723,39.0,57.9,20.37
3724,39.0,57.9,20.37
3725,39.0,57.9,20.36
3726,39.0,57.9,20.36
3727,39.0,57.9,20.35
3728,39.0,57.9,20.35
3729,39.0,57.9,20.34
3730,39.0,57.9,20.34
3731,39.0,57.9,20.33
3732,39.0,57.9,20.32
3733,39.0,57.9,20.32
3734,39.0,57.9,20.31
3735,39.0,57.9,20.31
3736,39.0,57.9,20.3
3737,39.0,57.9,20.3
3738,39.0,57.9,20.29
3739,39.0,57.9,20.29
3740,39.0,57.9,20.28
3741,39.0,57.9,20.28
3742,39.0,57.9,20.27
3743,39.0,57.9,20.26
3744,39.0,57.9,20.26
3745,39.0,57.9,20.25
3746,39.0,57.9,20.25
3747,39.0,57.9,20.24
3748,39.0,57.9,20.24
3749,39.0,57.9,20.23
3750,39.0,57.9,20.23
3751,39.0,57.9,20.22
3752,39.0,57.9,20.22
3753,39.0,57.9,20.21
3754,39.0,57.9,20.21
3755,39.0,57.9,20.2
3756,39.0,57.9,20.19
3757,39.0,57.9,20.19
3758,39.0,57.8,20.18
3759,39.0,57.8,20.18
3760,39.0,57.8,20.17
3761,39.0,57.8,20.17
3762,39.0,57.8,20.16
3763,39.0,57.8,20.16
3764,39.0,57.8,20.15
3765,39.0,57.7,20.15
3766,39.0,57.7,20.14
3767,39.0,57.7,20.14
3768,39.0,57.7,20.13
3769,39.0,57.8,20.12
3770,39.0,57.8,20.12
3771,39.0,57.8,20.11
3772,39.0,57.8,20.11
3773,39.0,57.8,20.1
3774,39.0,57.8,20.1
3775,39.0,57.8,20.09
3776,39.0,57.8,20.09
3777,39.0,57.8,20.08
3778,39.0,57.8,20.08
3779,39.0,57.8,20.07
3780,39.0,57.8,20.07
3781,39.0,57.8,20.06
3782,39.0,57.8,20.06
3783,39.0,57.8,20.05
3784,39.0,57.7,20.04
3785,39.0,57.7,20.04
3786,39.0,57.7,20.03
3787,39.0,57.8,20.03
3788,39.0,57.7,20.02
3789,39.0,57.7,20.02
3790,39.0,57.7,20.57
3791,39.0,57.7,20.56
3792,39.0,57.7,20.56
3793,39.0,57.7,20.55
3794,39.0,57.7,20.55
3795,39.0,57.7,20.54
3796,39.0,57.7,20.53
3797,39.0,57.7,20.53
3798,39.0,57.7,20.52
3799,39.0,57.8,20.52
3800,39.0,57.7,20.51
3801,39.0,57.7,20.51
3802,39.0,57.7,20.5
3803,39.0,57.7,20.5
3804,39.0,57.7,20.49
3805,39.0,57.7,20.49
3806,39.0,57.7,20.48
3807,39.0,57.7,20.48
3808,39.0,57.7,20.47
3809,39.0,57.7,20.46
3810,39.0,57.7,20.46
3811,39.0,57.6,20.45
3812,39.0,57.7,20.45
3813,39.0,57.6,20.44
3814,39.0,57.7,20.44
3815,39.0,57.7,20.43
3816,39.0,57.7,20.43
3817,39.0,57.7,20.42
3818,39.0,57.7,20.42
3819,39.0,57.7,20.41
3820,39.0,57.7,20.41
3821,39.0,57.7,20.4
3822,39.0,57.7,20.4
3823,39.0,57.7,20.39
3824,39.0,57.7,20.38
3825,39.0,57.7,20.38
3826,39.0,57.7,20.37
3827,39.0,57.7,20.37
3828,39.0,57.7,20.36
3829,39.0,57.7,20.36
3830,39.0,57.7,20.35
3831,39.0,57.7,20.35
3832,39.0,57.6,20.34
3833,39.0,57.6,20.34
3834,39.0,57.6,20.33
3835,39.0,57.6,20.33
3836,39.0,57.6,20.32
3837,39.0,57.6,20.32
3838,39.0,57.6,20.31
3839,39.0,57.6,20.3
3840,38.6,57.6,20.64
3841,38.6,57.6,20.63
3842,38.6,57.6,20.63
3843,38.6,57.6,20.62
3844,38.6,57.6,20.62
3845,38.6,57.6,20.61
3846,38.6,57.6,20.61
3847,38.6,57.6,20.6
3848,38.6,57.6,20.6
3849,38.6,57.6,20.59
3850,38.6,57.6,20.58
3851,38.6,57.6,20.58
3852,38.6,57.6,20.57
3853,38.6,57.6,20.57
3854,38.6,57.6,20.56
3855,38.6,57.6,20.56
3856,38.6,57.6,20.55
3857,38.6,57.6,20.55
3858,38.6,57.6,20.54
3859,38.6,57.6,20.54
3860,38.6,57.6,20.53
3861,38.6,57.7,20.53
3862,38.6,57.7,20.52
3863,38.6,57.6,20.52
3864,38.6,57.6,20.51
3865,38.6,57.6,20.5
3866,38.6,57.6,20.5
3867,38.6,57.6,20.49
3868,38.6,57.6,20.49
3869,38.6,57.6,20.48
3870,38.6,57.6,20.48
3871,38.6,57.6,20.47
3872,38.6,57.6,20.47
3873,38.6,57.6,20.46
3874,38.6,57.6,20.46
3875,38.6,57.6,20.45
3876,38.6,57.6,20.45
3877,38.6,57.6,20.44
3878,38.6,57.6,20.44
3879,38.6,57.6,20.43
3880,38.6,57.6,20.43
3881,38.6,57.6,20.42
3882,38.6,57.6,20.41
3883,38.6,57.6,20.41
3884,38.6,57.6,20.4
3885,38.6,57.6,20.4
3886,38.6,57.6,20.39
3887,38.6,57.6,20.39
3888,38.6,57.6,20.38
3889,38.6,57.6,20.38
3890,38.6,57.6,20.37
3891,38.6,57.6,20.37
3892,38.6,57.6,20.36
3893,38.6,57.6,20.36
3894,38.6,57.7,20.35
3895,38.6,57.7,20.35
3896,38.6,57.6,20.34
3897,38.6,57.7,20.34
3898,38.6,57.6,20.33
3899,38.6,57.7,20.33
3900,38.6,57.7,20.32
3901,38.6,57.7,20.32
3902,38.6,57.7,20.31
3903,38.6,57.7,20.3
3904,38.6,57.7,20.3
3905,38.6,57.7,20.29
3906,38.6,57.7,20.29
3907,38.6,57.7,20.28
3908,38.6,57.7,20.28
3909,38.6,57.7,20.27
3910,38.6,57.7,20.27
3911,38.6,57.7,20.26
3912,38.9,57.7,20.88
3913,38.9,57.7,20.88
3914,38.9,57.7,20.87
3915,38.9,57.7,20.87
3916,38.9,57.7,20.86
3917,38.9,57.7,20.86
3918,38.9,57.7,20.85
3919,38.9,57.7,20.85
3920,38.9,57.7,20.84
3921,38.9,57.7,20.84
3922,38.9,57.7,20.83
3923,38.9,57.7,20.83
3924,38.9,57.7,20.82
3925,38.9,57.7,20.82
3926,38.9,57.7,20.81
3927,38.9,57.7,20.8
3928,38.9,57.7,20.8
3929,38.9,57.7,20.79
3930,38.9,57.7,20.79
3931,38.9,57.7,20.78
3932,38.9,57.7,20.78
3933,38.9,57.7,20.77
3934,38.9,57.7,20.77
3935,38.9,57.7,20.76
3936,38.9,57.7,20.76
3937,38.9,57.7,20.75
3938,38.9,57.7,20.75
3939,38.9,57.7,20.74
3940,38.9,57.7,20.74
3941,38.9,57.7,20.73
3942,38.9,57.7,20.73
3943,38.9,57.7,20.72
3944,38.8,57.7,21.18
3945,38.8,57.7,21.18
3946,38.8,57.7,21.17
3947,38.8,57.7,21.17
3948,38.8,57.7,21.16
3949,38.8,57.7,21.16
3950,38.8,57.7,21.15
3951,38.8,57.7,21.15
3952,38.8,57.7,21.14
3953,38.8,57.7,21.14
3954,38.8,57.7,21.13
3955,38.8,57.7,21.13
3956,38.8,57.7,21.12
3957,38.8,57.7,21.11
3958,38.8,57.8,21.11
3959,38.8,57.7,21.1
3960,38.8,57.7,21.1
3961,38.8,57.7,21.09
3962,38.8,57.7,21.09
3963,38.8,57.8,21.08
3964,38.8,57.7,21.08
3965,38.8,57.8,21.07
3966,38.8,57.8,21.07
3967,38.8,57.8,21.06
3968,38.8,57.8,21.06
3969,38.8,57.8,21.05
3970,38.8,57.8,21.05
3971,38.8,57.8,21.04
3972,38.8,57.8,21.03
3973,38.8,57.8,21.03
3974,38.8,57.9,21.02
3975,38.8,57.9,21.02
3976,38.8,57.8,21.01
3977,38.8,57.9,21.01
3978,38.8,57.9,21.0
3979,38.8,57.9,21.0
3980,38.8,57.9,20.99
3981,38.8,57.9,20.99
3982,38.8,57.9,20.98
3983,38.8,57.9,20.98
3984,38.8,57.9,20.97
3985,38.8,57.9,20.97
3986,38.8,57.9,20.96
3987,38.8,57.9,20.96
3988,38.8,57.9,20.95
3989,38.8,57.9,20.95
3990,38.8,57.9,20.94
3991,38.8,57.9,20.93
3992,38.8,57.9,20.93
3993,38.8,57.9,20.92
3994,38.8,57.9,20.92
3995,38.8,57.9,20.91
3996,38.8,57.9,20.91
3997,38.8,57.9,20.9
3998,38.8,57.9,20.9
3999,38.8,57.9,20.89
4000,38.8,57.9,20.89
4001,38.8,57.9,20.88
4002,38.8,57.9,20.88
4003,38.8,57.9,20.87
4004,38.8,57.9,20.87
4005,38.8,57.9,20.86
4006,38.8,57.9,20.86
4007,38.8,57.9,20.85
4008,38.8,57.9,20.85
4009,38.8,57.9,20.84
4010,38.8,57.9,20.84
4011,38.8,57.9,20.83
4012,38.8,58.0,20.83
4013,38.8,57.9,20.82
4014,38.8,57.9,20.81
4015,38.8,58.0,20.81
4016,38.8,58.0,20.8
4017,38.8,58.0,20.8
4018,38.8,58.0,20.79
4019,38.8,57.9,20.79
4020,38.8,58.0,20.78
4021,38.8,58.0,20.78
4022,38.8,58.0,20.77
4023,38.8,58.0,20.77
4024,38.8,58.0,20.76
4025,38.8,58.0,20.76
4026,38.8,58.0,20.75
4027,38.8,58.0,20.75
4028,38.8,58.0,20.74
4029,38.8,58.0,20.74
4030,38.8,58.0,20.73
4031,38.8,58.0,20.73
4032,38.8,58.0,20.72
4033,38.8,58.0,20.72
4034,38.8,58.0,20.71
4035,38.8,58.0,20.71
4036,38.8,58.0,20.7
4037,38.8,58.0,20.7
4038,38.8,58.0,20.69
4039,38.8,58.0,20.69
4040,38.8,58.0,20.68
4041,38.8,58.0,20.68
4042,38.8,58.0,20.67
4043,38.8,58.0,20.67
4044,38.8,58.0,20.66
4045,38.8,58.0,20.66
4046,38.8,58.0,20.65
4047,38.8,57.9,20.64
4048,38.8,57.9,20.64
4049,38.8,57.9,20.63
4050,38.8,57.9,20.63
4051,38.8,57.9,20.62
4052,38.8,57.9,20.62
4053,38.8,57.9,20.61
4054,38.8,57.9,20.61
4055,38.8,57.9,20.6
4056,38.8,57.9,20.6
4057,38.8,57.9,20.59
4058,39.1,57.9,21.29
4059,39.1,57.9,21.29
4060,39.1,57.9,21.28
4061,39.1,57.9,21.28
4062,39.1,57.9,21.27
4063,39.1,57.9,21.27
4064,39.1,57.9,21.26
4065,39.1,57.9,21.25
4066,39.1,57.9,21.25
4067,39.1,58.0,21.24
4068,39.1,58.0,21.24
4069,39.1,58.0,21.23
4070,39.1,57.9,21.23
4071,39.1,57.9,21.22
4072,39.1,57.9,21.22
4073,39.1,57.9,21.21
4074,39.1,57.9,21.21
4075,39.1,57.9,21.2
4076,39.1,57.9,21.2
4077,39.1,57.9,21.19
4078,39.1,57.9,21.19
4079,39.1,57.9,21.18
4080,39.1,57.9,21.18
4081,39.1,57.9,21.17
4082,39.1,57.9,21.17
4083,39.1,57.9,21.16
4084,39.1,57.9,21.16
4085,39.1,57.9,21.15
4086,39.1,57.9,21.15
4087,39.1,57.9,21.14
4088,39.1,58.0,21.14
4089,39.1,58.0,21.13
4090,39.1,58.0,21.12
4091,39.1,58.0,21.12
4092,39.1,58.0,21.11
4093,39.1,58.0,21.11
4094,39.1,58.0,21.1
4095,39.1,58.0,21.1
4096,39.1,58.0,21.09
4097,39.1,58.0,21.09
4098,39.1,58.0,21.08
4099,39.1,58.0,21.08
4100,39.1,58.0,21.07
4101,39.1,58.0,21.07
4102,39.1,58.0,21.06
4103,39.1,58.0,21.06
4104,39.1,58.0,21.05
4105,39.1,58.0,21.05
4106,39.1,58.0,21.04
4107,39.1,58.0,21.04
4108,39.1,58.0,21.03
4109,39.1,58.0,21.03
4110,39.1,58.0,21.02
4111,39.1,58.0,21.02
4112,39.1,58.0,21.01
4113,39.1,58.0,21.01
4114,39.1,58.0,21.0
4115,39.1,58.0,21.0
4116,39.1,58.0,20.99
4117,39.1,58.0,20.99
4118,39.1,58.0,20.98
4119,39.1,58.0,20.98
4120,39.1,58.1,20.97
4121,39.1,58.0,20.97
4122,39.1,58.1,20.96
4123,39.1,58.0,20.96
4124,39.1,58.1,20.95
4125,39.1,58.1,20.95
4126,39.1,58.1,20.94
4127,39.1,58.1,20.94
4128,39.1,58.1,20.93
4129,39.1,58.1,20.93
4130,39.1,58.1,20.92
4131,39.1,58.1,20.92
4132,39.1,58.1,20.91
4133,39.1,58.1,20.9
4134,39.1,58.1,20.9
4135,39.1,58.1,20.89
4136,39.1,58.1,20.89
4137,39.1,58.1,20.88
4138,39.1,58.1,20.88
4139,39.1,58.1,20.87
4140,39.1,58.1,20.87
4141,39.1,58.1,20.86
4142,39.1,58.1,20.86
4143,39.1,58.0,20.85
4144,39.1,58.1,20.85
4145,39.1,58.0,20.84
4146,39.1,58.1,20.84
4147,39.1,58.1,20.83
4148,39.1,58.1,20.83
4149,39.1,58.1,20.82
4150,39.1,58.1,20.82
4151,39.1,58.1,20.81
4152,39.1,58.1,20.81
4153,39.1,58.1,20.8
4154,39.1,58.1,20.8
4155,39.1,58.1,20.79
4156,39.1,58.1,20.79
4157,39.1,58.1,20.78
4158,39.1,58.1,20.78
4159,39.1,58.1,20.77
4160,39.1,58.1,20.77
4161,39.1,58.1,20.76
4162,39.1,58.1,20.76
4163,39.1,58.1,20.75
4164,39.1,58.1,20.75
4165,39.1,58.2,20.74
4166,39.1,58.1,20.74
4167,39.1,58.1,20.73
4168,39.1,58.1,20.73
4169,39.1,58.1,20.72
4170,39.1,58.1,20.72
4171,39.1,58.1,20.71
4172,39.1,58.1,20.71
4173,39.1,58.1,20.7
4174,39.1,58.1,20.7
4175,39.1,58.2,20.69
4176,39.1,58.1,20.69
4177,39.1,58.2,20.68
4178,39.1,58.1,20.68
4179,39.1,58.1,20.67
4180,39.1,58.1,20.67
4181,39.1,58.1,20.66
4182,39.1,58.1,20.66
4183,39.1,58.1,20.66
4184,39.1,58.1,20.65
4185,39.1,58.1,20.65
4186,39.1,58.1,20.64
4187,39.1,58.1,20.64
4188,39.1,58.1,20.63
4189,39.1,58.1,20.63
4190,39.1,58.1,20.62
4191,39.1,58.1,20.62
4192,39.1,58.1,20.61
4193,39.1,58.1,20.61
4194,39.1,58.1,20.6
4195,39.1,58.1,20.6
4196,39.1,58.1,20.59
4197,39.1,58.1,20.59
4198,39.1,58.1,20.58
4199,39.1,58.1,20.58
4200,39.1,58.1,20.57
4201,39.1,58.1,20.57
4202,39.1,58.1,20.56
4203,39.1,58.1,20.56
4204,39.1,58.0,20.55
4205,39.1,58.0,20.55
4206,39.1,58.1,20.54
4207,39.1,58.1,20.54
4208,39.1,58.1,20.53
4209,39.1,58.1,20.53
4210,39.1,58.1,20.52
4211,39.1,58.1,20.52
4212,39.1,58.1,20.51
4213,39.1,58.1,20.51
4214,39.1,58.1,20.5
4215,39.1,58.1,20.5
4216,39.1,58.1,20.49
4217,39.1,58.1,20.49
4218,39.1,58.1,20.48
4219,39.1,58.1,20.48
4220,39.1,58.2,20.47
4221,39.1,58.2,20.47
4222,39.1,58.1,20.46
4223,39.1,58.2,20.46
4224,39.1,58.2,20.45
4225,39.1,58.2,20.45
4226,39.1,58.1,20.44
4227,39.1,58.1,20.44
4228,39.1,58.1,20.44
4229,39.1,58.1,20.43
4230,39.1,58.1,20.43
4231,39.1,58.1,20.42
4232,39.1,58.1,20.42
4233,39.1,58.1,20.41
4234,39.1,58.1,20.41
4235,39.1,58.1,20.4
4236,39.1,58.1,20.4
4237,39.1,58.1,20.39
4238,39.1,58.1,20.39
4239,39.1,58.1,20.38
4240,39.1,58.1,20.38
4241,39.1,58.1,20.37
4242,39.1,58.1,20.37
4243,39.1,58.1,20.36
4244,39.1,58.1,20.36
4245,39.1,58.1,20.35
4246,39.1,58.1,20.35
4247,39.1,58.1,20.34
4248,39.1,58.1,20.34
4249,39.1,58.1,20.33
4250,39.1,58.1,20.33
4251,39.1,58.1,20.32
4252,39.1,58.1,20.32
4253,39.1,58.1,20.32
4254,39.1,58.1,20.31
4255,39.1,58.0,20.31
4256,39.1,58.1,20.3
4257,39.1,58.0,20.3
4258,39.1,58.1,20.29
4259,39.1,58.0,20.29
4260,39.1,58.0,20.28
4261,39.1,58.0,20.28
4262,39.1,58.0,20.27
4263,39.1,58.0,20.27
4264,39.1,58.0,20.26
4265,39.1,58.1,20.26
4266,39.1,58.1,20.25
4267,39.1,58.1,20.25
4268,39.1,58.1,20.24
4269,39.1,58.1,20.24
4270,39.1,58.1,20.23
4271,39.1,58.1,20.23
4272,39.1,58.1,20.22
4273,39.1,58.1,20.22
4274,39.1,58.1,20.22
4275,39.1,58.1,20.21
4276,39.1,58.1,20.21
4277,39.1,58.1,20.2
4278,39.1,58.1,20.2
4279,39.1,58.1,20.19
4280,39.1,58.1,20.19
4281,39.1,58.1,20.18
4282,39.1,58.1,20.18
4283,39.1,58.1,20.17
4284,39.1,58.1,20.17
4285,39.1,58.1,20.16
4286,39.1,58.1,20.16
4287,38.8,58.1,20.46
4288,38.8,58.1,20.45
4289,38.8,58.1,20.45
4290,38.8,58.1,20.44
4291,38.8,58.1,20.44
4292,38.8,58.1,20.43
4293,38.8,58.1,20.43
4294,38.8,58.1,20.42
4295,38.8,58.1,20.42
4296,38.8,58.1,20.41
4297,38.8,58.1,20.41
4298,38.8,58.1,20.4
4299,38.8,58.1,20.4
4300,38.8,58.0,20.4
4301,38.8,58.0,20.39
4302,38.8,58.0,20.39
4303,38.8,58.1,20.38
4304,38.8,58.0,20.38
4305,38.8,58.0,20.37
4306,38.8,58.1,20.37
4307,38.8,58.1,20.36
4308,38.8,58.1,20.36
4309,38.8,58.1,20.35
4310,38.8,58.1,20.35
4311,38.8,58.0,20.34
4312,38.8,58.0,20.34
4313,38.8,58.1,20.33
4314,38.8,58.1,20.33
4315,38.8,58.1,20.32
4316,38.8,58.1,20.32
4317,38.8,58.1,20.32
4318,38.8,58.1,20.31
4319,38.8,58.0,20.31
4320,38.8,58.0,20.3
4321,38.8,58.0,20.3
4322,38.8,58.0,20.29
4323,38.8,58.0,20.29
4324,38.8,58.0,20.28
4325,38.8,58.0,20.28
4326,38.8,58.0,20.27
4327,38.8,58.1,20.27
4328,38.8,58.1,20.26
4329,38.8,58.1,20.26
4330,38.8,58.1,20.25
4331,38.8,58.1,20.25
4332,38.8,58.1,20.24
4333,38.8,58.1,20.24
4334,38.8,58.1,20.24
4335,38.8,58.1,20.23
4336,38.8,58.1,20.23
4337,38.8,58.1,20.22
4338,38.8,58.1,20.22
4339,38.8,58.1,20.21
4340,38.8,58.1,20.21
4341,38.8,58.1,20.2
4342,38.8,58.1,20.2
4343,38.8,58.1,20.19
4344,38.8,58.1,20.19
4345,38.8,58.1,20.18
4346,38.8,58.1,20.18
4347,38.8,58.2,20.17
4348,38.8,58.2,20.17
4349,38.8,58.2,20.17
4350,38.8,58.2,20.16
4351,38.8,58.2,20.16
4352,38.8,58.2,20.15
4353,38.8,58.2,20.15
4354,38.8,58.2,20.14
4355,38.8,58.2,20.14
4356,38.8,58.2,20.13
4357,38.8,58.2,20.13
4358,38.8,58.2,20.12
4359,38.8,58.2,20.12
4360,38.8,58.2,20.11
4361,38.8,58.2,20.11
4362,38.8,58.1,20.11
4363,38.8,58.1,20.1
4364,38.8,58.2,20.1
4365,38.8,58.2,20.09
4366,38.8,58.2,20.09
4367,38.8,58.2,20.08
4368,38.8,58.2,20.08
4369,38.8,58.1,20.07
4370,38.8,58.1,20.07
4371,38.8,58.1,20.06
4372,38.8,58.1,20.06
4373,38.8,58.1,20.05
4374,38.8,58.1,20.05
4375,38.8,58.1,20.05
4376,38.8,58.1,20.04
4377,38.8,58.1,20.04
4378,38.8,58.1,20.03
4379,38.8,58.1,20.03
4380,38.8,58.1,20.02
4381,38.8,58.1,20.02
4382,38.8,58.1,20.01
4383,38.8,58.1,20.01
4384,38.8,58.1,20.0
4385,38.8,58.1,20.0
4386,38.8,58.1,20.0
4387,38.8,58.1,19.99
4388,38.9,58.1,20.49
4389,38.9,58.1,20.48
4390,38.9,58.1,20.48
4391,38.9,58.1,20.47
4392,38.9,58.1,20.47
4393,38.9,58.1,20.46
4394,38.9,58.1,20.46
4395,38.9,58.1,20.46
4396,38.9,58.1,20.45
4397,38.9,58.1,20.45
4398,38.9,58.1,20.44
4399,38.9,58.1,20.44
4400,38.9,58.1,20.43
4401,38.9,58.1,20.43
4402,38.9,58.1,20.42
4403,38.9,58.1,20.42
4404,38.9,58.1,20.41
4405,38.9,58.1,20.41
4406,38.9,58.1,20.4
4407,38.9,58.1,20.4
4408,38.9,58.1,20.39
4409,38.9,58.0,20.39
4410,38.9,58.0,20.39
4411,38.9,58.0,20.38
4412,38.9,58.0,20.38
4413,38.9,58.0,20.37
4414,38.9,58.0,20.37
4415,38.9,58.1,20.36
4416,38.9,58.1,20.36
4417,38.9,58.0,20.35
4418,38.9,58.0,20.35
4419,38.9,58.0,20.34
4420,38.9,58.0,20.34
4421,38.9,58.0,20.33
4422,38.9,58.1,20.33
4423,38.9,58.1,20.33
4424,38.9,58.0,20.32
4425,38.9,58.0,20.32
4426,38.9,58.0,20.31
4427,38.9,58.1,20.31
4428,38.9,58.0,20.3
4429,38.9,58.0,20.3
4430,38.9,58.0,20.29
4431,38.9,58.0,20.29
4432,38.9,58.0,20.28
4433,38.9,58.0,20.28
4434,38.9,58.0,20.28
4435,38.9,58.0,20.27
4436,38.9,58.0,20.27
4437,38.9,58.1,20.26
4438,38.9,58.1,20.26
4439,38.9,58.1,20.25
4440,38.9,58.1,20.25
4441,38.9,58.1,20.24
4442,38.9,58.1,20.24
4443,38.9,58.0,20.23
4444,38.9,58.1,20.23
4445,38.9,58.0,20.22
4446,38.9,58.0,20.22
4447,38.9,58.0,20.22
4448,38.9,58.0,20.21
4449,38.9,58.0,20.21
4450,38.9,58.0,20.2
4451,38.9,58.0,20.2
4452,38.9,58.0,20.19
4453,38.9,58.0,20.19
4454,38.9,58.0,20.18
4455,38.9,58.0,20.18
4456,38.9,58.0,20.18
4457,38.9,58.0,20.17
4458,38.9,58.0,20.17
4459,38.9,58.0,20.16
4460,38.9,58.0,20.16
4461,38.9,58.0,20.15
4462,38.9,58.0,20.15
4463,38.9,58.0,20.14
4464,38.9,58.0,20.14
4465,38.9,58.1,20.13
4466,38.9,58.1,20.13
4467,38.9,58.0,20.13
4468,38.9,58.1,20.12
4469,38.9,58.1,20.12
4470,38.9,58.1,20.11
4471,38.9,58.0,20.11
4472,38.9,58.1,20.1
4473,38.9,58.1,20.1
4474,38.9,58.1,20.09
4475,38.9,58.1,20.09
4476,38.9,58.0,20.08
4477,38.9,58.0,20.08
4478,38.9,58.0,20.08
4479,38.9,58.0,20.54
4480,38.9,58.0,20.54
4481,38.9,58.0,20.53
4482,38.9,58.0,20.53
4483,38.9,58.0,20.52
4484,38.9,58.0,20.52
4485,38.9,58.0,20.51
4486,38.9,58.0,20.51
4487,38.9,58.0,20.5
4488,38.9,58.0,20.5
4489,38.9,58.0,20.49
4490,38.9,58.0,20.49
4491,38.9,58.0,20.49
4492,38.9,58.0,20.48
4493,38.9,58.0,20.48
4494,38.9,58.0,20.47
4495,38.9,58.0,20.47
4496,38.9,58.0,20.46
4497,38.9,57.9,20.46
4498,38.9,58.0,20.45
4499,38.9,58.0,20.45
4500,38.9,58.0,20.44
4501,38.9,58.0,20.44
4502,38.9,58.0,20.44
4503,38.9,58.0,20.43
4504,38.9,58.0,20.43
4505,38.9,58.0,20.42
4506,38.9,58.0,20.42
4507,38.9,58.0,20.41
4508,38.9,58.0,20.41
4509,38.9,58.0,20.4
4510,38.9,58.0,20.4
4511,38.9,58.0,20.39
4512,38.9,58.0,20.39
4513,38.9,58.0,20.39
4514,38.9,58.0,20.38
4515,38.9,58.0,20.38
4516,38.9,58.0,20.37
4517,38.9,58.0,20.37
4518,38.9,58.0,20.36
4519,38.9,58.0,20.36
4520,38.9,58.0,20.35
4521,38.9,58.0,20.35
4522,38.9,58.0,20.34
4523,38.9,58.0,20.34
4524,38.9,58.0,20.34
4525,38.9,58.0,20.33
4526,38.9,58.0,20.33
4527,38.9,58.0,20.32
4528,38.9,58.0,20.32
4529,38.9,58.0,20.31
4530,38.9,58.0,20.31
4531,38.9,58.0,20.3
4532,38.9,58.0,20.3
4533,38.9,58.0,20.3
4534,38.9,58.1,20.29
4535,38.9,58.1,20.29
4536,38.9,58.1,20.28
4537,38.9,58.1,20.28
4538,38.9,58.0,20.27
4539,38.9,58.1,20.27
4540,38.9,58.0,20.26
4541,38.9,58.0,20.26
4542,38.9,58.1,20.26
4543,38.9,58.1,20.25
4544,38.9,58.1,20.25
4545,38.9,58.0,20.24
4546,38.9,58.1,20.24
4547,38.9,58.0,20.23
4548,38.9,58.0,20.23
4549,38.9,58.0,20.22
4550,38.9,58.0,20.22
4551,38.9,58.1,20.22
4552,38.9,58.0,20.21
4553,38.9,58.0,20.21
4554,38.9,58.1,20.2
4555,38.9,58.1,20.2
4556,38.9,58.1,20.19
4557,38.9,58.1,20.19
4558,38.9,58.1,20.18
4559,38.9,58.0,20.18
4560,38.9,58.0,20.18
4561,38.9,58.1,20.17
4562,38.9,58.0,20.17
4563,38.9,58.0,20.16
4564,38.9,58.0,20.16
4565,38.9,58.0,20.15
4566,38.9,58.0,20.15
4567,38.9,58.0,20.14
4568,38.9,58.1,20.14
4569,38.9,58.1,20.14
4570,38.9,58.1,20.13
4571,38.9,58.0,20.13
4572,38.9,58.0,20.12
4573,38.9,58.0,20.12
4574,38.9,58.0,20.11
4575,38.9,58.0,20.11
4576,38.9,58.0,20.1
4577,38.9,58.0,20.1
4578,38.9,58.0,20.1
4579,38.9,58.0,20.09
4580,38.9,58.0,20.09
4581,38.9,58.0,20.08
4582,38.9,58.0,20.08
4583,38.9,58.0,20.07
4584,38.9,58.0,20.07
4585,38.9,58.0,20.07
4586,38.9,58.0,20.06
4587,38.9,58.0,20.06
4588,38.9,58.0,20.05
4589,38.9,58.1,20.05
4590,38.9,58.1,20.04
4591,38.9,58.1,20.04
4592,38.9,58.1,20.03
4593,38.9,58.1,20.03
4594,38.9,58.1,20.03
4595,38.9,58.1,20.02
4596,38.9,58.1,20.02
4597,38.9,58.1,20.01
4598,38.9,58.1,20.01
4599,38.9,58.1,20.0
4600,38.9,58.1,20.0
4601,38.9,58.1,20.0
4602,38.9,58.1,19.99
4603,38.9,58.1,19.99
4604,38.9,58.1,19.98
4605,38.9,58.1,19.98
4606,38.9,58.1,19.97
4607,38.9,58.1,19.97
4608,38.9,58.1,19.97
4609,38.8,58.1,20.38
4610,38.8,58.1,20.38
4611,38.8,58.1,20.38
4612,38.8,58.1,20.37
4613,38.8,58.1,20.37
4614,38.8,58.1,20.36
4615,38.8,58.1,20.36
4616,38.8,58.1,20.35
4617,38.8,58.1,20.35
4618,38.8,58.1,20.34
4619,38.8,58.1,20.34
4620,38.8,58.1,20.34
4621,38.8,58.1,20.33
4622,38.8,58.1,20.33
4623,38.8,58.1,20.32
4624,38.8,58.1,20.32
4625,38.8,58.1,20.31
4626,38.8,58.1,20.31
4627,38.8,58.1,20.3
4628,38.8,58.1,20.3
4629,38.8,58.1,20.3
4630,38.8,58.1,20.29
4631,38.8,58.1,20.29
4632,38.8,58.1,20.28
4633,38.8,58.1,20.28
4634,38.8,58.1,20.27
4635,38.8,58.1,20.27
4636,38.8,58.1,20.27
4637,38.8,58.1,20.26
4638,38.8,58.1,20.26
4639,38.8,58.1,20.25
4640,38.8,58.1,20.25
4641,38.8,58.1,20.24
4642,38.8,58.1,20.24
4643,38.8,58.1,20.23
4644,38.8,58.1,20.23
4645,38.8,58.1,20.23
4646,38.8,58.1,20.22
4647,38.8,58.1,20.22
4648,38.8,58.1,20.21
4649,38.8,58.1,20.21
4650,38.8,58.1,20.2
4651,38.8,58.1,20.2
4652,38.8,58.1,20.2
4653,38.8,58.1,20.19
4654,38.8,58.1,20.19
4655,38.8,58.1,20.18
4656,38.8,58.1,20.18
4657,38.8,58.1,20.17
4658,38.8,58.1,20.17
4659,38.8,58.1,20.17
4660,38.8,58.0,20.16
4661,38.8,58.1,20.16
4662,38.8,58.0,20.15
4663,38.8,58.1,20.15
4664,38.8,58.1,20.14
4665,38.8,58.0,20.14
4666,38.8,58.0,20.14
4667,38.8,58.0,20.13
4668,38.8,58.1,20.13
4669,38.8,58.0,20.12
4670,38.8,58.1,20.12
4671,38.8,58.1,20.11
4672,38.8,58.0,20.11
4673,38.8,58.0,20.1
4674,38.8,58.0,20.1
4675,38.8,58.0,20.1
4676,38.8,58.0,20.09
4677,38.8,58.0,20.09
4678,38.8,58.0,20.08
4679,38.8,58.0,20.08
4680,38.8,58.0,20.07
4681,38.8,58.0,20.07
4682,38.8,58.1,20.07
4683,38.8,58.1,20.06
4684,38.8,58.1,20.06
4685,38.8,58.1,20.05
4686,38.8,58.0,20.05
4687,38.4,58.1,20.28
4688,38.4,58.0,20.28
4689,38.4,58.0,20.27
4690,38.4,58.0,20.27
4691,38.4,58.0,20.26
4692,38.4,58.0,20.26
4693,38.4,58.0,20.25
4694,38.4,58.0,20.25
4695,38.4,58.0,20.24
4696,38.4,58.0,20.24
4697,38.4,58.1,20.24
4698,38.4,58.0,20.23
4699,38.4,58.0,20.23
4700,38.4,58.0,20.22
4701,38.4,58.0,20.22
4702,38.4,58.0,20.21
4703,38.4,58.0,20.21
4704,38.4,58.0,20.21
4705,38.3,58.0,20.55
4706,38.3,58.0,20.55
4707,38.3,58.0,20.54
4708,38.3,58.0,20.54
4709,38.3,58.0,20.54
4710,38.3,58.0,20.53
4711,38.3,58.1,20.53
4712,38.3,58.1,20.52
4713,38.3,58.1,20.52
4714,38.3,58.1,20.51
4715,38.3,58.1,20.51
4716,38.3,58.1,20.5
4717,38.3,58.1,20.5
4718,38.3,58.1,20.5
4719,38.3,58.1,20.49
4720,38.3,58.1,20.49
4721,38.3,58.1,20.48
4722,38.3,58.1,20.48
4723,38.3,58.1,20.47
4724,38.3,58.1,20.47
4725,38.3,58.1,20.47
4726,38.3,58.1,20.46
4727,38.3,58.0,20.46
4728,38.3,58.0,20.45
4729,38.3,58.0,20.45
4730,38.3,58.0,20.44
4731,38.3,58.0,20.44
4732,38.3,58.0,20.44
4733,38.3,58.0,20.43
4734,38.3,58.0,20.43
4735,38.3,58.0,20.42
4736,38.3,58.0,20.42
4737,38.3,58.0,20.41
4738,38.3,58.0,20.41
4739,38.3,58.0,20.41
4740,38.3,58.0,20.4
4741,38.3,58.0,20.4
4742,38.3,58.0,20.39
4743,38.3,58.0,20.39
4744,38.3,58.0,20.38
4745,38.3,58.0,20.38
4746,38.3,58.0,20.38
4747,38.3,58.1,20.37
4748,38.3,58.1,20.37
4749,38.3,58.1,20.36
4750,38.3,58.0,20.36
4751,38.3,58.1,20.35
4752,38.3,58.1,20.35
4753,38.3,58.0,20.35
4754,38.3,58.1,20.34
4755,38.3,58.1,20.34
4756,38.3,58.1,20.33
4757,38.3,58.1,20.33
4758,38.3,58.1,20.32
4759,38.3,58.1,20.32
4760,38.3,58.1,20.32
4761,38.3,58.1,20.31
4762,38.3,58.1,20.31
4763,38.3,58.1,20.3
4764,38.3,58.1,20.3
4765,38.3,58.1,20.29
4766,38.3,58.1,20.29
4767,38.3,58.1,20.29
4768,38.3,58.1,20.28
4769,38.3,58.1,20.28
4770,38.3,58.1,20.27
4771,38.3,58.1,20.27
4772,38.3,58.1,20.26
4773,38.3,58.1,20.26
4774,38.3,58.1,20.26
4775,38.3,58.1,20.25
4776,38.3,58.1,20.25
4777,38.3,58.1,20.24
4778,38.3,58.1,20.24
4779,38.3,58.1,20.23
4780,38.3,58.1,20.23
4781,38.3,58.1,20.23
4782,38.3,58.1,20.22
4783,38.3,58.1,20.22
4784,38.3,58.1,20.21
4785,38.3,58.1,20.21
4786,38.3,58.1,20.2
4787,38.3,58.1,20.2
4788,38.3,58.1,20.2
4789,38.3,58.1,20.19
4790,38.3,58.1,20.19
4791,38.3,58.1,20.18
4792,38.3,58.1,20.18
4793,38.3,58.1,20.18
4794,38.3,58.1,20.17
4795,38.3,58.1,20.17
4796,38.3,58.1,20.16
4797,38.3,58.1,20.16
4798,38.3,58.1,20.15
4799,38.3,58.1,20.15
4800,38.3,58.1,20.15
4801,38.3,58.1,20.14
4802,38.3,58.1,20.14
4803,38.3,58.1,20.13
4804,38.3,58.1,20.13
4805,38.3,58.1,20.12
4806,38.3,58.1,20.12
4807,38.3,58.1,20.12
4808,38.3,58.1,20.11
4809,38.3,58.1,20.11
4810,38.3,58.1,20.1
4811,38.3,58.1,20.1
4812,38.3,58.1,20.1
4813,38.7,58.1,20.74
4814,38.7,58.1,20.73
4815,38.7,58.1,20.73
4816,38.7,58.1,20.72
4817,38.7,58.0,20.72
4818,38.7,58.0,20.71
4819,38.7,58.0,20.71
4820,38.7,58.0,20.71
4821,38.7,58.0,20.7
4822,38.7,58.0,20.7
4823,38.7,58.1,20.69
4824,38.7,58.1,20.69
4825,38.7,58.1,20.68
4826,38.7,58.1,20.68
4827,38.7,58.1,20.68
4828,38.7,58.1,20.67
4829,38.7,58.1,20.67
4830,38.7,58.1,20.66
4831,38.7,58.1,20.66
4832,38.7,58.1,20.65
4833,38.7,58.0,20.65
4834,38.7,58.0,20.65
4835,38.7,58.0,20.64
4836,38.7,58.0,20.64
4837,38.7,58.0,20.63
4838,38.7,58.0,20.63
4839,38.7,58.0,20.62
4840,38.7,58.0,20.62
4841,38.7,58.0,20.62
4842,38.7,58.0,20.61
4843,38.7,58.0,20.61
4844,38.7,58.1,20.6
4845,38.7,58.1,20.6
4846,38.7,58.1,20.59
4847,38.7,58.1,20.59
4848,38.7,58.1,20.59
4849,38.7,58.1,20.58
4850,38.7,58.1,20.58
4851,38.7,58.1,20.57
4852,38.7,58.1,20.57
4853,38.7,58.1,20.56
4854,38.7,58.1,20.56
4855,38.7,58.1,20.56
4856,38.7,58.1,20.55
4857,38.7,58.1,20.55
4858,38.7,58.1,20.54
4859,38.7,58.1,20.54
4860,38.7,58.1,20.53
4861,38.7,58.1,20.53
4862,38.7,58.1,20.53
4863,38.7,58.1,20.52
4864,38.7,58.1,20.52
4865,38.7,58.1,20.51
4866,38.7,58.1,20.51
4867,38.7,58.1,20.51
4868,38.7,58.1,20.5
4869,38.7,58.1,20.5
4870,38.7,58.0,20.49
4871,38.7,58.1,20.49
4872,38.7,58.0,20.48
4873,38.7,58.1,20.48
4874,38.7,58.1,20.48
4875,38.7,58.1,20.47
4876,38.7,58.1,20.47
4877,38.7,58.1,20.46
4878,38.7,58.1,20.46
4879,38.7,58.0,20.46
4880,38.7,58.1,20.45
4881,38.7,58.1,20.45
4882,38.7,58.1,20.44
4883,38.7,58.1,20.44
4884,38.7,58.1,20.43
4885,38.7,58.1,20.43
4886,38.7,58.1,20.43
4887,38.7,58.1,20.42
4888,38.7,58.1,20.42
4889,38.7,58.0,20.41
4890,38.7,58.0,20.41
4891,38.7,58.0,20.4
4892,38.7,58.0,20.4
4893,38.7,58.0,20.4
4894,38.7,58.0,20.39
4895,38.7,58.0,20.39
4896,38.7,58.0,20.38
4897,38.7,58.1,20.38
4898,38.7,58.0,20.38
4899,38.7,58.0,20.37
4900,38.7,58.0,20.37
4901,38.7,58.0,20.36
4902,38.7,58.0,20.36
4903,38.7,58.0,20.35
4904,38.7,58.0,20.35
4905,38.7,58.0,20.35
4906,38.7,58.0,20.34
4907,38.7,58.0,20.34
4908,38.7,58.0,20.33
4909,38.7,58.0,20.33
4910,38.7,58.0,20.33
4911,38.7,58.0,20.32
4912,38.7,58.0,20.32
4913,38.7,58.0,20.31
4914,38.7,58.0,20.31
4915,38.7,58.0,20.31
4916,38.7,58.0,20.3
4917,38.7,58.0,20.3
4918,38.7,58.0,20.29
4919,38.7,58.0,20.29
4920,38.7,58.0,20.28
4921,38.7,58.0,20.28
4922,38.7,58.0,20.28
4923,38.7,58.0,20.27
4924,38.7,58.0,20.27
4925,38.7,58.0,20.26
4926,38.7,58.0,20.26
4927,38.7,58.0,20.26
4928,38.7,58.0,20.25
4929,38.7,58.0,20.25
4930,38.7,58.0,20.24
4931,38.7,58.0,20.24
4932,38.7,58.0,20.24
4933,38.7,58.0,20.23
4934,38.7,58.0,20.23
4935,38.7,58.0,20.22
4936,38.7,58.0,20.22
4937,38.7,58.0,20.21
4938,38.7,58.0,20.21
4939,38.7,58.0,20.21
4940,38.7,58.0,20.2
4941,38.7,58.0,20.2
4942,38.7,58.0,20.19
4943,38.7,58.0,20.19
4944,38.7,57.9,20.19
4945,38.7,58.0,20.18
4946,38.7,57.9,20.18
4947,38.7,57.9,20.17
4948,38.7,57.9,20.17
4949,38.7,57.9,20.17
4950,38.7,57.9,20.16
4951,38.7,57.9,20.16
4952,38.7,57.9,20.15
4953,38.7,57.9,20.15
4954,38.7,57.9,20.15
4955,38.7,57.9,20.14
4956,38.7,57.9,20.14
4957,38.7,57.9,20.13
4958,38.7,57.9,20.13
4959,38.7,57.9,20.13
4960,38.7,57.9,20.12
4961,38.7,57.9,20.12
4962,38.7,57.9,20.11
4963,38.7,57.9,20.11
4964,38.7,57.9,20.1
4965,38.7,57.9,20.1
4966,38.7,57.9,20.1
4967,38.7,57.9,20.09
4968,38.7,57.9,20.09
4969,38.7,57.8,20.08
4970,38.7,57.8,20.08
4971,38.7,57.8,20.08
4972,38.7,57.8,20.07
4973,38.7,57.8,20.07
4974,38.7,57.8,20.06
4975,38.7,57.8,20.06
4976,38.7,57.8,20.06
4977,38.7,57.8,20.05
4978,38.7,57.9,20.05
4979,38.7,57.8,20.04
4980,38.7,57.9,20.04
4981,38.7,57.8,20.04
4982,38.7,57.8,20.03
4983,38.7,57.8,20.03
4984,38.7,57.8,20.02
4985,38.7,57.9,20.02
4986,38.7,57.9,20.02
4987,38.7,57.9,20.01
4988,38.7,57.9,20.01
4989,38.7,57.9,20.0
4990,38.7,57.9,20.0
4991,38.7,57.8,20.0
4992,38.7,57.9,19.99
4993,38.7,57.8,19.99
4994,38.7,57.8,19.98
4995,38.7,57.9,19.98
4996,38.7,57.8,19.98
4997,38.7,57.9,19.97
4998,38.7,57.8,19.97
4999,38.7,57.9,19.96
5000,38.7,57.8,19.96
5001,38.7,57.8,19.96
5002,38.7,57.8,19.95
5003,38.7,57.8,19.95
5004,38.7,57.8,19.94
5005,38.7,57.8,19.94
5006,38.7,57.8,19.94
5007,38.7,57.8,19.93
5008,38.7,57.8,19.93
5009,38.7,57.8,19.92
5010,38.7,57.8,19.92
5011,38.7,57.8,19.92
5012,38.7,57.8,19.91
5013,38.7,57.8,19.91
5014,38.7,57.8,19.9
5015,38.7,57.8,19.9
5016,38.7,57.8,19.9
5017,38.7,57.8,19.89
5018,38.7,57.8,19.89
5019,38.7,57.8,19.88
5020,38.7,57.8,19.88
5021,38.7,57.8,19.88
5022,38.7,57.8,19.87
5023,38.7,57.8,19.87
5024,38.7,57.8,19.86
5025,38.7,57.8,19.86
5026,38.7,57.8,19.86
5027,38.7,57.8,19.85
5028,38.7,57.8,19.85
5029,38.7,57.7,19.84
5030,38.7,57.7,19.84
5031,38.7,57.7,19.84
5032,38.7,57.7,20.2
5033,38.7,57.7,20.2
5034,38.7,57.7,20.19
5035,38.7,57.7,20.19
5036,38.7,57.7,20.18
5037,38.7,57.8,20.18
5038,38.7,57.8,20.18
5039,38.7,57.7,20.17
5040,38.7,57.7,20.17
5041,38.7,57.7,20.16
5042,38.7,57.7,20.16
5043,38.7,57.7,20.16
5044,38.7,57.7,20.15
5045,38.7,57.7,20.15
5046,38.7,57.7,20.14
5047,38.7,57.7,20.14
5048,38.7,57.7,20.14
5049,38.7,57.7,20.13
5050,38.7,57.7,20.13
5051,38.7,57.7,20.12
5052,38.7,57.7,20.12
5053,38.7,57.7,20.12
5054,38.7,57.7,20.11
5055,38.7,57.7,20.11
5056,38.7,57.7,20.1
5057,38.7,57.7,20.1
5058,38.7,57.7,20.1
5059,38.7,57.7,20.09
5060,38.7,57.7,20.09
5061,38.7,57.7,20.08
5062,38.7,57.7,20.08
5063,38.7,57.7,20.08
5064,38.6,57.7,20.44
5065,38.6,57.7,20.43
5066,38.6,57.7,20.43
5067,38.6,57.7,20.43
5068,38.6,57.7,20.42
5069,38.6,57.7,20.42
5070,38.6,57.7,20.41
5071,38.6,57.7,20.41
5072,38.6,57.7,20.41
5073,38.6,57.7,20.4
5074,38.6,57.7,20.4
5075,38.6,57.7,20.39
5076,38.6,57.7,20.39
5077,38.6,57.7,20.39
5078,38.6,57.7,20.38
5079,38.6,57.7,20.38
5080,38.6,57.7,20.37
5081,38.6,57.7,20.37
5082,38.6,57.7,20.37
5083,38.6,57.7,20.36
5084,38.6,57.7,20.36
5085,38.6,57.7,20.35
5086,38.6,57.7,20.35
5087,38.6,57.7,20.35
5088,38.6,57.7,20.34
5089,38.6,57.7,20.34
5090,38.6,57.7,20.33
5091,38.6,57.7,20.33
5092,38.6,57.7,20.33
5093,38.6,57.7,20.32
5094,38.6,57.7,20.32
5095,38.6,57.7,20.31
5096,38.6,57.7,20.31
5097,38.6,57.7,20.31
5098,38.6,57.7,20.3
5099,38.6,57.7,20.3
5100,38.6,57.7,20.29
5101,38.6,57.7,20.29
5102,38.6,57.7,20.29
5103,38.6,57.7,20.28
5104,38.6,57.7,20.28
5105,38.6,57.7,20.27
5106,38.6,57.7,20.27
5107,38.6,57.7,20.27
5108,38.6,57.7,20.26
5109,38.6,57.7,20.26
5110,38.6,57.7,20.25
5111,38.6,57.7,20.25
5112,38.6,57.7,20.25
5113,38.6,57.7,20.24
5114,38.6,57.7,20.24
5115,38.6,57.7,20.23
5116,38.6,57.7,20.23
5117,38.6,57.7,20.23
5118,38.6,57.7,20.22
5119,38.6,57.7,20.22
5120,38.6,57.8,20.21
5121,38.6,57.7,20.21
5122,38.6,57.7,20.21
5123,38.6,57.7,20.2
5124,38.6,57.7,20.2
5125,38.6,57.7,20.2
5126,38.6,57.7,20.19
5127,38.6,57.7,20.19
5128,38.6,57.7,20.18
5129,38.6,57.7,20.18
5130,38.6,57.7,20.18
5131,38.6,57.7,20.17
5132,38.6,57.7,20.17
5133,38.6,57.7,20.16
5134,38.6,57.7,20.16
5135,38.6,57.7,20.16
5136,38.6,57.7,20.15
5137,38.6,57.7,20.15
5138,38.6,57.7,20.14
5139,38.6,57.7,20.14
5140,38.6,57.7,20.14
5141,38.6,57.7,20.13
5142,38.6,57.7,20.13
5143,38.6,57.7,20.12
5144,38.6,57.7,20.12
5145,38.6,57.7,20.12
5146,38.6,57.7,20.11
5147,38.6,57.7,20.11
5148,38.6,57.7,20.1
5149,38.6,57.7,20.1
5150,38.6,57.7,20.1
5151,38.6,57.7,20.09
5152,38.6,57.7,20.09
5153,38.6,57.7,20.09
5154,38.6,57.7,20.08
5155,38.6,57.7,20.08
5156,38.6,57.7,20.07
5157,38.6,57.7,20.07
5158,38.6,57.7,20.07
5159,38.6,57.7,20.06
5160,38.6,57.7,20.06
5161,38.6,57.7,20.05
5162,38.6,57.7,20.05
5163,38.6,57.7,20.05
5164,38.6,57.7,20.04
5165,38.6,57.7,20.04
5166,38.6,57.7,20.03
5167,38.6,57.7,20.03
5168,38.6,57.7,20.03
5169,38.6,57.7,20.02
5170,38.6,57.7,20.02
5171,38.6,57.7,20.02
5172,38.6,57.7,20.01
5173,38.6,57.7,20.01
5174,38.6,57.7,20.0
5175,38.6,57.7,20.0
5176,38.6,57.7,20.0
5177,38.6,57.7,19.99
5178,38.6,57.7,19.99
5179,38.6,57.7,19.98
5180,38.6,57.7,19.98
5181,38.6,57.7,19.98
5182,38.6,57.7,19.97
5183,38.6,57.7,19.97
5184,38.6,57.7,19.97
5185,38.6,57.7,19.96
5186,38.8,57.7,20.46
5187,38.8,57.7,20.45
5188,38.8,57.7,20.45
5189,38.8,57.7,20.45
5190,38.8,57.7,20.44
5191,38.8,57.7,20.44
5192,38.8,57.7,20.44
5193,38.8,57.7,20.43
5194,38.8,57.7,20.43
5195,38.8,57.7,20.42
5196,38.8,57.7,20.42
5197,38.8,57.7,20.42
5198,38.8,57.7,20.41
5199,38.8,57.7,20.41
5200,38.8,57.7,20.4
5201,38.8,57.7,20.4
5202,38.8,57.7,20.4
5203,38.8,57.7,20.39
5204,38.8,57.7,20.39
5205,38.8,57.7,20.38
5206,38.8,57.7,20.38
5207,38.8,57.7,20.38
5208,38.8,57.7,20.37
5209,38.8,57.7,20.37
5210,38.8,57.7,20.36
5211,38.8,57.7,20.36
5212,38.8,57.7,20.36
5213,38.8,57.7,20.35
5214,38.8,57.7,20.35
5215,38.8,57.7,20.35
5216,38.8,57.7,20.34
5217,38.8,57.7,20.34
5218,38.8,57.7,20.33
5219,38.8,57.7,20.33
5220,38.8,57.7,20.33
5221,38.8,57.7,20.32
5222,38.8,57.7,20.32
5223,38.8,57.7,20.31
5224,38.8,57.7,20.31
5225,38.8,57.7,20.31
5226,38.8,57.7,20.3
5227,38.8,57.7,20.3
5228,38.8,57.7,20.29
5229,38.8,57.7,20.29
5230,38.8,57.7,20.29
5231,38.8,57.7,20.28
5232,38.8,57.7,20.28
5233,38.8,57.7,20.28
5234,38.8,57.7,20.27
5235,38.8,57.7,20.27
5236,38.8,57.7,20.26
5237,38.8,57.7,20.26
5238,38.8,57.7,20.26
5239,38.8,57.7,20.25
5240,38.8,57.7,20.25
5241,38.8,57.7,20.24
5242,38.8,57.7,20.24
5243,38.8,57.7,20.24
5244,38.8,57.7,20.23
5245,38.8,57.7,20.23
5246,38.8,57.7,20.22
5247,38.8,57.7,20.22
5248,38.8,57.7,20.22
5249,38.8,57.7,20.21
5250,38.8,57.7,20.21
5251,38.8,57.7,20.21
5252,38.7,57.7,20.54
5253,38.7,57.7,20.54
5254,38.7,57.7,20.54
5255,38.7,57.6,20.53
5256,38.7,57.6,20.53
5257,38.7,57.6,20.53
5258,38.7,57.6,20.52
5259,38.7,57.6,20.52
5260,38.7,57.6,20.51
5261,38.7,57.6,20.51
5262,38.7,57.6,20.51
5263,38.7,57.6,20.5
5264,38.7,57.6,20.5
5265,38.7,57.6,20.49
5266,38.7,57.6,20.49
5267,38.7,57.6,20.49
5268,38.7,57.6,20.48
5269,38.7,57.6,20.48
5270,38.7,57.6,20.47
5271,38.7,57.6,20.47
5272,38.7,57.6,20.47
5273,38.7,57.6,20.46
5274,38.7,57.6,20.46
5275,38.7,57.6,20.45
5276,38.7,57.6,20.45
5277,38.7,57.6,20.45
5278,38.7,57.6,20.44
5279,38.7,57.6,20.44
5280,38.7,57.6,20.44
5281,38.7,57.6,20.43
5282,38.7,57.6,20.43
5283,38.5,57.6,20.69
5284,38.5,57.6,20.69
5285,38.5,57.6,20.68
5286,38.5,57.6,20.68
5287,38.5,57.6,20.67
5288,38.5,57.6,20.67
5289,38.5,57.6,20.67
5290,38.5,57.6,20.66
5291,38.5,57.6,20.66
5292,38.5,57.5,20.65
5293,38.5,57.5,20.65
5294,38.3,57.5,20.94
5295,38.3,57.5,20.93
5296,38.3,57.5,20.93
5297,38.3,57.5,20.93
5298,38.3,57.5,20.92
5299,38.3,57.5,20.92
5300,38.3,57.5,20.92
5301,38.3,57.5,20.91
5302,38.3,57.5,20.91
5303,38.3,57.5,20.9
5304,38.3,57.5,20.9
5305,38.3,57.5,20.9
5306,38.3,57.4,20.89
5307,38.3,57.5,20.89
5308,38.3,57.5,20.88
5309,38.3,57.4,20.88
5310,38.3,57.4,20.88
5311,38.3,57.4,20.87
5312,38.3,57.4,20.87
5313,38.3,57.4,20.86
5314,38.3,57.4,20.86
5315,38.3,57.4,20.86
5316,38.3,57.4,20.85
5317,38.3,57.4,20.85
5318,38.3,57.4,20.84
5319,38.3,57.4,20.84
5320,38.3,57.4,20.84
5321,38.3,57.4,20.83
5322,38.3,57.4,20.83
5323,38.3,57.4,20.82
5324,38.3,57.4,20.82
5325,38.3,57.4,20.82
5326,38.3,57.4,20.81
5327,38.3,57.4,20.81
5328,38.3,57.5,20.81
5329,38.3,57.4,20.8
5330,38.3,57.4,20.8
5331,38.3,57.5,20.79
5332,38.3,57.4,20.79
5333,38.3,57.4,20.79
5334,38.3,57.4,20.78
5335,38.3,57.5,20.78
5336,38.3,57.5,20.77
5337,38.3,57.4,20.77
5338,38.3,57.5,20.77
5339,38.3,57.5,20.76
5340,38.3,57.5,20.76
5341,38.3,57.5,20.75
5342,38.3,57.5,20.75
5343,38.3,57.5,20.75
5344,38.3,57.5,20.74
5345,38.3,57.5,20.74
5346,38.3,57.5,20.74
5347,38.3,57.5,20.73
5348,38.2,57.5,21.06
5349,38.2,57.5,21.06
5350,38.2,57.5,21.06
5351,38.2,57.5,21.05
5352,38.2,57.5,21.05
5353,38.2,57.5,21.04
5354,38.2,57.5,21.04
5355,38.2,57.5,21.04
5356,38.2,57.5,21.03
5357,38.2,57.5,21.03
5358,38.2,57.4,21.02
5359,38.2,57.5,21.02
5360,38.2,57.5,21.02
5361,38.2,57.5,21.01
5362,38.2,57.5,21.01
5363,38.2,57.5,21.01
5364,38.2,57.5,21.0
5365,38.2,57.5,21.0
5366,38.2,57.5,20.99
5367,38.2,57.5,20.99
5368,38.2,57.5,20.99
5369,38.2,57.5,20.98
5370,38.2,57.5,20.98
5371,38.2,57.5,20.97
5372,38.2,57.5,20.97
5373,38.2,57.5,20.97
5374,38.2,57.5,20.96
5375,38.2,57.5,20.96
5376,38.2,57.5,20.95
5377,38.2,57.5,20.95
5378,38.2,57.5,20.95
5379,38.2,57.5,20.94
5380,38.2,57.5,20.94
5381,38.2,57.5,20.93
5382,38.2,57.5,20.93
5383,38.2,57.5,20.93
5384,38.2,57.5,20.92
5385,38.2,57.5,20.92
5386,38.2,57.4,20.92
5387,38.2,57.4,20.91
5388,38.2,57.4,20.91
5389,38.2,57.5,20.9
5390,38.2,57.4,20.9
5391,38.2,57.4,20.9
5392,38.2,57.4,20.89
5393,38.2,57.4,20.89
5394,38.2,57.4,20.88
5395,38.2,57.4,20.88
5396,38.2,57.4,20.88
5397,38.2,57.4,20.87
5398,38.2,57.4,20.87
5399,38.2,57.4,20.86
5400,38.2,57.4,20.86
5401,38.2,57.4,20.86
5402,38.2,57.4,20.85
5403,38.2,57.4,20.85
5404,38.2,57.4,20.85
5405,38.2,57.4,20.84
5406,38.2,57.4,20.84
5407,38.2,57.4,20.83
5408,38.2,57.4,20.83
5409,38.2,57.3,20.83
5410,38.2,57.4,20.82
5411,38.2,57.3,20.82
5412,38.2,57.4,20.81
5413,38.2,57.3,20.81
5414,38.2,57.4,20.81
5415,38.2,57.3,20.8
5416,38.2,57.3,20.8
5417,38.2,57.3,20.8
5418,38.2,57.3,20.79
5419,38.2,57.3,20.79
5420,38.2,57.3,20.78
5421,38.2,57.3,20.78
5422,38.2,57.3,20.78
5423,38.2,57.3,20.77
5424,38.2,57.3,20.77
5425,38.2,57.3,20.76
5426,38.2,57.3,20.76
5427,38.2,57.3,20.76
5428,38.2,57.3,20.75
5429,38.2,57.3,20.75
5430,38.2,57.3,20.75
5431,38.2,57.3,20.74
5432,38.2,57.3,20.74
5433,38.2,57.3,20.73
5434,38.2,57.3,20.73
5435,38.2,57.3,20.73
5436,38.2,57.3,20.72
5437,38.2,57.3,20.72
5438,38.2,57.3,20.72
5439,38.2,57.3,20.71
5440,38.2,57.3,20.71
5441,38.2,57.3,20.7
5442,38.2,57.3,20.7
5443,38.2,57.3,20.7
5444,38.2,57.3,20.69
5445,38.2,57.3,20.69
5446,38.2,57.3,20.68
5447,38.2,57.3,20.68
5448,38.2,57.3,20.68
5449,38.2,57.3,20.67
5450,38.2,57.3,20.67
5451,38.2,57.3,20.67
5452,38.2,57.3,20.66
5453,38.2,57.3,20.66
5454,38.2,57.3,20.65
5455,38.2,57.3,20.65
5456,38.2,57.3,20.65
5457,38.2,57.3,20.64
5458,38.2,57.3,20.64
5459,38.2,57.3,20.64
5460,38.2,57.3,20.63
5461,38.2,57.3,20.63
5462,38.2,57.3,20.62
5463,38.2,57.3,20.62
5464,38.2,57.3,20.62
5465,38.2,57.3,20.61
5466,38.2,57.3,20.61
5467,38.2,57.3,20.61
5468,38.2,57.2,20.6
5469,38.2,57.2,20.6
5470,38.2,57.2,20.59
5471,38.2,57.2,20.59
5472,38.2,57.2,20.59
5473,38.2,57.2,20.58
5474,38.2,57.2,20.58
5475,38.2,57.2,20.58
5476,38.2,57.2,20.57
5477,38.2,57.2,20.57
5478,38.2,57.2,20.56
5479,38.2,57.2,20.56
5480,38.2,57.2,20.56
5481,38.2,57.2,20.55
5482,38.2,57.2,20.55
5483,38.2,57.2,20.55
5484,38.2,57.2,20.54
5485,38.2,57.2,20.54
5486,38.2,57.2,20.53
5487,38.2,57.2,20.53
5488,38.2,57.2,20.53
5489,38.2,57.2,20.52
5490,38.2,57.2,20.52
5491,38.2,57.2,20.52
5492,38.2,57.2,20.51
5493,38.2,57.2,20.51
5494,38.2,57.2,20.5
5495,38.2,57.2,20.5
5496,38.2,57.2,20.5
5497,38.2,57.2,20.49
5498,38.2,57.2,20.49
5499,38.2,57.2,20.49
5500,38.2,57.2,20.48
5501,38.2,57.2,20.48
5502,38.2,57.2,20.47
5503,38.2,57.2,20.47
5504,38.2,57.2,20.47
5505,38.2,57.2,20.46
5506,38.2,57.2,20.46
5507,38.2,57.2,20.46
5508,38.2,57.2,20.45
5509,38.2,57.2,20.45
5510,38.2,57.2,20.44
5511,38.2,57.2,20.44
5512,38.2,57.2,20.44
5513,38.2,57.2,20.43
5514,38.2,57.2,20.43
5515,38.2,57.2,20.43
5516,38.2,57.2,20.42
5517,38.2,57.2,20.42
5518,38.2,57.2,20.42
5519,38.2,57.2,20.41
5520,38.2,57.2,20.41
5521,38.2,57.2,20.4
5522,38.2,57.2,20.4
5523,38.2,57.2,20.4
5524,38.2,57.2,20.39
5525,38.2,57.2,20.39
5526,38.2,57.2,20.39
5527,38.2,57.2,20.38
5528,38.2,57.2,20.38
5529,38.2,57.2,20.37
5530,38.2,57.2,20.37
5531,38.2,57.2,20.37
5532,38.2,57.2,20.36
5533,38.2,57.2,20.36
5534,38.2,57.2,20.36
5535,38.2,57.2,20.35
5536,38.2,57.2,20.35
5537,38.2,57.2,20.34
5538,38.2,57.2,20.34
5539,38.2,57.2,20.34
5540,38.2,57.2,20.33
5541,38.2,57.2,20.33
5542,38.2,57.2,20.33
5543,38.2,57.2,20.32
5544,38.2,57.2,20.32
5545,38.2,57.2,20.32
5546,38.2,57.2,20.31
5547,38.2,57.2,20.31
5548,38.2,57.2,20.3
5549,38.2,57.1,20.3
5550,38.2,57.1,20.3
5551,38.2,57.1,20.29
5552,38.2,57.2,20.29
5553,38.2,57.1,20.29
5554,38.2,57.1,20.28
5555,38.2,57.2,20.28
5556,38.2,57.1,20.28
5557,38.2,57.1,20.27
5558,38.2,57.1,20.27
5559,38.2,57.1,20.26
5560,38.2,57.1,20.26
5561,38.2,57.1,20.26
5562,38.2,57.1,20.25
5563,38.2,57.1,20.25
5564,38.2,57.1,20.25
5565,38.2,57.1,20.24
5566,38.2,57.1,20.24
5567,38.2,57.1,20.24
5568,38.2,57.1,20.23
5569,38.2,57.1,20.23
5570,38.2,57.1,20.22
5571,38.2,57.1,20.22
5572,38.2,57.1,20.22
5573,38.2,57.1,20.21
5574,38.2,57.1,20.21
5575,38.2,57.1,20.21
5576,38.2,57.1,20.2
5577,38.2,57.1,20.2
5578,38.2,57.1,20.2
5579,38.2,57.1,20.19
5580,38.2,57.1,20.19
5581,38.2,57.1,20.18
5582,38.2,57.1,20.18
5583,38.2,57.1,20.18
5584,38.2,57.1,20.17
5585,38.2,57.1,20.17
5586,38.2,57.1,20.17
5587,38.2,57.1,20.16
5588,38.2,57.1,20.16
5589,38.2,57.1,20.16
5590,38.2,57.1,20.15
5591,38.2,57.1,20.15
5592,38.2,57.1,20.14
5593,38.2,57.1,20.14
5594,38.2,57.1,20.14
5595,38.2,57.1,20.13
5596,38.2,57.1,20.13
5597,38.2,57.1,20.13
5598,38.2,57.1,20.12
5599,38.2,57.1,20.12
5600,38.2,57.1,20.12
5601,38.2,57.1,20.11
5602,38.2,57.1,20.11
5603,38.2,57.1,20.11
5604,38.2,57.1,20.1
5605,38.2,57.1,20.1
5606,38.2,57.1,20.09
5607,38.2,57.1,20.09
5608,38.2,57.1,20.09
5609,38.2,57.1,20.08
5610,38.2,57.1,20.08
5611,38.2,57.1,20.08
5612,38.2,57.1,20.07
5613,38.2,57.1,20.07
5614,38.2,57.1,20.07
5615,38.2,57.1,20.06
5616,38.2,57.1,20.06
5617,38.2,57.1,20.06
5618,38.2,57.1,20.05
5619,38.2,57.1,20.05
5620,38.2,57.1,20.04
5621,38.2,57.1,20.04
5622,38.2,57.1,20.04
5623,38.2,57.1,20.03
5624,38.2,57.0,20.03
5625,38.2,57.0,20.03
5626,38.2,57.1,20.02
5627,38.2,57.0,20.02
5628,38.2,57.0,20.02
5629,38.2,57.0,20.01
5630,38.2,57.1,20.01
5631,38.2,57.1,20.01
5632,38.2,57.0,20.0
5633,38.2,57.0,20.0
5634,38.2,57.0,19.99
5635,38.2,57.0,19.99
5636,38.1,57.0,20.29
5637,38.1,57.0,20.29
5638,38.1,57.0,20.28
5639,38.1,57.0,20.28
5640,38.1,57.0,20.27
5641,38.1,57.0,20.27
5642,38.1,57.0,20.27
5643,38.1,57.0,20.26
5644,38.1,57.0,20.26
5645,38.1,57.0,20.26
5646,38.1,57.0,20.25
5647,38.1,57.0,20.25
5648,38.1,57.0,20.25
5649,38.1,57.0,20.24
5650,38.1,57.0,20.24
5651,38.1,57.0,20.24
5652,38.1,57.0,20.23
5653,38.1,57.0,20.23
5654,38.1,57.0,20.22
5655,38.1,57.0,20.22
5656,38.1,57.1,20.22
5657,38.1,57.1,20.21
5658,38.1,57.1,20.21
5659,38.1,57.1,20.21
5660,38.1,57.0,20.2
5661,38.1,57.0,20.2
5662,38.1,57.0,20.2
5663,38.1,57.0,20.19
5664,38.1,57.0,20.19
5665,38.1,57.0,20.19
5666,38.1,57.0,20.18
5667,38.1,57.0,20.18
5668,38.1,57.0,20.17
5669,38.1,57.0,20.17
5670,38.1,57.0,20.17
5671,38.1,57.0,20.16
5672,38.1,57.0,20.16
5673,38.1,57.0,20.16
5674,38.1,57.0,20.15
5675,38.1,57.0,20.15
5676,38.1,57.0,20.15
5677,38.1,57.0,20.14
5678,38.1,57.0,20.14
5679,38.1,57.0,20.14
5680,38.1,57.0,20.13
5681,38.1,57.0,20.13
5682,38.1,57.0,20.12
5683,38.1,57.0,20.12
5684,38.1,57.0,20.12
5685,38.1,57.0,20.11
5686,38.1,57.0,20.11
5687,38.1,57.0,20.11
5688,38.1,57.0,20.1
5689,38.1,57.0,20.1
5690,38.1,57.0,20.1
5691,38.1,57.0,20.09
5692,38.1,57.0,20.09
5693,38.1,57.0,20.09
5694,38.1,57.0,20.08
5695,38.1,57.1,20.08
5696,38.1,57.0,20.08
5697,38.1,57.0,20.07
5698,38.1,57.1,20.07
5699,38.1,57.0,20.06
5700,38.1,57.0,20.06
5701,38.1,57.0,20.06
5702,38.1,57.0,20.05
5703,38.1,57.0,20.05
5704,38.1,57.0,20.05
5705,38.1,57.0,20.04
5706,38.1,57.0,20.04
5707,38.1,57.0,20.04
5708,38.1,57.0,20.03
5709,38.1,57.0,20.03
5710,38.1,57.0,20.03
5711,38.1,57.0,20.02
5712,38.1,57.0,20.02
5713,38.1,57.0,20.02
5714,38.1,57.0,20.01
5715,38.1,57.0,20.01
5716,38.1,57.0,20.01
5717,38.1,57.0,20.0
5718,38.1,57.0,20.0
5719,38.1,57.0,19.99
5720,38.1,57.0,19.99
5721,38.1,57.0,19.99
5722,38.1,57.0,19.98
5723,38.1,57.0,19.98
5724,38.1,57.0,19.98
5725,38.1,57.0,19.97
5726,38.1,57.0,19.97
5727,38.1,57.0,19.97
5728,38.1,57.0,19.96
5729,38.1,57.0,19.96
5730,39.1,57.0,20.79
5731,39.1,57.0,20.78
5732,39.1,57.0,20.78
5733,39.1,57.0,20.77
5734,39.1,57.0,20.77
5735,39.1,57.0,20.77
5736,39.1,57.0,20.76
5737,39.1,57.0,20.76
5738,39.1,57.0,20.76
5739,39.1,57.0,20.75
5740,39.1,57.0,20.75
5741,39.1,57.0,20.75
5742,39.1,57.0,20.74
5743,39.1,57.0,20.74
5744,39.1,57.0,20.73
5745,38.9,57.0,21.01
5746,38.9,57.0,21.01
5747,38.9,57.0,21.0
5748,38.9,57.0,21.0
5749,38.9,57.0,20.99
5750,38.9,57.0,20.99
5751,38.9,57.0,20.99
5752,38.9,57.0,20.98
5753,38.9,57.0,20.98
5754,38.9,57.0,20.98
5755,38.9,57.0,20.97
5756,38.9,57.0,20.97
5757,38.9,57.0,20.97
5758,38.9,57.0,20.96
5759,38.9,57.0,20.96
5760,38.9,57.0,20.95
5761,38.9,57.0,20.95
5762,38.9,57.0,20.95
5763,38.9,57.0,20.94
5764,38.9,57.0,20.94
5765,38.9,57.0,20.94
5766,38.9,57.0,20.93
5767,38.9,57.0,20.93
5768,38.9,57.0,20.93
5769,38.9,57.0,20.92
5770,38.9,57.0,20.92
5771,38.9,57.0,20.91
5772,38.9,57.0,20.91
5773,38.9,57.0,20.91
5774,38.9,57.0,20.9
5775,38.9,57.0,20.9
5776,38.9,57.0,20.9
5777,38.9,57.0,20.89
5778,38.9,57.0,20.89
5779,38.9,57.0,20.89
5780,38.9,57.0,20.88
5781,38.9,57.0,20.88
5782,38.9,57.0,20.88
5783,38.9,57.0,20.87
5784,38.9,57.0,20.87
5785,38.9,57.0,20.86
5786,38.9,57.1,20.86
5787,38.9,57.0,20.86
5788,38.9,57.0,20.85
5789,38.9,57.0,20.85
5790,38.9,57.0,20.85
5791,38.9,57.0,20.84
5792,38.9,57.0,20.84
5793,38.9,57.0,20.84
5794,38.9,57.0,20.83
5795,38.9,57.0,20.83
5796,38.9,57.0,20.82
5797,38.9,57.0,20.82
5798,38.9,57.0,20.82
5799,38.9,57.0,20.81
5800,38.9,57.1,20.81
5801,38.9,57.0,20.81
5802,38.9,57.0,20.8
5803,38.9,57.0,20.8
5804,38.9,57.0,20.8
5805,38.9,57.0,20.79
5806,38.9,57.0,20.79
5807,38.9,57.0,20.79
5808,38.9,57.0,20.78
5809,38.9,57.0,20.78
5810,38.9,57.0,20.77
5811,38.9,57.0,20.77
5812,38.9,57.0,20.77
5813,38.9,57.0,20.76
5814,38.9,57.0,20.76
5815,38.9,57.0,20.76
5816,38.9,57.0,20.75
5817,38.9,57.0,20.75
5818,38.9,57.0,20.75
5819,38.9,57.0,20.74
5820,38.9,57.0,20.74
5821,38.9,57.0,20.74
5822,38.9,57.0,20.73
5823,38.9,57.0,20.73
5824,38.9,57.0,20.72
5825,38.9,57.0,20.72
5826,38.9,57.0,20.72
5827,38.9,57.0,20.71
5828,38.9,57.0,20.71
5829,38.9,57.0,20.71
5830,38.9,57.0,21.06
5831,38.9,57.0,21.06
5832,38.9,57.0,21.06
5833,38.9,57.0,21.05
5834,38.9,57.0,21.05
5835,38.9,57.0,21.05
5836,38.9,57.0,21.04
5837,38.9,57.0,21.04
5838,38.9,57.0,21.03
5839,38.9,57.0,21.03
5840,38.9,57.0,21.03
5841,38.9,57.0,21.02
5842,38.9,56.9,21.02
5843,38.9,57.0,21.02
5844,38.9,56.9,21.01
5845,38.9,57.0,21.01
5846,38.9,56.9,21.01
5847,38.9,57.0,21.0
5848,38.9,56.9,21.0
5849,38.9,56.9,21.0
5850,38.9,56.9,20.99
5851,38.9,56.9,20.99
5852,38.9,57.0,20.98
5853,38.9,56.9,20.98
5854,38.9,57.0,20.98
5855,38.9,57.0,20.97
5856,38.9,57.0,20.97
5857,38.9,56.9,20.97
5858,38.9,56.9,20.96
5859,38.9,56.9,20.96
5860,38.9,56.9,20.96
5861,38.9,56.9,20.95
5862,38.9,56.9,20.95
5863,38.9,56.9,20.94
5864,38.9,56.9,20.94
5865,38.9,56.9,20.94
5866,38.9,56.9,20.93
5867,38.9,56.9,20.93
5868,38.9,56.9,20.93
5869,38.9,56.9,20.92
5870,38.9,56.9,20.92
5871,38.9,56.9,20.92
5872,38.9,56.9,20.91
5873,38.9,56.9,20.91
5874,38.9,56.9,20.91
5875,38.9,56.9,20.9
5876,38.9,56.9,20.9
5877,38.9,56.9,20.9
5878,38.9,56.9,20.89
5879,38.9,56.9,20.89
5880,38.9,56.9,20.88
5881,38.9,56.9,20.88
5882,38.9,56.9,20.88
5883,38.9,56.9,20.87
5884,38.9,56.9,20.87
5885,38.9,56.9,20.87
5886,38.9,56.9,20.86
5887,38.9,56.9,20.86
5888,38.9,56.9,20.86
5889,38.9,56.9,20.85
5890,38.9,56.9,20.85
5891,38.9,56.9,20.85
5892,38.9,56.9,20.84
5893,38.9,56.9,20.84
5894,38.9,56.9,20.83
5895,38.9,56.9,20.83
5896,38.9,56.9,20.83
5897,38.9,56.9,20.82
5898,38.9,56.9,20.82
5899,38.9,56.9,20.82
5900,38.9,56.9,20.81
5901,38.9,56.9,20.81
5902,38.9,56.9,20.81
5903,38.9,56.9,20.8
5904,38.9,56.9,20.8
5905,38.9,56.9,20.8
5906,38.9,56.9,20.79
5907,38.9,56.9,20.79
5908,38.9,56.9,20.79
5909,38.9,56.9,20.78
5910,38.9,56.9,20.78
5911,38.9,56.9,20.77
5912,38.9,56.9,20.77
5913,38.9,56.9,20.77
5914,38.9,56.9,20.76
5915,38.9,56.9,20.76
5916,38.9,56.9,20.76
5917,38.9,56.9,20.75
5918,38.9,56.9,20.75
5919,38.9,56.9,20.75
5920,38.9,56.9,20.74
5921,38.9,56.9,20.74
5922,38.9,56.9,20.74
5923,38.9,56.9,20.73
5924,38.9,56.9,20.73
5925,38.9,56.9,20.73
5926,38.9,56.9,20.72
5927,38.9,56.9,20.72
5928,38.9,56.9,20.72
5929,38.9,56.9,20.71
5930,38.9,56.9,20.71
5931,38.9,56.9,20.7
5932,38.9,56.9,20.7
5933,38.9,57.0,20.7
5934,38.9,56.9,20.69
5935,38.9,57.0,20.69
5936,38.9,56.9,20.69
5937,38.9,56.9,20.68
5938,38.9,57.0,20.68
5939,38.9,57.0,20.68
5940,38.9,57.0,20.67
5941,38.9,57.0,20.67
5942,38.8,57.0,20.95
5943,38.8,57.0,20.95
5944,38.8,57.0,20.95
5945,38.8,57.0,20.94
5946,38.8,57.0,20.94
5947,38.8,57.0,20.93
5948,38.8,57.0,20.93
5949,38.8,57.0,20.93
5950,38.8,57.0,20.92
5951,38.8,57.0,20.92
5952,38.8,57.0,20.92
5953,38.8,57.0,20.91
5954,38.8,57.0,20.91
5955,38.9,57.0,21.27
5956,38.9,57.0,21.26
5957,38.9,57.0,21.26
5958,38.9,57.0,21.26
5959,38.9,57.0,21.25
5960,38.9,57.0,21.25
5961,38.9,57.0,21.25
5962,38.9,57.0,21.24
5963,38.9,57.0,21.24
5964,38.9,57.0,21.24
5965,38.9,57.0,21.23
5966,38.9,57.0,21.23
5967,38.9,57.0,21.23
5968,38.9,57.0,21.22
5969,38.9,57.0,21.22
5970,38.9,57.0,21.21
5971,38.9,57.0,21.21
5972,38.9,57.0,21.21
5973,38.9,57.0,21.2
5974,38.9,57.0,21.2
5975,38.9,57.1,21.2
5976,38.9,57.1,21.19
5977,38.9,57.1,21.19
5978,38.9,57.1,21.19
5979,38.9,57.1,21.18
5980,38.9,57.1,21.18
5981,38.9,57.1,21.18
5982,38.9,57.1,21.17
5983,38.9,57.1,21.17
5984,38.9,57.1,21.16
5985,38.9,57.1,21.16
5986,38.9,57.1,21.16
5987,38.9,57.1,21.15
5988,38.9,57.1,21.15
5989,38.9,57.1,21.15
5990,38.9,57.1,21.14
5991,38.9,57.1,21.14
5992,38.9,57.1,21.14
5993,38.9,57.1,21.13
5994,38.9,57.1,21.13
5995,38.9,57.1,21.13
5996,38.9,57.1,21.12
5997,38.9,57.1,21.12
5998,38.9,57.1,21.12
5999,38.9,57.1,21.11
6000,38.9,57.1,21.11
6001,38.9,57.1,21.1
6002,38.9,57.1,21.1
6003,38.9,57.1,21.1
6004,38.9,57.1,21.09
6005,38.9,57.1,21.09
6006,38.9,57.1,21.09
6007,38.9,57.1,21.08
6008,38.9,57.1,21.08
6009,38.9,57.1,21.08
6010,38.9,57.1,21.07
6011,38.9,57.1,21.07
6012,38.9,57.1,21.07
6013,38.9,57.1,21.06
6014,38.9,57.1,21.06
6015,38.9,57.1,21.06
6016,38.9,57.1,21.05
6017,38.9,57.1,21.05
6018,38.9,57.1,21.05
6019,38.9,57.1,21.04
6020,38.9,57.1,21.04
6021,38.9,57.1,21.03
6022,38.9,57.1,21.03
6023,38.9,57.1,21.03
6024,38.9,57.1,21.02
6025,38.9,57.1,21.02
6026,38.9,57.1,21.02
6027,38.9,57.1,21.01
6028,38.9,57.1,21.01
6029,38.9,57.1,21.01
6030,38.9,57.1,21.0
6031,38.9,57.1,21.0
6032,38.9,57.1,21.0
6033,38.9,57.1,20.99
6034,38.9,57.1,20.99
6035,38.9,57.1,20.99
6036,38.9,57.1,20.98
6037,38.7,57.1,21.25
6038,38.7,57.1,21.25
6039,38.7,57.1,21.25
6040,38.7,57.1,21.24
6041,38.7,57.1,21.24
6042,38.7,57.1,21.23
6043,38.7,57.1,21.23
6044,38.7,57.1,21.23
6045,38.7,57.2,21.22
6046,38.7,57.2,21.22
6047,38.7,57.2,21.22
6048,38.7,57.2,21.21
6049,38.7,57.2,21.21
6050,38.7,57.2,21.21
6051,38.7,57.2,21.2
6052,38.7,57.2,21.2
6053,38.7,57.2,21.2
6054,38.7,57.2,21.19
6055,38.7,57.2,21.19
6056,38.7,57.2,21.19
6057,38.7,57.2,21.18
6058,38.7,57.2,21.18
6059,38.7,57.2,21.18
6060,38.7,57.2,21.17
6061,38.7,57.2,21.17
6062,38.7,57.2,21.16
6063,38.7,57.1,21.16
6064,38.7,57.2,21.16
6065,38.7,57.2,21.15
6066,38.7,57.2,21.15
6067,38.7,57.2,21.15
6068,38.7,57.2,21.14
6069,38.7,57.2,21.14
6070,38.7,57.2,21.14
6071,38.7,57.2,21.13
6072,38.7,57.2,21.13
6073,38.7,57.2,21.13
6074,38.7,57.2,21.12
6075,38.7,57.2,21.12
6076,38.7,57.2,21.12
6077,38.7,57.2,21.11
6078,38.7,57.2,21.11
6079,38.7,57.2,21.11
6080,38.7,57.3,21.1
6081,38.7,57.3,21.1
6082,38.7,57.3,21.1
6083,38.7,57.3,21.09
6084,38.7,57.2,21.09
6085,38.7,57.2,21.08
6086,38.7,57.2,21.08
6087,38.7,57.2,21.08
6088,38.7,57.2,21.07
6089,38.7,57.2,21.07
6090,38.7,57.2,21.07
6091,38.7,57.2,21.06
6092,38.7,57.2,21.06
6093,38.7,57.2,21.06
6094,38.7,57.2,21.05
6095,38.7,57.2,21.05
6096,38.7,57.2,21.05
6097,38.7,57.2,21.04
6098,38.7,57.2,21.04
6099,38.7,57.2,21.04
6100,38.7,57.2,21.03
6101,38.7,57.2,21.03
6102,38.7,57.2,21.03
6103,38.7,57.2,21.02
6104,38.7,57.2,21.02
6105,38.7,57.2,21.02
6106,38.7,57.2,21.01
6107,38.7,57.2,21.01
6108,38.7,57.2,21.01
6109,38.7,57.2,21.0
6110,38.7,57.2,21.0
6111,38.7,57.2,20.99
6112,38.7,57.2,20.99
6113,38.7,57.3,20.99
6114,38.7,57.3,20.98
6115,38.7,57.3,20.98
6116,38.7,57.3,20.98
6117,38.7,57.3,20.97
6118,38.7,57.3,20.97
6119,38.7,57.3,20.97
6120,38.7,57.3,20.96
6121,38.7,57.2,20.96
6122,38.7,57.2,20.96
6123,38.7,57.2,20.95
6124,38.7,57.3,20.95
6125,38.7,57.3,20.95
6126,38.7,57.2,20.94
6127,38.7,57.2,20.94
6128,38.7,57.2,20.94
6129,38.7,57.2,20.93
6130,38.7,57.2,20.93
6131,38.7,57.2,20.93
6132,38.7,57.2,20.92
6133,38.7,57.2,20.92
6134,38.7,57.2,20.92
6135,38.7,57.2,20.91
6136,38.7,57.2,20.91
6137,38.7,57.2,20.91
6138,38.7,57.2,20.9
6139,38.7,57.2,20.9
6140,38.7,57.2,20.9
6141,38.7,57.2,20.89
6142,38.7,57.2,20.89
6143,38.7,57.2,20.89
6144,38.7,57.2,20.88
6145,38.7,57.2,20.88
6146,38.7,57.2,20.88
6147,38.7,57.2,20.87
6148,38.7,57.2,20.87
6149,38.7,57.2,20.87
6150,38.7,57.2,20.86
6151,38.7,57.2,20.86
6152,38.7,57.2,20.86
6153,38.7,57.2,20.85
6154,38.7,57.2,20.85
6155,38.7,57.2,20.84
6156,38.7,57.2,20.84
6157,38.7,57.2,20.84
6158,38.7,57.2,20.83
6159,38.7,57.2,20.83
6160,38.7,57.2,20.83
6161,38.7,57.2,20.82
6162,38.7,57.2,20.82
6163,38.7,57.2,20.82
6164,38.7,57.2,20.81
6165,38.7,57.2,20.81
6166,38.7,57.2,20.81
6167,38.7,57.2,20.8
6168,38.7,57.2,20.8
6169,38.7,57.2,20.8
6170,38.7,57.2,20.79
6171,38.7,57.2,20.79
6172,38.7,57.2,20.79
6173,38.7,57.2,20.78
6174,38.7,57.2,20.78
6175,38.7,57.2,20.78
6176,38.7,57.3,20.77
6177,38.7,57.2,20.77
6178,38.7,57.2,20.77
6179,38.7,57.2,20.76
6180,38.7,57.2,20.76
6181,38.7,57.2,20.76
6182,38.7,57.2,20.75
6183,38.7,57.2,20.75
6184,38.7,57.2,20.75
6185,38.7,57.2,20.74
6186,38.7,57.2,20.74
6187,38.7,57.2,20.74
6188,38.7,57.2,20.73
6189,38.7,57.2,20.73
6190,38.7,57.2,20.73
6191,38.7,57.2,20.72
6192,38.7,57.2,20.72
6193,38.7,57.2,20.72
6194,38.7,57.2,20.71
6195,38.7,57.3,20.71
6196,38.7,57.2,20.71
6197,38.7,57.2,20.7
6198,38.7,57.2,20.7
6199,38.7,57.2,20.7
6200,38.7,57.2,20.69
6201,38.7,57.2,20.69
6202,38.7,57.2,20.69
6203,38.7,57.2,20.68
6204,38.7,57.2,20.68
6205,38.7,57.2,20.68
6206,38.7,57.2,20.67
6207,38.7,57.2,20.67
6208,38.7,57.2,20.67
6209,38.7,57.2,20.66
6210,38.7,57.2,20.66
6211,38.7,57.2,20.66
6212,38.7,57.2,20.65
6213,38.8,57.2,21.04
6214,38.8,57.2,21.03
6215,38.8,57.2,21.03
6216,38.8,57.2,21.03
6217,38.8,57.2,21.02
6218,38.8,57.2,21.02
6219,38.8,57.2,21.02
6220,38.8,57.2,21.01
6221,38.8,57.2,21.01
6222,38.8,57.2,21.01
6223,38.8,57.2,21.0
6224,38.8,57.2,21.0
6225,38.8,57.2,21.0
6226,38.8,57.2,20.99
6227,38.8,57.2,20.99
6228,38.8,57.2,20.99
6229,38.8,57.2,20.98
6230,38.8,57.2,20.98
6231,38.8,57.2,20.98
6232,38.8,57.2,20.97
6233,38.8,57.2,20.97
6234,38.8,57.2,20.97
6235,38.8,57.2,20.96
6236,38.8,57.2,20.96
6237,38.8,57.2,20.96
6238,38.8,57.2,20.95
6239,38.8,57.2,20.95
6240,38.8,57.2,20.95
6241,38.8,57.2,20.94
6242,38.8,57.1,20.94
6243,38.8,57.1,20.94
6244,38.8,57.1,20.93
6245,38.8,57.1,20.93
6246,38.8,57.1,20.93
6247,38.8,57.1,20.92
6248,39.1,57.1,21.4
6249,39.1,57.1,21.4
6250,39.1,57.1,21.39
6251,39.1,57.1,21.39
6252,39.1,57.1,21.39
6253,39.1,57.1,21.38
6254,39.1,57.1,21.38
6255,39.1,57.1,21.37
6256,39.1,57.1,21.37
6257,39.1,57.1,21.37
6258,39.1,57.1,21.36
6259,39.1,57.1,21.36
6260,39.1,57.1,21.36
6261,39.1,57.1,21.35
6262,39.1,57.1,21.35
6263,39.1,57.1,21.35
6264,39.1,57.2,21.34
6265,39.1,57.1,21.34
6266,39.1,57.1,21.34
6267,39.1,57.2,21.33
6268,39.1,57.2,21.33
6269,39.1,57.2,21.33
6270,39.1,57.2,21.32
6271,39.1,57.2,21.32
6272,39.1,57.1,21.32
6273,39.1,57.1,21.31
6274,39.1,57.2,21.31
6275,39.1,57.2,21.31
6276,39.1,57.2,21.3
6277,39.1,57.1,21.3
6278,39.1,57.2,21.3
6279,39.1,57.2,21.29
6280,39.1,57.2,21.29
6281,39.1,57.2,21.29
6282,39.1,57.2,21.28
6283,39.1,57.2,21.28
6284,39.1,57.1,21.28
6285,39.1,57.2,21.27
6286,39.1,57.2,21.27
6287,39.1,57.2,21.27
6288,39.1,57.2,21.26
6289,39.1,57.2,21.26
6290,39.1,57.2,21.26
6291,39.1,57.2,21.25
6292,39.1,57.2,21.25
6293,39.1,57.2,21.25
6294,39.1,57.2,21.24
6295,39.1,57.2,21.24
6296,39.1,57.2,21.24
6297,39.1,57.2,21.23
6298,39.1,57.2,21.23
6299,39.1,57.2,21.23
6300,39.1,57.2,21.22
6301,39.1,57.2,21.22
6302,39.1,57.2,21.22
6303,39.1,57.2,21.21
6304,39.1,57.2,21.21
6305,39.1,57.1,21.21
6306,39.1,57.2,21.2
6307,39.1,57.1,21.2
6308,39.1,57.1,21.2
6309,39.1,57.2,21.19
6310,39.1,57.2,21.19
6311,39.1,57.2,21.19
6312,39.1,57.2,21.18
6313,39.1,57.2,21.18
6314,39.1,57.2,21.18
6315,39.1,57.2,21.17
6316,39.1,57.2,21.17
6317,39.1,57.2,21.17
6318,39.1,57.2,21.16
6319,39.1,57.2,21.16
6320,39.1,57.2,21.16
6321,39.1,57.2,21.15
6322,39.1,57.2,21.15
6323,39.1,57.2,21.15
6324,39.1,57.2,21.14
6325,39.1,57.2,21.14
6326,39.1,57.2,21.13
6327,39.1,57.2,21.13
6328,39.1,57.2,21.13
6329,39.1,57.2,21.12
6330,39.1,57.2,21.12
6331,39.1,57.2,21.12
6332,39.1,57.2,21.11
6333,39.1,57.2,21.11
6334,39.1,57.2,21.11
6335,39.1,57.2,21.1
6336,39.1,57.2,21.1
6337,39.1,57.2,21.1
6338,39.1,57.2,21.09
6339,39.1,57.2,21.09
6340,39.1,57.2,21.09
6341,39.1,57.2,21.09
6342,39.1,57.3,21.08
6343,39.1,57.2,21.08
6344,40.4,57.2,22.04
6345,40.4,57.2,22.04
6346,40.4,57.2,22.04
6347,40.4,57.3,22.03
6348,40.4,57.2,22.03
6349,40.4,57.2,22.03
6350,40.4,57.2,22.02
6351,40.4,57.2,22.02
6352,40.4,57.2,22.02
6353,40.4,57.2,22.01
6354,40.4,57.2,22.01
6355,40.4,57.2,22.01
6356,40.4,57.2,22.0
6357,40.4,57.2,22.0
6358,40.4,57.2,22.0
6359,40.4,57.2,21.99
6360,40.4,57.2,21.99
6361,40.4,57.2,21.99
6362,40.4,57.2,21.98
6363,40.4,57.2,21.98
6364,40.4,57.2,21.98
6365,40.4,57.2,21.97
6366,40.4,57.2,21.97
6367,40.4,57.2,21.96
6368,40.4,57.2,21.96
6369,40.4,57.2,21.96
6370,40.4,57.2,21.95
6371,40.4,57.2,21.95
6372,40.4,57.2,21.95
6373,40.4,57.2,21.94
6374,40.4,57.2,21.94
6375,40.4,57.2,21.94
6376,40.4,57.2,21.93
6377,40.4,57.2,21.93
6378,40.4,57.2,21.93
6379,40.4,57.2,21.92
6380,40.4,57.2,21.92
6381,40.4,57.2,21.92
6382,40.4,57.2,21.91
6383,40.4,57.2,21.91
6384,40.4,57.2,21.91
6385,40.4,57.2,21.9
6386,40.4,57.2,21.9
6387,40.4,57.2,21.9
6388,40.4,57.2,21.89
6389,40.4,57.2,21.89
6390,40.4,57.2,21.89
6391,40.4,57.2,21.88
6392,40.4,57.2,21.88
6393,40.4,57.2,21.88
6394,40.4,57.2,21.87
6395,40.4,57.2,21.87
6396,40.4,57.2,21.87
6397,40.4,57.2,21.86
6398,40.4,57.2,21.86
6399,40.4,57.2,21.85
6400,40.4,57.2,21.85
6401,40.4,57.2,21.85
6402,40.4,57.2,21.84
6403,40.4,57.2,21.84
6404,40.4,57.2,21.84
6405,40.4,57.2,21.83
6406,40.4,57.2,21.83
6407,40.4,57.2,21.83
6408,40.4,57.2,21.82
6409,40.4,57.2,21.82
6410,40.4,57.2,21.82
6411,40.4,57.2,21.81
6412,40.4,57.2,21.81
6413,40.4,57.1,21.81
6414,40.4,57.1,21.8
6415,40.4,57.1,21.8
6416,40.4,57.1,21.8
6417,40.4,57.1,21.79
6418,40.4,57.1,21.79
6419,40.4,57.1,21.79
6420,40.4,57.1,21.78
6421,40.4,57.1,21.78
6422,40.4,57.1,21.78
6423,40.4,57.1,21.77
6424,40.4,57.1,21.77
6425,40.4,57.2,21.77
6426,40.4,57.1,21.76
6427,40.4,57.1,21.76
6428,40.4,57.2,21.76
6429,40.4,57.1,21.75
6430,40.4,57.1,21.75
6431,40.4,57.1,21.75
6432,40.4,57.2,21.74
6433,40.4,57.2,21.74
6434,40.4,57.2,21.74
6435,40.4,57.2,21.73
6436,40.4,57.2,21.73
6437,40.4,57.2,21.73
6438,40.4,57.2,21.72
6439,40.4,57.2,21.72
6440,40.4,57.2,21.72
6441,40.4,57.2,21.71
6442,40.4,57.2,21.71
6443,40.4,57.2,21.71
6444,40.4,57.2,21.7
6445,40.4,57.2,21.7
6446,40.4,57.2,21.7
6447,40.4,57.2,21.69
6448,40.4,57.2,21.69
6449,40.4,57.2,21.69
6450,40.4,57.2,21.68
6451,40.4,57.2,21.68
6452,40.4,57.2,21.68
6453,40.4,57.2,21.67
6454,40.4,57.2,21.67
6455,40.4,57.2,21.67
6456,40.4,57.2,21.66
6457,40.4,57.2,21.66
6458,40.4,57.2,21.66
6459,40.4,57.2,21.65
6460,40.4,57.2,21.65
6461,40.4,57.2,21.65
6462,40.4,57.2,21.64
6463,40.4,57.2,21.64
6464,40.4,57.2,21.64
6465,40.4,57.2,21.63
6466,40.4,57.2,21.63
6467,40.4,57.2,21.63
6468,40.4,57.2,21.62
6469,40.4,57.2,21.62
6470,40.4,57.2,21.62
6471,40.4,57.2,21.61
6472,40.4,57.2,21.61
6473,40.4,57.2,21.61
6474,40.4,57.2,21.6
6475,40.4,57.2,21.6
6476,40.4,57.2,21.6
6477,40.4,57.2,21.59
6478,40.4,57.2,21.59
6479,40.4,57.2,21.59
6480,40.4,57.2,21.58
6481,40.4,57.2,21.58
6482,40.4,57.2,21.58
6483,40.4,57.2,21.57
6484,40.4,57.2,21.57
6485,40.4,57.2,21.57
6486,40.4,57.2,21.56
6487,40.4,57.2,21.56
6488,40.4,57.2,21.56
6489,40.4,57.2,21.55
6490,40.4,57.2,21.55
6491,40.4,57.2,21.55
6492,40.4,57.2,21.54
6493,40.4,57.2,21.54
6494,40.4,57.2,21.54
6495,40.4,57.2,21.53
6496,40.4,57.2,21.53
6497,40.4,57.2,21.53
6498,40.4,57.2,21.52
6499,40.4,57.2,21.52
6500,40.4,57.2,21.52
6501,40.4,57.2,21.51
6502,40.4,57.2,21.51
6503,40.4,57.2,21.51
6504,40.4,57.2,21.5
6505,40.4,57.2,21.5
6506,40.4,57.2,21.5
6507,40.4,57.2,21.49
6508,40.4,57.2,21.49
6509,40.4,57.2,21.49
6510,40.4,57.2,21.48
6511,40.4,57.2,21.48
6512,40.4,57.2,21.48
6513,40.4,57.2,21.47
6514,40.4,57.2,21.47
6515,40.4,57.2,21.47
6516,40.4,57.2,21.46
6517,40.4,57.2,21.46
6518,40.4,57.2,21.46
6519,40.4,57.2,21.45
6520,40.4,57.2,21.45
6521,40.4,57.2,21.45
6522,40.4,57.3,21.44
6523,40.4,57.3,21.44
6524,40.4,57.3,21.44
6525,40.4,57.3,21.43
6526,40.4,57.2,21.43
6527,40.4,57.3,21.43
6528,40.4,57.2,21.42
6529,40.4,57.3,21.42
6530,40.4,57.3,21.42
6531,40.4,57.3,21.41
6532,40.4,57.3,21.41
6533,40.4,57.2,21.41
6534,40.4,57.3,21.4
6535,40.4,57.2,21.4
6536,40.4,57.3,21.4
6537,40.4,57.2,21.39
6538,40.4,57.2,21.39
6539,40.4,57.2,21.39
6540,40.4,57.2,21.38
6541,40.4,57.2,21.38
6542,40.4,57.2,21.38
6543,40.4,57.3,21.37
6544,40.4,57.3,21.37
6545,40.4,57.2,21.37
6546,40.4,57.3,21.36
6547,40.4,57.3,21.36
6548,40.4,57.3,21.36
6549,40.4,57.3,21.35
6550,40.4,57.3,21.35
6551,40.4,57.3,21.35
6552,40.4,57.3,21.34
6553,40.4,57.3,21.34
6554,40.4,57.3,21.34
6555,40.4,57.3,21.33
6556,40.4,57.3,21.33
6557,40.4,57.3,21.33
6558,40.4,57.3,21.33
6559,40.4,57.3,21.32
6560,40.4,57.3,21.32
6561,40.4,57.3,21.32
6562,40.3,57.3,21.61
6563,40.3,57.3,21.61
6564,40.3,57.3,21.6
6565,40.3,57.3,21.6
6566,40.3,57.3,21.6
6567,40.3,57.3,21.59
6568,40.3,57.3,21.59
6569,40.3,57.3,21.59
6570,40.3,57.3,21.58
6571,40.3,57.3,21.58
6572,40.3,57.3,21.58
6573,40.3,57.3,21.57
6574,40.3,57.3,21.57
6575,40.3,57.3,21.57
6576,40.3,57.3,21.56
6577,40.3,57.3,21.56
6578,40.3,57.3,21.56
6579,40.3,57.3,21.55
6580,40.3,57.3,21.55
6581,40.3,57.3,21.55
6582,40.3,57.3,21.54
6583,40.3,57.3,21.54
6584,40.3,57.3,21.54
6585,40.3,57.3,21.53
6586,40.3,57.3,21.53
6587,40.3,57.3,21.53
6588,40.3,57.3,21.52
6589,40.3,57.3,21.52
6590,40.3,57.3,21.52
6591,40.3,57.3,21.51
6592,40.3,57.3,21.51
6593,40.3,57.3,21.51
6594,40.3,57.3,21.5
6595,40.3,57.3,21.5
6596,40.3,57.3,21.5
6597,40.3,57.3,21.49
6598,40.3,57.3,21.49
6599,40.3,57.3,21.49
6600,40.3,57.3,21.48
6601,40.3,57.3,21.48
6602,40.3,57.3,21.48
6603,40.3,57.3,21.48
6604,40.3,57.3,21.47
6605,40.1,57.3,21.65
6606,40.1,57.3,21.65
6607,40.1,57.3,21.64
6608,40.1,57.3,21.64
6609,40.1,57.3,21.64
6610,40.1,57.3,21.63
6611,40.1,57.3,21.63
6612,40.1,57.3,21.63
6613,40.1,57.3,21.62
6614,40.1,57.3,21.62
6615,40.1,57.3,21.62
6616,40.1,57.3,21.61
6617,40.1,57.3,21.61
6618,40.1,57.3,21.61
6619,40.1,57.3,21.6
6620,39.9,57.3,21.86
6621,39.9,57.3,21.85
6622,39.9,57.3,21.85
6623,39.9,57.3,21.85
6624,39.9,57.3,21.84
6625,39.9,57.3,21.84
6626,39.9,57.3,21.84
6627,39.9,57.3,21.83
6628,39.9,57.3,21.83
6629,39.9,57.3,21.83
6630,39.9,57.3,21.83
6631,39.9,57.3,21.82
6632,39.9,57.3,21.82
6633,39.9,57.3,21.82
6634,39.9,57.3,21.81
6635,39.9,57.2,21.81
6636,39.9,57.2,21.81
6637,39.9,57.2,21.8
6638,39.9,57.2,21.8
6639,39.9,57.2,21.8
6640,39.9,57.2,21.79
6641,39.9,57.2,21.79
6642,39.9,57.2,21.79
6643,39.9,57.2,21.78
6644,39.9,57.2,21.78
6645,39.9,57.2,21.78
6646,39.9,57.2,21.77
6647,39.9,57.2,21.77
6648,39.9,57.2,21.77
6649,39.9,57.2,21.76
6650,39.9,57.2,21.76
6651,39.9,57.2,21.76
6652,39.9,57.2,21.75
6653,39.9,57.2,21.75
6654,39.9,57.2,21.75
6655,39.9,57.2,21.74
6656,39.9,57.2,21.74
6657,39.9,57.2,21.74
6658,39.9,57.2,21.73
6659,39.9,57.2,21.73
6660,39.9,57.2,21.73
6661,39.9,57.2,21.72
6662,39.9,57.2,21.72
6663,39.9,57.2,21.72
6664,39.9,57.2,21.71
6665,39.9,57.3,21.71
6666,39.9,57.3,21.71
6667,39.9,57.3,21.7
6668,39.9,57.3,21.7
6669,39.9,57.3,21.7
6670,39.9,57.3,21.69
6671,39.9,57.3,21.69
6672,39.9,57.3,21.97
6673,39.9,57.3,21.97
6674,39.9,57.3,21.97
6675,39.9,57.3,21.96
6676,39.9,57.3,21.96
6677,39.9,57.3,21.96
6678,39.9,57.3,21.95
6679,39.9,57.3,21.95
6680,39.9,57.3,21.95
6681,39.9,57.3,21.94
6682,39.9,57.3,21.94
6683,39.9,57.3,21.94
6684,39.9,57.3,21.93
6685,39.9,57.3,21.93
6686,39.9,57.3,21.93
6687,39.9,57.3,21.92
6688,39.9,57.3,21.92
6689,39.9,57.3,21.92
6690,39.9,57.3,21.91
6691,39.9,57.3,21.91
6692,39.9,57.3,21.91
6693,39.9,57.3,21.9
6694,39.9,57.3,21.9
6695,39.9,57.3,21.9
6696,39.9,57.3,21.89
6697,39.9,57.3,21.89
6698,39.9,57.3,21.89
6699,39.9,57.3,21.88
6700,39.9,57.3,21.88
6701,39.9,57.3,21.88
6702,39.9,57.3,21.87
6703,39.9,57.3,21.87
6704,39.9,57.3,21.87
6705,39.9,57.3,21.86
6706,39.9,57.3,21.86
6707,39.9,57.3,21.86
6708,39.9,57.3,21.85
6709,39.9,57.3,21.85
6710,39.9,57.3,21.85
6711,39.9,57.3,21.84
6712,39.9,57.3,21.84
6713,39.9,57.3,21.84
6714,39.9,57.3,21.83
6715,39.9,57.3,21.83
6716,39.9,57.3,21.83
6717,39.9,57.3,21.83
6718,39.9,57.3,21.82
6719,39.9,57.3,21.82
6720,39.9,57.3,21.82
6721,39.9,57.3,21.81
6722,39.9,57.3,21.81
6723,39.9,57.3,21.81
6724,39.9,57.3,21.8
6725,39.9,57.3,21.8
6726,39.9,57.3,21.8
6727,39.9,57.3,21.79
6728,39.9,57.3,21.79
6729,39.9,57.3,21.79
6730,39.9,57.3,21.78
6731,39.9,57.3,21.78
6732,39.9,57.3,21.78
6733,39.9,57.3,21.77
6734,39.9,57.3,21.77
6735,39.9,57.3,21.77
6736,39.9,57.3,21.76
6737,39.9,57.3,21.76
6738,39.9,57.3,21.76
6739,39.9,57.3,21.75
6740,39.9,57.3,21.75
6741,39.9,57.3,21.75
6742,39.9,57.3,21.74
6743,39.9,57.3,21.74
6744,39.9,57.3,21.74
6745,39.9,57.3,21.73
6746,39.9,57.3,21.73
6747,39.9,57.3,21.73
6748,39.9,57.2,21.72
6749,39.9,57.3,21.72
6750,39.7,57.3,21.94
6751,39.7,57.3,21.94
6752,39.7,57.3,21.93
6753,39.7,57.3,21.93
6754,39.7,57.3,21.93
6755,39.7,57.3,21.92
6756,39.7,57.3,21.92
6757,39.7,57.3,21.92
6758,39.7,57.3,21.91
6759,39.7,57.3,21.91
6760,39.7,57.3,21.91
6761,39.7,57.3,21.91
6762,39.7,57.3,21.9
6763,39.7,57.3,21.9
6764,39.7,57.3,21.9
6765,39.7,57.3,21.89
6766,39.7,57.3,21.89
6767,39.7,57.3,21.89
6768,39.7,57.3,21.88
6769,39.7,57.3,21.88
6770,39.7,57.3,21.88
6771,39.7,57.3,21.87
6772,39.7,57.4,21.87
6773,39.7,57.4,21.87
6774,39.7,57.4,21.86
6775,39.7,57.4,21.86
6776,39.7,57.4,21.86
6777,39.7,57.4,21.85
6778,39.7,57.3,21.85
6779,39.7,57.3,21.85
6780,39.7,57.3,21.84
6781,39.7,57.3,21.84
6782,39.7,57.3,21.84
6783,39.7,57.3,21.83
6784,39.7,57.3,21.83
6785,39.7,57.3,21.83
6786,39.7,57.3,21.82
6787,39.7,57.3,21.82
6788,39.7,57.3,21.82
6789,39.7,57.3,21.81
6790,39.7,57.3,21.81
6791,39.7,57.3,21.81
6792,39.7,57.3,21.81
6793,39.7,57.3,21.8
6794,39.7,57.3,21.8
6795,39.7,57.3,21.8
6796,39.7,57.3,21.79
6797,39.7,57.3,21.79
6798,39.7,57.3,21.79
6799,39.7,57.3,21.78
6800,39.7,57.3,21.78
6801,39.7,57.3,21.78
6802,39.7,57.3,21.77
6803,39.7,57.3,21.77
6804,39.7,57.3,21.77
6805,39.7,57.3,21.76
6806,39.7,57.3,21.76
6807,39.7,57.3,21.76
6808,39.7,57.3,21.75
6809,39.7,57.3,21.75
6810,39.7,57.3,21.75
6811,39.7,57.3,21.74
6812,39.7,57.3,21.74
6813,39.7,57.3,21.74
6814,39.7,57.3,21.73
6815,39.7,57.3,21.73
6816,39.7,57.3,21.73
6817,39.7,57.3,21.73
6818,39.7,57.3,21.72
6819,39.7,57.3,21.72
6820,39.7,57.3,21.72
6821,39.7,57.3,21.71
6822,39.7,57.3,21.71
6823,39.7,57.3,21.71
6824,39.7,57.3,21.7
6825,39.7,57.3,21.7
6826,39.7,57.3,21.7
6827,39.7,57.3,21.69
6828,39.7,57.3,21.69
6829,39.7,57.3,21.69
6830,39.7,57.3,21.68
6831,39.7,57.3,21.68
6832,39.7,57.3,21.68
6833,39.7,57.4,21.67
6834,39.7,57.3,21.67
6835,39.7,57.3,21.67
6836,39.7,57.3,21.66
6837,39.7,57.3,21.66
6838,39.7,57.3,21.66
6839,39.7,57.3,21.66
6840,39.7,57.3,21.65
6841,39.7,57.3,21.65
6842,39.7,57.3,21.65
6843,39.7,57.3,21.64
6844,39.7,57.3,21.64
6845,39.7,57.3,21.64
6846,39.7,57.3,21.63
6847,39.7,57.3,21.63
6848,39.7,57.3,21.63
6849,39.7,57.3,21.62
6850,39.7,57.3,21.62
6851,39.7,57.3,21.62
6852,39.7,57.3,21.61
6853,39.7,57.3,21.61
6854,39.7,57.3,21.61
6855,39.7,57.3,21.6
6856,39.7,57.3,21.6
6857,39.7,57.3,21.6
6858,39.7,57.3,21.6
6859,39.7,57.3,21.59
6860,39.7,57.3,21.59
6861,39.7,57.3,21.59
6862,39.7,57.3,21.58
6863,39.7,57.3,21.58
6864,39.7,57.3,21.58
6865,39.7,57.3,21.57
6866,39.7,57.3,21.57
6867,39.7,57.3,21.57
6868,39.7,57.3,21.56
6869,39.7,57.3,21.56
6870,39.7,57.3,21.56
6871,39.7,57.3,21.55
6872,39.7,57.3,21.55
6873,39.7,57.3,21.55
6874,39.7,57.3,21.54
6875,39.7,57.3,21.54
6876,39.7,57.3,21.54
6877,39.7,57.3,21.54
6878,39.7,57.3,21.53
6879,39.7,57.3,21.53
6880,39.7,57.3,21.53
6881,39.7,57.3,21.52
6882,39.7,57.3,21.52
6883,39.7,57.3,21.52
6884,39.7,57.3,21.51
6885,39.7,57.3,21.51
6886,39.7,57.3,21.51
6887,39.7,57.3,21.5
6888,39.7,57.3,21.5
6889,39.7,57.3,21.5
6890,39.7,57.3,21.49
6891,39.7,57.3,21.49
6892,39.7,57.3,21.49
6893,39.7,57.3,21.49
6894,39.7,57.3,21.48
6895,39.7,57.3,21.48
6896,39.7,57.3,21.48
6897,39.7,57.3,21.47
6898,39.7,57.3,21.47
6899,39.7,57.3,21.47
6900,39.7,57.3,21.46
6901,39.7,57.3,21.46
6902,39.7,57.3,21.46
6903,39.7,57.3,21.45
6904,39.7,57.3,21.45
6905,39.7,57.3,21.45
6906,39.7,57.3,21.45
6907,39.7,57.3,21.44
6908,39.7,57.3,21.44
6909,39.7,57.3,21.44
6910,39.7,57.3,21.72
6911,39.7,57.3,21.72
6912,39.7,57.3,21.72
6913,39.7,57.3,21.71
6914,39.7,57.3,21.71
6915,39.7,57.4,21.71
6916,39.6,57.3,21.93
6917,39.6,57.3,21.93
6918,39.6,57.3,21.93
6919,39.6,57.3,21.93
6920,39.6,57.3,21.92
6921,39.6,57.3,21.92
6922,39.6,57.3,21.92
6923,39.6,57.3,21.91
6924,39.6,57.3,21.91
6925,39.6,57.3,21.91
6926,39.6,57.3,21.9
6927,39.6,57.3,21.9
6928,39.6,57.3,21.9
6929,39.6,57.3,21.89
6930,39.6,57.3,21.89
6931,39.6,57.4,21.89
6932,39.6,57.3,21.88
6933,39.6,57.3,21.88
6934,39.6,57.4,21.88
6935,39.6,57.4,21.87
6936,39.6,57.4,21.87
6937,39.6,57.3,21.87
6938,39.6,57.4,21.87
6939,39.6,57.3,21.86
6940,39.6,57.3,21.86
6941,39.6,57.4,21.86
6942,39.6,57.4,21.85
6943,39.6,57.4,21.85
6944,39.6,57.4,21.85
6945,39.6,57.4,21.84
6946,39.6,57.4,21.84
6947,39.6,57.4,21.84
6948,39.6,57.4,21.83
6949,39.6,57.4,21.83
6950,39.6,57.4,21.83
6951,39.6,57.4,21.82
6952,39.6,57.4,21.82
6953,39.6,57.4,21.82
6954,39.6,57.4,21.81
6955,39.6,57.4,21.81
6956,39.6,57.3,21.81
6957,39.6,57.3,21.81
6958,39.6,57.3,21.8
6959,39.6,57.3,21.8
6960,39.5,57.3,22.05
6961,39.5,57.3,22.05
6962,39.5,57.3,22.05
6963,39.5,57.3,22.05
6964,39.5,57.3,22.04
6965,39.5,57.3,22.04
6966,39.5,57.3,22.04
6967,39.5,57.3,22.03
6968,39.5,57.3,22.03
6969,39.5,57.3,22.03
6970,39.5,57.3,22.02
6971,39.5,57.4,22.02
6972,39.5,57.4,22.02
6973,39.5,57.3,22.01
6974,39.5,57.3,22.01
6975,39.5,57.3,22.01
6976,39.5,57.4,22.0
6977,39.7,57.3,22.4
6978,39.7,57.3,22.39
6979,39.7,57.3,22.39
6980,39.7,57.3,22.39
6981,39.7,57.3,22.38
6982,39.7,57.3,22.38
6983,39.7,57.4,22.38
6984,39.7,57.3,22.37
6985,39.7,57.4,22.37
6986,39.7,57.4,22.37
6987,39.7,57.3,22.36
6988,39.7,57.4,22.36
6989,39.7,57.4,22.36
6990,39.7,57.4,22.35
6991,39.7,57.4,22.35
6992,39.7,57.4,22.35
6993,39.7,57.4,22.34
6994,39.7,57.3,22.34
6995,39.7,57.3,22.34
6996,39.7,57.3,22.33
6997,39.7,57.4,22.33
6998,39.7,57.4,22.33
6999,39.7,57.4,22.32
7000,39.7,57.4,22.32
7001,39.7,57.4,22.32
7002,39.7,57.4,22.32
7003,39.7,57.4,22.31
7004,39.7,57.4,22.31
7005,39.7,57.4,22.31
7006,39.7,57.4,22.3
7007,39.7,57.4,22.3
7008,39.7,57.4,22.3
7009,39.7,57.4,22.29
7010,39.7,57.4,22.29
7011,39.7,57.4,22.29
7012,39.7,57.4,22.28
7013,39.7,57.4,22.28
7014,39.7,57.4,22.28
7015,39.7,57.4,22.27
7016,39.7,57.4,22.27
7017,39.7,57.4,22.27
7018,39.7,57.4,22.26
7019,39.7,57.4,22.26
7020,39.7,57.4,22.26
7021,39.7,57.4,22.25
7022,39.7,57.4,22.25
7023,39.7,57.4,22.25
7024,39.7,57.4,22.25
7025,39.7,57.4,22.24
7026,39.7,57.4,22.24
7027,39.7,57.4,22.24
7028,39.7,57.4,22.23
7029,39.7,57.4,22.23
7030,39.7,57.4,22.23
7031,39.7,57.4,22.22
7032,39.7,57.4,22.22
7033,39.7,57.4,22.22
7034,39.7,57.4,22.21
7035,39.7,57.4,22.21
7036,39.7,57.4,22.21
7037,39.7,57.4,22.2
7038,39.7,57.4,22.2
7039,39.7,57.4,22.2
7040,39.7,57.4,22.19
7041,39.7,57.4,22.19
7042,39.7,57.4,22.19
7043,39.7,57.4,22.19
7044,39.7,57.4,22.18
7045,39.7,57.4,22.18
7046,39.7,57.5,22.18
7047,39.7,57.5,22.17
7048,39.7,57.5,22.17
7049,39.4,57.5,22.34
7050,39.4,57.5,22.33
7051,39.4,57.5,22.33
7052,39.4,57.4,22.33
7053,39.4,57.5,22.32
7054,39.4,57.4,22.32
7055,39.4,57.4,22.32
7056,39.4,57.5,22.31
7057,39.4,57.4,22.31
7058,39.4,57.5,22.31
7059,39.4,57.5,22.3
7060,39.4,57.5,22.3
7061,39.4,57.5,22.3
7062,39.4,57.4,22.3
7063,39.4,57.5,22.29
7064,39.4,57.5,22.29
7065,39.4,57.5,22.29
7066,39.4,57.5,22.28
7067,39.4,57.5,22.28
7068,39.4,57.4,22.28
7069,39.4,57.4,22.27
7070,39.4,57.4,22.27
7071,39.4,57.4,22.27
7072,39.4,57.4,22.26
7073,39.4,57.4,22.26
7074,39.4,57.4,22.26
7075,39.4,57.4,22.25
7076,39.4,57.4,22.25
7077,39.4,57.4,22.25
7078,39.4,57.4,22.24
7079,39.4,57.4,22.24
7080,39.4,57.4,22.24
7081,39.4,57.4,22.24
7082,39.4,57.4,22.23
7083,39.4,57.4,22.23
7084,39.4,57.4,22.23
7085,39.4,57.4,22.22
7086,39.4,57.4,22.22
7087,39.4,57.4,22.22
7088,39.4,57.4,22.21
7089,39.4,57.4,22.21
7090,39.4,57.4,22.21
7091,39.4,57.5,22.2
7092,39.4,57.5,22.2
7093,39.4,57.5,22.2
7094,39.4,57.5,22.19
7095,39.4,57.5,22.19
7096,39.4,57.5,22.19
7097,39.4,57.5,22.19
7098,39.4,57.5,22.18
7099,39.4,57.5,22.18
7100,39.4,57.5,22.18
7101,39.4,57.5,22.17
7102,39.4,57.5,22.17
7103,39.4,57.5,22.17
7104,39.4,57.5,22.16
7105,39.4,57.5,22.16
7106,39.4,57.5,22.16
7107,39.4,57.5,22.15
7108,39.4,57.5,22.15
7109,39.4,57.5,22.15
7110,39.4,57.5,22.14
7111,39.4,57.5,22.14
7112,39.4,57.5,22.14
7113,39.4,57.5,22.14
7114,39.4,57.5,22.13
7115,39.4,57.5,22.13
7116,39.4,57.5,22.13
7117,39.4,57.5,22.12
7118,39.4,57.5,22.12
7119,39.4,57.5,22.12
7120,39.4,57.5,22.11
7121,39.4,57.5,22.11
7122,39.4,57.5,22.11
7123,39.4,57.5,22.1
7124,39.4,57.5,22.1
7125,39.4,57.5,22.1
7126,39.4,57.5,22.1
7127,39.4,57.5,22.09
7128,39.4,57.5,22.09
7129,39.4,57.5,22.09
7130,39.4,57.5,22.08
7131,39.4,57.5,22.08
7132,39.4,57.5,22.08
7133,39.4,57.5,22.07
7134,39.4,57.5,22.07
7135,39.4,57.5,22.07
7136,39.4,57.5,22.06
7137,39.4,57.5,22.06
7138,39.4,57.5,22.06
7139,39.4,57.5,22.05
7140,39.4,57.5,22.05
7141,39.4,57.5,22.05
7142,39.4,57.5,22.05
7143,39.4,57.5,22.04
7144,39.4,57.5,22.04
7145,39.4,57.5,22.04
7146,39.4,57.5,22.03
7147,39.4,57.5,22.03
7148,39.4,57.5,22.03
7149,39.4,57.5,22.02
7150,39.4,57.5,22.02
7151,39.4,57.5,22.02
7152,39.4,57.5,22.01
7153,39.4,57.5,22.01
7154,39.4,57.5,22.01
7155,39.4,57.5,22.01
7156,39.4,57.5,22.0
7157,39.4,57.5,22.0
7158,39.4,57.5,22.0
7159,39.4,57.5,21.99
7160,39.4,57.5,21.99
7161,39.4,57.5,21.99
7162,39.4,57.5,21.98
7163,39.4,57.5,21.98
7164,39.4,57.5,21.98
7165,39.4,57.5,21.97
7166,39.4,57.5,21.97
7167,39.4,57.5,21.97
7168,39.4,57.5,21.97
7169,39.4,57.5,21.96
7170,39.4,57.5,21.96
7171,39.4,57.5,21.96
7172,39.4,57.5,21.95
7173,39.4,57.5,21.95
7174,39.4,57.5,21.95
7175,39.4,57.5,21.94
7176,39.4,57.5,21.94
7177,39.4,57.5,21.94
7178,39.4,57.5,21.94
7179,39.4,57.5,21.93
7180,39.4,57.5,21.93
7181,39.4,57.5,21.93
7182,39.4,57.5,21.92
7183,39.4,57.5,21.92
7184,39.4,57.5,21.92
7185,39.4,57.5,21.91
7186,39.4,57.5,21.91
7187,39.4,57.5,21.91
7188,39.4,57.5,21.9
7189,39.4,57.5,21.9
7190,39.4,57.5,21.9
7191,39.4,57.5,21.9
7192,39.4,57.5,21.89
7193,39.4,57.5,21.89
7194,39.4,57.5,21.89
7195,39.4,57.5,21.88
7196,39.4,57.5,21.88
7197,39.4,57.5,21.88
7198,39.4,57.5,21.87
7199,39.4,57.5,21.87
7200,39.4,57.5,21.87
7201,39.4,57.5,21.87
7202,39.4,57.5,21.86
7203,39.4,57.5,21.86
7204,39.4,57.5,21.86
7205,39.4,57.5,21.85
7206,39.4,57.5,21.85
7207,39.4,57.5,21.85
7208,39.4,57.5,21.84
7209,39.4,57.5,21.84
7210,39.4,57.5,21.84
7211,39.4,57.5,21.83
7212,39.4,57.5,21.83
7213,39.4,57.5,21.83
7214,39.4,57.5,21.83
7215,39.4,57.5,21.82
7216,39.4,57.5,21.82
7217,39.4,57.5,21.82
7218,39.4,57.5,21.81
7219,39.4,57.5,21.81
7220,39.4,57.5,21.81
7221,39.4,57.5,21.8
7222,39.4,57.5,21.8
7223,39.4,57.5,21.8
7224,39.4,57.5,21.8
7225,39.4,57.5,21.79
7226,39.4,57.5,21.79
7227,39.4,57.5,21.79
7228,39.4,57.5,21.78
7229,39.4,57.5,21.78
7230,39.4,57.5,21.78
7231,39.4,57.4,21.77
7232,39.4,57.5,21.77
7233,39.4,57.4,21.77
7234,39.4,57.4,21.77
7235,39.4,57.4,21.76
7236,39.4,57.4,21.76
7237,39.4,57.5,21.76
7238,39.4,57.4,21.75
7239,39.4,57.4,21.75
7240,39.4,57.4,21.75
7241,39.4,57.4,21.74
7242,39.4,57.4,21.74
7243,39.4,57.4,21.74
7244,39.4,57.4,21.74
7245,39.4,57.4,21.73
7246,39.4,57.4,21.73
7247,39.4,57.4,21.73
7248,39.4,57.4,21.72
7249,39.4,57.4,21.72
7250,39.4,57.4,21.72
7251,39.4,57.4,21.71
7252,39.4,57.4,21.71
7253,39.4,57.4,21.71
7254,39.4,57.4,21.71
7255,39.4,57.4,21.7
7256,39.4,57.4,21.7
7257,39.4,57.4,21.7
7258,39.4,57.4,21.69
7259,39.4,57.4,21.69
7260,39.4,57.4,21.69
7261,39.4,57.4,21.68
7262,39.4,57.4,21.68
7263,39.4,57.4,21.68
7264,39.4,57.4,21.68
7265,39.4,57.4,21.67
7266,39.4,57.4,21.67
7267,39.4,57.4,21.67
7268,39.4,57.4,21.66
7269,39.4,57.4,21.66
7270,39.4,57.4,21.66
7271,39.4,57.4,21.65
7272,39.4,57.4,21.65
7273,39.4,57.4,21.65
7274,39.4,57.4,21.65
7275,39.4,57.3,21.64
7276,39.4,57.4,21.64
7277,39.4,57.3,21.64
7278,39.4,57.3,21.63
7279,39.4,57.3,21.63
7280,39.4,57.3,21.63
7281,39.4,57.4,21.62
7282,39.4,57.4,21.62
7283,39.4,57.4,21.62
7284,39.4,57.4,21.62
7285,39.4,57.4,21.61
7286,39.4,57.4,21.61
7287,39.4,57.3,21.61
7288,39.4,57.3,21.6
7289,39.4,57.3,21.6
7290,39.4,57.3,21.6
7291,39.4,57.3,21.6
7292,39.4,57.3,21.59
7293,39.4,57.3,21.59
7294,39.4,57.3,21.59
7295,39.4,57.3,21.58
7296,39.4,57.3,21.58
7297,39.4,57.3,21.58
7298,39.4,57.3,21.57
7299,39.4,57.3,21.57
7300,39.4,57.3,21.57
7301,39.4,57.3,21.57
7302,39.4,57.3,21.56
7303,39.4,57.3,21.56
7304,39.4,57.3,21.56
7305,39.4,57.3,21.55
7306,39.4,57.3,21.55
7307,39.4,57.3,21.55
7308,39.4,57.3,21.54
7309,39.4,57.3,21.54
7310,39.4,57.3,21.54
7311,39.4,57.3,21.54
7312,39.4,57.3,21.53
7313,39.4,57.3,21.53
7314,39.4,57.3,21.53
7315,39.4,57.3,21.52
7316,39.4,57.3,21.52
7317,39.4,57.3,21.52
7318,39.4,57.3,21.52
7319,39.4,57.2,21.51
7320,39.4,57.3,21.51
7321,39.4,57.2,21.51
7322,39.4,57.3,21.5
7323,39.4,57.3,21.5
7324,39.4,57.3,21.5
7325,39.4,57.2,21.49
7326,39.4,57.2,21.49
7327,39.4,57.2,21.49
7328,39.4,57.2,21.49
7329,39.4,57.2,21.48
7330,39.4,57.2,21.48
7331,39.4,57.2,21.48
7332,39.4,57.2,21.47
7333,39.4,57.2,21.47
7334,39.4,57.2,21.47
7335,39.4,57.2,21.47
7336,39.4,57.2,21.46
7337,39.4,57.2,21.46
7338,39.4,57.2,21.46
7339,39.4,57.2,21.45
7340,39.4,57.2,21.45
7341,39.4,57.2,21.45
7342,39.4,57.2,21.45
7343,39.4,57.2,21.44
7344,39.4,57.2,21.44
7345,39.4,57.2,21.44
7346,39.4,57.2,21.43
7347,39.4,57.2,21.43
7348,39.4,57.2,21.43
7349,39.4,57.2,21.42
7350,39.4,57.3,21.42
7351,39.4,57.2,21.42
7352,39.4,57.2,21.42
7353,39.4,57.2,21.41
7354,39.4,57.2,21.41
7355,39.4,57.2,21.41
7356,39.4,57.2,21.4
7357,39.4,57.2,21.4
7358,39.4,57.2,21.4
7359,39.4,57.2,21.4
7360,39.4,57.2,21.39
7361,39.4,57.2,21.39
7362,39.4,57.2,21.39
7363,39.4,57.2,21.38
7364,39.4,57.2,21.38
7365,39.4,57.2,21.38
7366,39.4,57.2,21.38
7367,39.3,57.2,21.56
7368,39.3,57.2,21.56
7369,39.3,57.2,21.56
7370,39.3,57.2,21.55
7371,39.3,57.2,21.55
7372,39.3,57.2,21.55
7373,39.3,57.2,21.54
7374,39.3,57.2,21.54
7375,39.3,57.2,21.54
7376,39.3,57.1,21.54
7377,39.3,57.1,21.53
7378,39.3,57.1,21.53
7379,39.3,57.1,21.53
7380,39.3,57.1,21.52
7381,39.3,57.1,21.52
7382,39.3,57.1,21.52
7383,39.3,57.1,21.52
7384,39.3,57.1,21.51
7385,39.3,57.1,21.51
7386,39.3,57.1,21.51
7387,39.3,57.1,21.5
7388,39.3,57.1,21.5
7389,39.3,57.2,21.5
7390,39.3,57.2,21.5
7391,39.3,57.2,21.49
7392,39.3,57.2,21.49
7393,39.3,57.1,21.49
7394,39.3,57.2,21.48
7395,39.3,57.2,21.48
7396,39.3,57.2,21.48
7397,39.3,57.2,21.47
7398,39.3,57.2,21.47
7399,39.3,57.2,21.47
7400,39.3,57.2,21.47
7401,39.3,57.2,21.46
7402,39.3,57.2,21.46
7403,39.3,57.2,21.46
7404,39.3,57.2,21.45
7405,39.3,57.2,21.45
7406,39.3,57.1,21.45
7407,39.3,57.1,21.45
7408,39.3,57.1,21.44
7409,39.3,57.1,21.44
7410,39.3,57.1,21.44
7411,39.3,57.1,21.43
7412,39.3,57.1,21.43
7413,39.3,57.1,21.43
7414,39.3,57.1,21.43
7415,39.3,57.1,21.42
7416,39.3,57.1,21.42
7417,39.3,57.1,21.42
7418,39.3,57.1,21.41
7419,39.3,57.1,21.41
7420,39.3,57.1,21.41
7421,39.3,57.1,21.41
7422,39.3,57.1,21.4
7423,39.3,57.1,21.4
7424,39.3,57.1,21.4
7425,39.3,57.1,21.39
7426,39.3,57.1,21.39
7427,39.3,57.1,21.39
7428,39.3,57.1,21.39
7429,39.3,57.2,21.38
7430,39.3,57.2,21.38
7431,39.3,57.2,21.38
7432,39.3,57.2,21.37
7433,39.3,57.2,21.37
7434,39.3,57.2,21.37
7435,39.3,57.1,21.37
7436,39.3,57.2,21.36
7437,39.3,57.2,21.36
7438,39.3,57.2,21.36
7439,39.3,57.2,21.35
7440,39.3,57.2,21.35
7441,39.3,57.1,21.35
7442,39.3,57.1,21.35
7443,39.3,57.2,21.34
7444,39.3,57.2,21.34
7445,39.3,57.2,21.34
7446,39.3,57.2,21.33
7447,39.3,57.2,21.33
7448,39.3,57.2,21.33
7449,39.3,57.2,21.33
7450,39.3,57.2,21.32
7451,39.3,57.1,21.32
7452,39.3,57.1,21.32
7453,39.3,57.1,21.31
7454,39.3,57.1,21.31
7455,39.3,57.1,21.31
7456,39.3,57.1,21.3
7457,39.3,57.2,21.3
7458,39.3,57.2,21.3
7459,39.3,57.2,21.3
7460,39.3,57.2,21.29
7461,39.3,57.2,21.29
7462,39.3,57.2,21.29
7463,39.3,57.2,21.29
7464,39.3,57.2,21.28
7465,39.3,57.2,21.28
7466,39.3,57.2,21.28
7467,39.3,57.2,21.27
7468,39.3,57.2,21.27
7469,39.3,57.2,21.27
7470,39.3,57.2,21.27
7471,39.3,57.2,21.26
7472,39.3,57.2,21.26
7473,39.3,57.2,21.26
7474,39.3,57.1,21.25
7475,39.3,57.1,21.25
7476,39.3,57.1,21.25
7477,39.3,57.1,21.25
7478,39.3,57.1,21.24
7479,39.3,57.1,21.24
7480,39.3,57.2,21.24
7481,39.3,57.1,21.23
7482,39.3,57.2,21.23
7483,39.3,57.1,21.23
7484,39.3,57.1,21.23
7485,39.3,57.2,21.22
7486,39.3,57.2,21.22
7487,39.3,57.2,21.22
7488,39.3,57.2,21.21
7489,39.3,57.2,21.21
7490,39.3,57.2,21.21
7491,39.3,57.2,21.21
7492,39.3,57.2,21.2
7493,39.3,57.2,21.2
7494,39.3,57.2,21.2
7495,39.3,57.2,21.19
7496,39.3,57.2,21.19
7497,39.3,57.2,21.19
7498,39.3,57.2,21.19
7499,39.3,57.2,21.18
7500,39.3,57.2,21.18
7501,39.3,57.2,21.18
7502,39.3,57.2,21.17
7503,39.3,57.2,21.17
7504,39.3,57.2,21.17
7505,39.3,57.2,21.17
7506,39.3,57.2,21.16
7507,39.3,57.2,21.16
7508,39.3,57.2,21.16
7509,39.3,57.1,21.15
7510,39.3,57.1,21.15
7511,39.3,57.1,21.15
7512,39.3,57.1,21.15
7513,39.3,57.1,21.14
7514,39.3,57.1,21.14
7515,39.3,57.1,21.14
7516,39.3,57.1,21.13
7517,39.3,57.1,21.13
7518,39.3,57.1,21.13
7519,39.3,57.1,21.13
7520,39.3,57.1,21.12
7521,39.3,57.1,21.12
7522,39.3,57.1,21.12
7523,39.3,57.1,21.12
7524,39.3,57.1,21.11
7525,39.3,57.1,21.11
7526,39.3,57.1,21.11
7527,39.3,57.1,21.1
7528,39.3,57.1,21.1
7529,39.3,57.1,21.1
7530,39.3,57.1,21.1
7531,39.3,57.1,21.09
7532,39.3,57.1,21.09
7533,39.3,57.1,21.09
7534,39.3,57.1,21.08
7535,39.3,57.1,21.08
7536,39.3,57.1,21.08
7537,39.3,57.1,21.08
7538,39.3,57.1,21.07
7539,39.3,57.1,21.07
7540,39.3,57.1,21.07
7541,39.3,57.1,21.06
7542,39.3,57.1,21.06
7543,39.3,57.1,21.06
7544,39.3,57.1,21.06
7545,39.3,57.1,21.05
7546,39.3,57.1,21.05
7547,39.3,57.1,21.05
7548,39.3,57.1,21.05
7549,39.3,57.1,21.04
7550,39.3,57.1,21.04
7551,39.3,57.1,21.04
7552,39.3,57.1,21.03
7553,39.3,57.1,21.03
7554,39.3,57.1,21.03
7555,39.3,57.1,21.03
7556,39.3,57.1,21.02
7557,39.3,57.1,21.02
7558,39.3,57.1,21.02
7559,39.3,57.1,21.01
7560,39.3,57.1,21.01
7561,39.3,57.1,21.01
7562,39.3,57.1,21.01
7563,39.3,57.1,21.0
7564,39.3,57.1,21.0
7565,39.3,57.1,21.0
7566,39.3,57.0,21.0
7567,39.3,57.1,20.99
7568,39.3,57.0,20.99
7569,39.3,57.0,20.99
7570,39.3,57.0,20.98
7571,39.3,57.0,20.98
7572,39.3,57.0,20.98
7573,39.3,57.0,20.98
7574,39.3,57.0,20.97
7575,39.3,57.0,20.97
7576,39.3,57.0,20.97
7577,39.3,57.0,20.96
7578,39.3,57.0,20.96
7579,39.3,57.0,20.96
7580,39.3,57.0,20.96
7581,39.3,57.0,20.95
7582,39.3,57.0,20.95
7583,39.3,57.0,20.95
7584,39.5,57.0,21.35
7585,39.5,57.0,21.34
7586,39.5,57.1,21.34
7587,39.5,57.0,21.34
7588,39.5,57.0,21.34
7589,39.5,57.0,21.33
7590,39.5,57.0,21.33
7591,39.5,57.0,21.33
7592,39.5,57.0,21.33
7593,39.5,57.0,21.32
7594,39.5,57.0,21.32
7595,39.5,57.1,21.32
7596,39.5,57.1,21.31
7597,39.5,57.0,21.31
7598,39.5,57.1,21.31
7599,39.5,57.0,21.31
7600,39.5,57.0,21.3
7601,39.5,57.0,21.3
7602,39.5,57.0,21.3
7603,39.5,57.0,21.29
7604,39.5,57.0,21.29
7605,39.5,57.0,21.29
7606,39.5,57.0,21.29
7607,39.5,57.0,21.28
7608,39.5,57.0,21.28
7609,39.5,57.0,21.28
7610,39.5,57.0,21.27
7611,39.5,57.0,21.27
7612,39.5,57.0,21.27
7613,39.5,57.0,21.27
7614,39.5,57.0,21.26
7615,39.5,57.0,21.26
7616,39.5,57.0,21.26
7617,39.5,57.0,21.26
7618,39.5,57.0,21.25
7619,39.5,57.0,21.25
7620,39.5,57.0,21.25
7621,39.5,57.0,21.24
7622,39.5,57.0,21.24
7623,39.5,57.0,21.24
7624,39.5,57.0,21.24
7625,39.5,57.0,21.23
7626,39.5,57.0,21.23
7627,39.5,57.0,21.23
7628,39.5,57.0,21.22
7629,39.5,57.0,21.22
7630,39.5,57.0,21.22
7631,39.5,57.0,21.22
7632,39.5,57.0,21.21
7633,39.5,57.0,21.21
7634,39.5,57.0,21.21
7635,39.5,57.0,21.2
7636,39.5,57.0,21.2
7637,39.4,57.0,21.42
7638,39.4,57.0,21.41
7639,39.4,57.0,21.41
7640,39.4,57.0,21.41
7641,39.4,57.0,21.4
7642,39.4,57.0,21.4
7643,39.4,57.0,21.4
7644,39.4,57.0,21.4
7645,39.4,57.0,21.39
7646,39.4,57.0,21.39
7647,39.4,57.0,21.39
7648,39.4,57.0,21.38
7649,39.4,57.0,21.38
7650,39.4,57.0,21.38
7651,39.4,57.0,21.38
7652,39.4,57.0,21.37
7653,39.4,57.0,21.37
7654,39.4,57.0,21.37
7655,39.4,57.0,21.37
7656,39.4,57.0,21.36
7657,39.4,57.0,21.36
7658,39.4,57.0,21.36
7659,39.4,57.0,21.35
7660,39.4,57.0,21.35
7661,39.4,57.0,21.35
7662,39.4,57.0,21.6
7663,39.4,57.0,21.6
7664,39.4,57.0,21.59
7665,39.4,57.0,21.59
7666,39.4,57.0,21.59
7667,39.4,57.0,21.59
7668,39.4,57.0,21.58
7669,39.4,57.0,21.58
7670,39.4,57.0,21.58
7671,39.4,57.0,21.57
7672,39.4,57.0,21.57
7673,39.4,57.0,21.57
7674,39.4,57.0,21.57
7675,39.4,57.0,21.56
7676,39.4,57.0,21.56
7677,39.6,57.0,21.93
7678,39.6,57.0,21.93
7679,39.6,57.0,21.92
7680,39.6,57.0,21.92
7681,39.6,56.9,21.92
7682,39.6,56.9,21.91
7683,39.6,56.9,21.91
7684,39.6,56.9,21.91
7685,39.6,56.9,21.91
7686,39.6,56.9,21.9
7687,39.6,56.9,21.9
7688,39.6,56.9,21.9
7689,39.6,56.9,21.89
7690,39.6,56.9,21.89
7691,39.4,56.9,22.07
7692,39.4,57.0,22.07
7693,39.4,57.0,22.07
7694,39.4,57.0,22.06
7695,39.4,57.0,22.06
7696,39.4,57.0,22.06
7697,39.4,57.0,22.05
7698,39.4,57.0,22.05
7699,39.4,57.0,22.05
7700,39.4,57.0,22.05
7701,39.4,57.0,22.04
7702,39.4,57.0,22.04
7703,39.4,57.0,22.04
7704,39.4,57.0,22.03
7705,39.4,57.0,22.03
7706,39.4,57.0,22.03
7707,39.4,57.0,22.03
7708,39.4,57.0,22.02
7709,39.4,57.0,22.02
7710,39.4,57.0,22.02
7711,39.4,57.0,22.01
7712,39.4,57.0,22.01
7713,39.4,57.0,22.01
7714,39.4,57.0,22.01
7715,39.4,57.0,22.0
7716,39.4,57.0,22.0
7717,39.4,57.0,22.0
7718,39.4,57.0,21.99
7719,39.4,57.0,21.99
7720,39.4,57.0,21.99
7721,39.4,57.0,21.99
7722,39.4,57.0,21.98
7723,39.4,57.0,21.98
7724,39.4,57.0,21.98
7725,39.4,57.0,21.97
7726,39.4,57.0,21.97
7727,39.4,57.0,21.97
7728,39.4,57.0,21.97
7729,39.4,57.0,21.96
7730,39.4,57.0,21.96
7731,39.4,57.0,21.96
7732,39.4,57.0,21.95
7733,39.4,57.0,21.95
7734,39.4,57.0,21.95
7735,39.4,57.0,21.95
7736,39.4,57.0,21.94
7737,39.4,57.0,21.94
7738,39.4,57.0,21.94
7739,39.4,57.0,21.93
7740,39.4,57.0,21.93
7741,39.4,57.0,21.93
7742,39.4,57.0,21.93
7743,39.4,57.0,21.92
7744,39.4,56.9,21.92
7745,39.4,57.0,21.92
7746,39.4,57.0,21.91
7747,39.4,57.0,21.91
7748,39.4,57.0,21.91
7749,39.4,57.0,21.91
7750,39.4,57.0,21.9
7751,39.4,57.0,21.9
7752,39.4,57.0,21.9
7753,39.4,57.0,21.89
7754,39.4,57.0,21.89
7755,39.4,57.0,21.89
7756,39.4,57.0,21.89
7757,39.4,57.0,21.88
7758,39.4,57.0,21.88
7759,39.4,57.0,21.88
7760,39.4,57.0,21.88
7761,39.4,57.0,21.87
7762,39.3,57.0,22.08
7763,39.3,57.0,22.07
7764,39.3,57.0,22.07
7765,39.3,57.0,22.07
7766,39.3,57.0,22.06
7767,39.3,57.0,22.06
7768,39.3,57.0,22.06
7769,39.3,57.0,22.06
7770,39.3,57.0,22.05
7771,39.3,57.0,22.05
7772,39.3,57.0,22.05
7773,39.3,57.0,22.04
7774,39.3,57.0,22.04
7775,39.3,57.0,22.04
7776,39.3,57.0,22.04
7777,39.3,57.0,22.03
7778,39.3,57.0,22.03
7779,39.3,57.0,22.03
7780,39.3,57.0,22.02
7781,39.3,57.0,22.02
7782,39.3,57.0,22.02
7783,39.3,57.0,22.02
7784,39.3,57.0,22.01
7785,39.3,57.0,22.01
7786,39.3,57.0,22.01
7787,39.3,57.0,22.0
7788,39.3,57.0,22.0
7789,39.3,57.0,22.0
7790,39.3,57.0,22.0
7791,39.3,57.0,21.99
7792,39.3,57.0,21.99
7793,39.3,57.0,21.99
7794,39.3,57.0,21.98
7795,39.3,57.0,21.98
7796,39.3,57.0,21.98
7797,39.3,57.0,21.98
7798,39.3,57.0,21.97
7799,39.3,57.0,21.97
7800,39.3,57.0,21.97
7801,39.3,57.0,21.97
7802,39.3,57.0,21.96
7803,39.3,57.0,21.96
7804,39.3,57.0,21.96
7805,39.3,57.0,21.95
7806,39.3,57.0,21.95
7807,39.3,57.0,21.95
7808,39.3,57.0,21.95
7809,39.3,57.0,21.94
7810,39.3,57.1,21.94
7811,39.3,57.1,21.94
7812,39.3,57.1,21.93
7813,39.3,57.1,21.93
7814,39.3,57.1,21.93
7815,39.3,57.1,21.93
7816,39.3,57.1,21.92
7817,39.3,57.1,21.92
7818,39.3,57.1,21.92
7819,39.3,57.1,21.91
7820,39.3,57.1,21.91
7821,39.3,57.1,21.91
7822,39.3,57.1,21.91
7823,39.3,57.1,21.9
7824,39.3,57.1,21.9
7825,39.3,57.1,21.9
7826,39.3,57.1,21.89
7827,39.3,57.1,21.89
7828,39.3,57.1,21.89
7829,39.3,57.1,21.89
7830,39.3,57.1,21.88
7831,39.3,57.1,21.88
7832,39.3,57.1,21.88
7833,39.3,57.1,21.88
7834,39.3,57.1,21.87
7835,39.3,57.1,21.87
7836,39.3,57.1,21.87
7837,39.3,57.1,21.86
7838,39.3,57.1,21.86
7839,39.3,57.1,21.86
7840,39.3,57.1,21.86
7841,39.3,57.1,21.85
7842,39.3,57.1,21.85
7843,39.3,57.1,21.85
7844,39.3,57.1,21.84
7845,39.3,57.1,21.84
7846,39.3,57.1,21.84
7847,39.3,57.1,21.84
7848,39.3,57.1,21.83
7849,39.3,57.2,21.83
7850,39.3,57.2,21.83
7851,39.3,57.2,21.83
7852,39.3,57.2,21.82
7853,39.3,57.2,21.82
7854,39.3,57.2,21.82
7855,39.3,57.2,21.81
7856,39.3,57.2,21.81
7857,39.3,57.2,21.81
7858,39.3,57.2,21.81
7859,39.3,57.2,21.8
7860,39.3,57.2,21.8
7861,39.3,57.2,21.8
7862,39.3,57.2,21.79
7863,39.3,57.2,21.79
7864,39.3,57.2,21.79
7865,39.3,57.2,21.79
7866,39.3,57.2,21.78
7867,39.3,57.2,21.78
7868,39.3,57.2,21.78
7869,39.3,57.1,21.78
7870,39.3,57.1,21.77
7871,39.3,57.1,21.77
7872,39.3,57.1,21.77
7873,39.3,57.1,21.76
7874,39.3,57.1,21.76
7875,39.3,57.1,21.76
7876,39.3,57.1,21.76
7877,39.3,57.1,21.75
7878,39.3,57.1,21.75
7879,39.3,57.1,21.75
7880,39.3,57.1,21.74
7881,39.3,57.1,21.74
7882,39.3,57.1,21.74
7883,39.3,57.1,21.74
7884,39.3,57.1,21.73
7885,39.3,57.1,21.73
7886,39.3,57.1,21.73
7887,39.3,57.1,21.73
7888,39.3,57.1,21.72
7889,39.3,57.1,21.72
7890,39.3,57.1,21.72
7891,39.3,57.1,21.71
7892,39.3,57.1,21.71
7893,39.3,57.1,21.71
7894,39.3,57.1,21.71
7895,39.3,57.1,21.7
7896,39.3,57.1,21.7
7897,39.3,57.1,21.7
7898,39.3,57.1,21.7
7899,39.3,57.1,21.69
7900,39.5,57.1,22.06
7901,39.5,57.1,22.05
7902,39.5,57.1,22.05
7903,39.5,57.1,22.05
7904,39.5,57.1,22.05
7905,39.5,57.1,22.04
7906,39.5,57.1,22.04
7907,39.5,57.1,22.04
7908,39.5,57.1,22.03
7909,39.5,57.1,22.03
7910,39.5,57.1,22.03
7911,39.5,57.1,22.03
7912,39.5,57.1,22.02
7913,39.5,57.1,22.02
7914,39.7,57.1,22.41
7915,39.7,57.1,22.41
7916,39.7,57.1,22.4
7917,39.7,57.1,22.4
7918,39.7,57.1,22.4
7919,39.7,57.1,22.4
7920,39.7,57.1,22.39
7921,39.7,57.1,22.39
7922,39.7,57.1,22.39
7923,39.7,57.1,22.38
7924,39.7,57.1,22.38
7925,39.7,57.1,22.38
7926,39.7,57.1,22.38
7927,39.7,57.1,22.37
7928,39.7,57.1,22.37
7929,39.7,57.1,22.37
7930,39.7,57.1,22.36
7931,39.7,57.1,22.36
7932,39.7,57.1,22.36
7933,39.7,57.1,22.36
7934,39.7,57.1,22.35
7935,39.7,57.1,22.35
7936,39.7,57.1,22.35
7937,39.7,57.1,22.34
7938,39.7,57.1,22.34
7939,39.7,57.1,22.34
7940,39.7,57.1,22.34
7941,39.7,57.1,22.33
7942,39.7,57.1,22.33
7943,39.7,57.1,22.33
7944,39.7,57.1,22.33
7945,39.7,57.1,22.32
7946,39.7,57.1,22.32
7947,39.7,57.1,22.32
7948,39.9,57.1,22.66
7949,39.9,57.1,22.66
7950,39.9,57.1,22.65
7951,39.9,57.1,22.65
7952,39.9,57.1,22.65
7953,39.9,57.1,22.65
7954,39.9,57.1,22.64
7955,39.9,57.1,22.64
7956,39.9,57.1,22.64
7957,39.9,57.1,22.63
7958,39.9,57.1,22.63
7959,39.9,57.1,22.63
7960,39.9,57.1,22.63
7961,39.9,57.1,22.62
7962,39.9,57.1,22.62
7963,39.9,57.1,22.62
7964,39.9,57.1,22.61
7965,39.9,57.1,22.61
7966,39.9,57.1,22.61
7967,39.9,57.1,22.61
7968,39.9,57.1,22.6
7969,39.9,57.1,22.6
7970,39.9,57.1,22.6
7971,39.9,57.1,22.59
7972,39.9,57.1,22.59
7973,39.9,57.1,22.59
7974,39.9,57.1,22.59
7975,39.9,57.1,22.58
7976,39.9,57.1,22.58
7977,39.9,57.2,22.58
7978,39.9,57.2,22.57
7979,39.7,57.2,22.72
7980,39.7,57.1,22.71
7981,39.7,57.1,22.71
7982,39.7,57.1,22.71
7983,39.7,57.1,22.7
7984,39.7,57.2,22.7
7985,39.7,57.2,22.7
7986,39.7,57.2,22.7
7987,39.7,57.2,22.69
7988,39.7,57.2,22.69
7989,39.7,57.2,22.69
7990,39.7,57.2,22.68
7991,39.7,57.2,22.68
7992,39.7,57.2,22.68
7993,39.7,57.2,22.68
7994,39.7,57.2,22.67
7995,39.7,57.2,22.67
7996,39.7,57.2,22.67
7997,39.7,57.2,22.66
7998,39.7,57.2,22.66
7999,39.7,57.2,22.66
8000,39.7,57.2,22.66
8001,39.7,57.2,22.65
8002,39.7,57.2,22.65
8003,39.7,57.2,22.65
8004,39.7,57.2,22.64
8005,39.7,57.2,22.64
8006,39.7,57.2,22.64
8007,39.7,57.2,22.64
8008,39.7,57.2,22.63
8009,39.7,57.2,22.63
8010,39.7,57.2,22.63
8011,39.7,57.2,22.63
8012,39.7,57.2,22.62
8013,39.7,57.2,22.62
8014,39.7,57.2,22.62
8015,39.7,57.2,22.61
8016,39.7,57.2,22.61
8017,39.7,57.2,22.61
8018,39.7,57.2,22.61
8019,39.7,57.2,22.6
8020,39.7,57.2,22.6
8021,39.7,57.2,22.6
8022,39.7,57.2,22.59
8023,39.7,57.2,22.59
8024,39.7,57.2,22.59
8025,39.7,57.2,22.59
8026,39.7,57.3,22.58
8027,39.7,57.3,22.58
8028,39.7,57.3,22.58
8029,39.7,57.3,22.57
8030,39.7,57.3,22.57
8031,39.7,57.3,22.57
8032,39.7,57.3,22.57
8033,39.7,57.3,22.56
8034,39.7,57.3,22.56
8035,39.7,57.3,22.56
8036,39.7,57.3,22.55
8037,39.7,57.3,22.55
8038,39.7,57.3,22.55
8039,39.7,57.3,22.55
8040,39.7,57.3,22.54
8041,39.7,57.3,22.54
8042,39.7,57.3,22.54
8043,39.7,57.3,22.54
8044,39.7,57.3,22.53
8045,39.7,57.3,22.53
8046,39.7,57.3,22.53
8047,39.7,57.3,22.52
8048,39.7,57.3,22.52
8049,39.7,57.3,22.52
8050,39.7,57.3,22.52
8051,39.7,57.3,22.51
8052,39.7,57.3,22.51
8053,39.7,57.3,22.51
8054,39.7,57.3,22.5
8055,39.7,57.3,22.5
8056,39.7,57.3,22.5
8057,39.7,57.3,22.5
8058,39.7,57.3,22.49
8059,39.7,57.3,22.49
8060,39.7,57.3,22.49
8061,39.7,57.3,22.48
8062,39.7,57.3,22.48
8063,39.7,57.3,22.48
8064,39.7,57.3,22.48
8065,39.7,57.3,22.47
8066,39.7,57.3,22.47
8067,39.7,57.3,22.47
8068,39.7,57.3,22.47
8069,39.7,57.3,22.46
8070,39.7,57.3,22.46
8071,39.7,57.3,22.46
8072,39.7,57.3,22.45
8073,39.7,57.3,22.45
8074,39.7,57.3,22.45
8075,39.7,57.3,22.45
8076,39.7,57.3,22.44
8077,39.7,57.3,22.44
8078,39.7,57.3,22.44
8079,39.7,57.3,22.43
8080,39.7,57.3,22.43
8081,39.7,57.3,22.43
8082,39.7,57.3,22.43
8083,39.7,57.3,22.42
8084,39.7,57.3,22.42
8085,39.7,57.3,22.42
8086,39.7,57.3,22.42
8087,39.7,57.3,22.41
8088,39.7,57.3,22.41
8089,39.7,57.3,22.41
8090,39.7,57.3,22.4
8091,39.7,57.3,22.4
8092,39.7,57.3,22.4
8093,39.7,57.3,22.4
8094,39.7,57.3,22.39
8095,39.7,57.3,22.39
8096,39.7,57.3,22.39
8097,39.7,57.3,22.38
8098,39.7,57.3,22.38
8099,39.7,57.3,22.38
8100,39.7,57.3,22.38
8101,39.7,57.3,22.37
8102,39.7,57.3,22.37
8103,39.7,57.3,22.37
8104,39.7,57.3,22.37
8105,39.7,57.3,22.36
8106,39.7,57.3,22.36
8107,39.7,57.3,22.36
8108,39.7,57.3,22.35
8109,39.7,57.3,22.35
8110,39.7,57.3,22.35
8111,39.7,57.3,22.35
8112,39.7,57.3,22.34
8113,39.7,57.4,22.34
8114,39.7,57.4,22.34
8115,39.7,57.4,22.34
8116,39.7,57.4,22.33
8117,39.7,57.4,22.33
8118,39.7,57.4,22.33
8119,39.7,57.4,22.32
8120,39.7,57.4,22.32
8121,39.7,57.4,22.32
8122,39.7,57.4,22.32
8123,39.7,57.4,22.31
8124,39.7,57.4,22.31
8125,39.7,57.4,22.31
8126,39.7,57.4,22.3
8127,39.7,57.4,22.3
8128,39.7,57.4,22.3
8129,39.7,57.4,22.3
8130,39.7,57.4,22.29
8131,39.7,57.4,22.29
8132,39.7,57.4,22.29
8133,39.7,57.4,22.29
8134,39.7,57.4,22.28
8135,39.7,57.4,22.28
8136,39.7,57.4,22.28
8137,39.7,57.4,22.27
8138,39.7,57.4,22.27
8139,39.7,57.4,22.27
8140,39.7,57.4,22.27
8141,39.7,57.4,22.26
8142,39.7,57.4,22.26
8143,39.7,57.4,22.26
8144,39.7,57.4,22.26
8145,39.7,57.4,22.25
8146,39.7,57.4,22.25
8147,39.7,57.4,22.25
8148,39.7,57.4,22.24
8149,39.7,57.4,22.24
8150,39.7,57.4,22.24
8151,39.7,57.4,22.24
8152,39.7,57.4,22.23
8153,39.7,57.4,22.23
8154,39.7,57.4,22.23
8155,39.7,57.4,22.23
8156,39.7,57.4,22.22
8157,39.7,57.4,22.22
8158,39.7,57.4,22.22
8159,39.7,57.4,22.21
8160,39.7,57.4,22.21
8161,39.7,57.4,22.21
8162,39.7,57.4,22.21
8163,39.7,57.4,22.2
8164,39.7,57.4,22.2
8165,39.7,57.4,22.2
8166,39.7,57.4,22.2
8167,39.7,57.4,22.19
8168,39.7,57.4,22.19
8169,39.7,57.4,22.19
8170,39.7,57.4,22.18
8171,39.7,57.4,22.18
8172,39.7,57.4,22.18
8173,39.7,57.4,22.18
8174,39.7,57.4,22.17
8175,39.7,57.4,22.17
8176,39.7,57.4,22.17
8177,39.7,57.4,22.17
8178,39.7,57.4,22.16
8179,39.7,57.4,22.16
8180,39.7,57.4,22.16
8181,39.7,57.4,22.15
8182,39.7,57.4,22.15
8183,39.7,57.4,22.15
8184,39.7,57.4,22.15
8185,39.7,57.4,22.14
8186,39.7,57.4,22.14
8187,39.7,57.4,22.14
8188,39.7,57.4,22.14
8189,39.7,57.4,22.13
8190,39.7,57.4,22.13
8191,39.7,57.4,22.13
8192,39.7,57.4,22.13
8193,39.7,57.4,22.12
8194,39.7,57.4,22.12
8195,39.7,57.4,22.12
8196,39.7,57.4,22.11
8197,39.7,57.4,22.11
8198,39.7,57.4,22.11
8199,39.7,57.4,22.11
8200,39.7,57.4,22.1
8201,39.7,57.4,22.1
8202,39.7,57.4,22.1
8203,39.7,57.5,22.1
8204,39.7,57.5,22.09
8205,39.7,57.5,22.09
8206,39.7,57.5,22.09
8207,39.7,57.5,22.08
8208,39.7,57.5,22.08
8209,39.7,57.5,22.08
8210,39.7,57.5,22.08
8211,39.7,57.4,22.07
8212,39.7,57.4,22.07
8213,39.7,57.4,22.07
8214,39.7,57.5,22.07
8215,39.7,57.5,22.06
8216,39.7,57.5,22.06
8217,39.7,57.5,22.06
8218,39.7,57.5,22.06
8219,39.7,57.5,22.05
8220,39.7,57.5,22.05
8221,39.7,57.5,22.05
8222,39.7,57.5,22.04
8223,39.7,57.5,22.04
8224,39.7,57.5,22.04
8225,39.7,57.4,22.04
8226,39.7,57.4,22.03
8227,39.7,57.4,22.03
8228,39.7,57.4,22.03
8229,39.7,57.4,22.03
8230,39.7,57.4,22.02
8231,39.7,57.4,22.02
8232,39.7,57.4,22.02
8233,39.7,57.4,22.02
8234,39.7,57.4,22.01
8235,39.7,57.4,22.01
8236,39.7,57.4,22.01
8237,39.7,57.4,22.0
8238,39.7,57.4,22.0
8239,39.7,57.4,22.0
8240,39.7,57.4,22.0
8241,39.7,57.4,21.99
8242,39.7,57.4,21.99
8243,39.7,57.4,21.99
8244,39.7,57.4,21.99
8245,39.7,57.4,21.98
8246,39.7,57.4,21.98
8247,39.7,57.4,21.98
8248,39.7,57.4,21.98
8249,39.7,57.4,21.97
8250,39.7,57.4,21.97
8251,39.7,57.4,21.97
8252,39.7,57.4,21.96
8253,39.7,57.4,21.96
8254,39.7,57.4,21.96
8255,39.7,57.4,21.96
8256,39.7,57.4,21.95
8257,39.7,57.4,21.95
8258,39.7,57.4,21.95
8259,39.7,57.4,21.95
8260,39.7,57.4,21.94
8261,39.7,57.4,21.94
8262,39.7,57.4,21.94
8263,39.7,57.4,21.94
8264,39.7,57.4,21.93
8265,39.7,57.4,21.93
8266,39.7,57.4,21.93
8267,39.7,57.4,21.92
8268,39.7,57.4,21.92
8269,39.7,57.4,21.92
8270,39.7,57.4,21.92
8271,39.7,57.4,21.91
8272,39.7,57.4,21.91
8273,39.7,57.4,21.91
8274,39.7,57.4,21.91
8275,39.7,57.4,21.9
8276,39.7,57.4,21.9
8277,39.7,57.4,21.9
8278,39.7,57.4,21.9
8279,39.7,57.4,21.89
8280,39.7,57.4,21.89
8281,39.7,57.4,21.89
8282,39.7,57.4,21.88
8283,39.7,57.4,21.88
8284,39.7,57.4,21.88
8285,39.7,57.4,21.88
8286,39.7,57.4,21.87
8287,39.7,57.4,21.87
8288,39.7,57.4,21.87
8289,39.7,57.4,21.87
8290,39.7,57.4,21.86
8291,39.7,57.4,21.86
8292,39.7,57.4,21.86
8293,39.7,57.4,21.86
8294,39.7,57.4,21.85
8295,39.7,57.4,21.85
8296,39.7,57.4,21.85
8297,39.7,57.4,21.85
8298,39.7,57.4,21.84
8299,39.7,57.4,21.84
8300,39.7,57.4,21.84
8301,39.7,57.4,21.83
8302,39.7,57.4,21.83
8303,39.7,57.4,21.83
8304,39.7,57.4,21.83
8305,39.7,57.4,21.82
8306,39.7,57.4,21.82
8307,39.7,57.4,21.82
8308,39.7,57.4,21.82
8309,39.7,57.4,21.81
8310,39.7,57.4,21.81
8311,39.7,57.4,21.81
8312,39.7,57.4,21.81
8313,39.7,57.4,21.8
8314,39.7,57.4,21.8
8315,39.7,57.4,21.8
8316,39.7,57.4,21.8
8317,39.7,57.4,21.79
8318,39.7,57.4,21.79
8319,39.7,57.4,21.79
8320,39.7,57.4,21.78
8321,39.7,57.4,21.78
8322,39.7,57.4,21.78
8323,39.7,57.4,21.78
8324,39.7,57.4,21.77
8325,39.7,57.4,21.77
8326,39.7,57.4,21.77
8327,39.7,57.4,21.77
8328,39.7,57.4,21.76
8329,39.7,57.4,21.76
8330,39.7,57.4,21.76
8331,39.7,57.4,21.76
8332,39.7,57.4,21.75
8333,39.7,57.4,21.75
8334,39.7,57.4,21.75
8335,39.7,57.4,21.75
8336,39.7,57.4,21.74
8337,39.7,57.4,21.74
8338,39.7,57.4,21.74
8339,39.7,57.4,21.74
8340,39.7,57.4,21.73
8341,39.7,57.4,21.73
8342,39.7,57.4,21.73
8343,39.7,57.4,21.72
8344,39.7,57.4,21.72
8345,39.7,57.4,21.72
8346,39.7,57.4,21.72
8347,39.7,57.4,21.71
8348,39.7,57.4,21.71
8349,39.7,57.4,21.71
8350,39.7,57.4,21.71
8351,39.7,57.4,21.7
8352,39.7,57.4,21.7
8353,39.7,57.4,21.7
8354,39.7,57.4,21.7
8355,39.7,57.4,21.69
8356,39.7,57.4,21.69
8357,39.7,57.4,21.69
8358,39.7,57.4,21.69
8359,39.7,57.4,21.68
8360,39.7,57.4,21.68
8361,39.7,57.4,21.68
8362,39.7,57.4,21.68
8363,39.7,57.4,21.67
8364,39.7,57.4,21.67
8365,39.7,57.4,21.67
8366,39.7,57.4,21.67
8367,39.7,57.4,21.66
8368,39.7,57.4,21.66
8369,39.7,57.4,21.66
8370,39.7,57.4,21.65
8371,39.7,57.4,21.65
8372,39.7,57.4,21.65
8373,39.7,57.4,21.65
8374,39.7,57.4,21.64
8375,39.7,57.4,21.64
8376,39.7,57.4,21.64
8377,39.7,57.4,21.64
8378,39.7,57.4,21.63
8379,39.7,57.4,21.63
8380,39.7,57.4,21.63
8381,39.7,57.4,21.63
8382,39.7,57.4,21.62
8383,39.7,57.4,21.62
8384,39.7,57.4,21.62
8385,39.7,57.4,21.62
8386,39.6,57.4,21.85
8387,39.6,57.4,21.85
8388,39.6,57.4,21.85
8389,39.6,57.4,21.84
8390,39.6,57.4,21.84
8391,39.6,57.4,21.84
8392,39.6,57.4,21.84
8393,39.6,57.4,21.83
8394,39.6,57.4,21.83
8395,39.6,57.4,21.83
8396,39.6,57.4,21.83
8397,39.6,57.4,21.82
8398,39.6,57.4,21.82
8399,39.6,57.4,21.82
8400,39.6,57.4,21.82
8401,39.6,57.4,21.81
8402,39.6,57.4,21.81
8403,39.6,57.4,21.81
8404,39.6,57.4,21.81
8405,39.6,57.4,21.8
8406,39.6,57.4,21.8
8407,39.4,57.4,21.92
8408,39.4,57.4,21.92
8409,39.4,57.4,21.92
8410,39.4,57.4,21.91
8411,39.4,57.4,21.91
8412,39.4,57.4,21.91
8413,39.4,57.4,21.91
8414,39.4,57.4,21.9
8415,39.4,57.4,21.9
8416,39.4,57.4,21.9
8417,39.4,57.4,21.9
8418,39.4,57.4,21.89
8419,39.4,57.4,21.89
8420,39.4,57.4,21.89
8421,39.4,57.4,21.89
8422,39.4,57.4,21.88
8423,39.4,57.4,21.88
8424,39.4,57.4,21.88
8425,39.4,57.4,21.88
8426,39.4,57.4,21.87
8427,39.4,57.4,21.87
8428,39.4,57.4,21.87
8429,39.4,57.4,21.86
8430,39.4,57.4,21.86
8431,39.4,57.4,21.86
8432,39.4,57.4,21.86
8433,39.4,57.4,21.85
8434,39.4,57.4,21.85
8435,39.4,57.4,21.85
8436,39.4,57.4,21.85
8437,39.4,57.4,21.84
8438,39.4,57.4,21.84
8439,39.4,57.4,21.84
8440,39.4,57.4,21.84
8441,39.2,57.4,21.97
8442,39.2,57.4,21.97
8443,39.2,57.4,21.96
8444,39.2,57.4,21.96
8445,39.2,57.4,21.96
8446,39.2,57.4,21.96
8447,39.2,57.4,21.95
8448,39.2,57.4,21.95
8449,39.2,57.4,21.95
8450,39.2,57.4,21.95
8451,39.2,57.4,21.94
8452,39.2,57.4,21.94
8453,39.2,57.4,21.94
8454,39.2,57.4,21.94
8455,39.2,57.4,21.93
8456,39.2,57.4,21.93
8457,39.2,57.4,21.93
8458,39.2,57.4,21.93
8459,39.2,57.4,21.92
8460,39.2,57.4,21.92
8461,39.2,57.4,21.92
8462,39.2,57.4,21.92
8463,39.2,57.4,21.91
8464,39.2,57.4,21.91
8465,39.2,57.4,21.91
8466,39.2,57.4,21.91
8467,39.2,57.4,21.9
8468,39.2,57.4,21.9
8469,39.2,57.4,21.9
8470,39.2,57.4,21.89
8471,39.2,57.4,21.89
8472,39.2,57.4,21.89
8473,39.2,57.4,21.89
8474,39.2,57.4,21.88
8475,39.2,57.4,21.88
8476,39.2,57.4,21.88
8477,39.2,57.4,21.88
8478,39.2,57.4,21.87
8479,39.2,57.4,21.87
8480,39.2,57.4,21.87
8481,39.2,57.4,21.87
8482,39.2,57.4,21.86
8483,39.2,57.4,21.86
8484,39.2,57.4,21.86
8485,39.2,57.4,21.86
8486,39.2,57.4,21.85
8487,39.2,57.4,21.85
8488,39.2,57.4,21.85
8489,39.2,57.4,21.85
8490,39.2,57.4,21.84
8491,39.2,57.4,21.84
8492,39.2,57.4,21.84
8493,39.2,57.4,21.84
8494,39.2,57.4,21.83
8495,39.2,57.4,21.83
8496,39.2,57.4,21.83
8497,39.2,57.4,21.83
8498,39.2,57.4,21.82
8499,39.2,57.4,21.82
8500,39.2,57.4,21.82
8501,39.2,57.4,21.82
8502,39.2,57.4,21.81
8503,39.2,57.4,21.81
8504,39.2,57.4,21.81
8505,39.2,57.4,21.8
8506,39.2,57.4,21.8
8507,39.2,57.4,21.8
8508,39.2,57.4,21.8
8509,39.2,57.4,21.79
8510,39.2,57.4,21.79
8511,39.2,57.4,21.79
8512,39.2,57.4,21.79
8513,39.2,57.4,21.78
8514,39.2,57.4,21.78
8515,39.2,57.4,21.78
8516,39.2,57.4,21.78
8517,39.2,57.4,21.77
8518,39.2,57.4,21.77
8519,39.2,57.4,21.77
8520,39.2,57.5,21.77
8521,39.2,57.4,21.76
8522,39.2,57.4,21.76
8523,39.2,57.4,21.76
8524,39.2,57.4,21.76
8525,39.2,57.4,21.75
8526,39.2,57.4,21.75
8527,39.2,57.4,21.75
8528,39.2,57.4,21.75
8529,39.2,57.4,21.74
8530,39.2,57.4,21.74
8531,39.2,57.4,21.74
8532,39.2,57.4,21.74
8533,39.2,57.4,21.73
8534,39.2,57.4,21.73
8535,39.2,57.4,21.73
8536,39.2,57.4,21.73
8537,39.2,57.4,21.72
8538,39.2,57.4,21.72
8539,39.2,57.4,21.72
8540,39.2,57.4,21.72
8541,39.2,57.4,21.71
8542,39.2,57.4,21.71
8543,39.2,57.4,21.71
8544,39.2,57.4,21.71
8545,39.2,57.4,21.7
8546,39.2,57.4,21.7
8547,39.2,57.4,21.7
8548,39.2,57.4,21.7
8549,39.2,57.4,21.69
8550,39.2,57.4,21.69
8551,39.2,57.4,21.69
8552,39.2,57.4,21.68
8553,39.2,57.4,21.68
8554,39.2,57.4,21.68
8555,39.2,57.4,21.68
8556,39.2,57.4,21.67
8557,39.2,57.4,21.67
8558,39.2,57.4,21.67
8559,39.2,57.4,21.67
8560,39.2,57.4,21.66
8561,39.2,57.4,21.66
8562,39.2,57.4,21.66
8563,39.2,57.4,21.66
8564,39.2,57.4,21.65
8565,39.2,57.4,21.65
8566,39.2,57.4,21.65
8567,39.2,57.4,21.65
8568,39.2,57.4,21.64
8569,39.2,57.4,21.64
8570,39.2,57.4,21.64
8571,39.2,57.4,21.64
8572,39.2,57.4,21.63
8573,39.2,57.4,21.63
8574,39.2,57.4,21.63
8575,39.2,57.4,21.63
8576,39.2,57.5,21.62
8577,39.2,57.5,21.62
8578,39.2,57.4,21.62
8579,39.2,57.5,21.62
8580,39.2,57.4,21.61
8581,39.2,57.5,21.61
8582,39.2,57.5,21.61
8583,39.2,57.5,21.61
8584,39.2,57.5,21.6
8585,39.2,57.5,21.6
8586,39.2,57.5,21.6
8587,39.2,57.5,21.6
8588,39.2,57.5,21.59
8589,39.2,57.5,21.59
8590,39.2,57.5,21.59
8591,39.2,57.5,21.59
8592,39.2,57.5,21.58
8593,39.2,57.5,21.58
8594,39.2,57.5,21.58
8595,39.2,57.5,21.58
8596,39.2,57.5,21.57
8597,39.2,57.5,21.57
8598,39.2,57.5,21.57
8599,39.2,57.5,21.57
8600,39.2,57.5,21.56
8601,39.2,57.5,21.56
8602,39.2,57.5,21.56
8603,39.2,57.5,21.56
8604,39.2,57.5,21.55
8605,39.2,57.5,21.55
8606,39.2,57.5,21.55
8607,39.2,57.5,21.55
8608,39.2,57.5,21.54
8609,39.2,57.5,21.54
8610,39.2,57.5,21.54
8611,39.2,57.5,21.54
8612,39.2,57.5,21.53
8613,39.2,57.5,21.53
8614,39.2,57.5,21.53
8615,39.2,57.5,21.53
8616,39.2,57.5,21.52
8617,39.2,57.5,21.52
8618,39.2,57.5,21.52
8619,39.2,57.5,21.52
8620,39.2,57.5,21.51
8621,39.2,57.5,21.51
8622,39.2,57.5,21.51
8623,39.2,57.5,21.51
8624,39.2,57.5,21.5
8625,39.2,57.5,21.5
8626,39.2,57.5,21.5
8627,39.2,57.5,21.5
8628,39.2,57.5,21.49
8629,39.2,57.5,21.49
8630,39.0,57.5,21.63
8631,39.0,57.5,21.63
8632,39.0,57.5,21.62
8633,39.0,57.5,21.62
8634,39.0,57.5,21.62
8635,39.0,57.5,21.62
8636,39.0,57.5,21.61
8637,39.0,57.5,21.61
8638,39.0,57.5,21.61
8639,39.0,57.5,21.61
8640,39.0,57.5,21.6
8641,39.0,57.5,21.6
8642,39.0,57.5,21.6
8643,39.0,57.5,21.6
8644,39.0,57.5,21.59
8645,39.0,57.5,21.59
8646,39.0,57.5,21.59
8647,39.0,57.5,21.59
8648,39.0,57.5,21.58
8649,39.0,57.5,21.58
8650,39.0,57.5,21.58
8651,39.0,57.5,21.58
8652,39.0,57.5,21.57
8653,39.1,57.5,21.84
8654,39.1,57.5,21.83
8655,39.1,57.5,21.83
8656,38.9,57.5,22.0
8657,38.9,57.5,21.99
8658,38.9,57.5,21.99
8659,38.9,57.5,21.99
8660,38.9,57.5,21.99
8661,38.9,57.5,21.98
8662,38.9,57.5,21.98
8663,38.9,57.5,21.98
8664,38.9,57.5,21.98
8665,38.9,57.5,21.97
8666,38.9,57.5,21.97
8667,38.9,57.5,21.97
8668,38.9,57.5,21.97
8669,38.9,57.5,21.96
8670,38.9,57.5,21.96
8671,38.9,57.5,21.96
8672,38.9,57.5,21.96
8673,38.9,57.5,21.95
8674,38.9,57.5,21.95
8675,38.9,57.5,21.95
8676,38.9,57.5,21.95
8677,38.9,57.5,21.94
8678,38.9,57.5,21.94
8679,38.9,57.5,21.94
8680,38.9,57.5,21.94
8681,38.9,57.5,21.93
8682,38.9,57.5,21.93
8683,38.9,57.5,21.93
8684,38.9,57.5,21.93
8685,38.9,57.5,21.92
8686,38.9,57.5,21.92
8687,38.9,57.5,21.92
8688,38.9,57.5,21.92
8689,38.9,57.5,21.91
8690,38.9,57.5,21.91
8691,38.9,57.5,21.91
8692,38.9,57.5,21.91
8693,38.9,57.5,21.9
8694,38.9,57.5,21.9
8695,38.9,57.5,21.9
8696,38.9,57.5,21.9
8697,38.9,57.5,21.89
8698,38.9,57.5,21.89
8699,38.9,57.5,21.89
8700,38.9,57.5,21.89
8701,38.9,57.5,21.88
8702,38.9,57.5,21.88
8703,38.9,57.5,21.88
8704,38.9,57.5,21.88
8705,38.9,57.5,21.87
8706,38.9,57.5,21.87
8707,38.9,57.5,21.87
8708,38.9,57.5,21.86
8709,38.9,57.5,21.86
8710,38.9,57.5,21.86
8711,38.9,57.5,21.86
8712,38.9,57.5,21.85
8713,38.9,57.5,21.85
8714,38.9,57.5,21.85
8715,38.9,57.5,21.85
8716,38.9,57.5,21.84
8717,38.9,57.5,21.84
8718,38.9,57.5,21.84
8719,38.9,57.5,21.84
8720,38.9,57.5,21.83
8721,38.9,57.5,21.83
8722,38.9,57.5,21.83
8723,38.9,57.5,21.83
8724,38.9,57.5,21.82
8725,38.9,57.5,21.82
8726,38.9,57.5,21.82
8727,38.9,57.5,21.82
8728,38.9,57.5,21.81
8729,38.9,57.5,21.81
8730,38.9,57.5,21.81
8731,38.9,57.5,21.81
8732,38.9,57.5,21.8
8733,38.9,57.5,21.8
8734,38.9,57.5,21.8
8735,38.9,57.5,21.8
8736,38.9,57.5,21.79
8737,38.9,57.5,21.79
8738,38.9,57.5,21.79
8739,38.9,57.5,21.79
8740,38.9,57.5,21.78
8741,38.9,57.5,21.78
8742,38.9,57.5,21.78
8743,38.9,57.5,21.78
8744,38.9,57.5,21.77
8745,38.9,57.5,21.77
8746,38.9,57.5,21.77
8747,38.9,57.5,21.77
8748,38.9,57.5,21.76
8749,38.9,57.5,21.76
8750,38.9,57.5,21.76
8751,38.9,57.5,21.76
8752,38.9,57.5,21.76
8753,38.9,57.5,21.75
8754,38.9,57.5,21.75
8755,38.9,57.5,21.75
8756,38.9,57.5,21.75
8757,38.9,57.5,21.74
8758,38.9,57.5,21.74
8759,38.9,57.5,21.74
8760,38.9,57.5,21.74
8761,38.9,57.5,21.73
8762,38.9,57.5,21.73
8763,38.9,57.5,21.73
8764,38.9,57.5,21.73
8765,38.9,57.5,21.72
8766,38.9,57.5,21.72
8767,38.9,57.5,21.72
8768,38.9,57.5,21.72
8769,38.9,57.5,21.71
8770,38.9,57.5,21.71
8771,38.9,57.5,21.71
8772,38.9,57.5,21.71
8773,38.9,57.5,21.7
8774,38.9,57.5,21.7
8775,39.2,57.5,22.06
8776,39.2,57.5,22.05
8777,39.2,57.5,22.05
8778,39.2,57.5,22.05
8779,39.2,57.5,22.05
8780,39.2,57.5,22.04
8781,39.2,57.5,22.04
8782,39.2,57.5,22.04
8783,39.2,57.5,22.04
8784,39.2,57.5,22.03
8785,39.2,57.5,22.03
8786,39.2,57.5,22.03
8787,39.2,57.5,22.03
8788,39.2,57.5,22.02
8789,39.2,57.5,22.02
8790,39.2,57.5,22.02
8791,39.2,57.5,22.02
8792,39.2,57.5,22.01
8793,39.2,57.5,22.01
8794,39.2,57.5,22.01
8795,39.2,57.5,22.01
8796,39.2,57.5,22.0
8797,39.2,57.5,22.0
8798,39.2,57.5,22.0
8799,39.2,57.5,22.0
8800,39.2,57.5,21.99
8801,39.2,57.5,21.99
8802,39.2,57.5,21.99
8803,39.2,57.5,21.99
8804,39.2,57.5,21.98
8805,39.2,57.5,21.98
8806,39.2,57.5,21.98
8807,39.2,57.5,21.98
8808,39.2,57.5,21.97
8809,39.2,57.6,21.97
8810,39.2,57.6,21.97
8811,39.2,57.6,21.97
8812,39.2,57.6,21.96
8813,39.2,57.6,21.96
8814,39.2,57.6,21.96
8815,39.2,57.6,21.96
8816,39.2,57.6,21.95
8817,39.2,57.6,21.95
8818,39.2,57.6,21.95
8819,39.2,57.6,21.95
8820,39.2,57.6,21.94
8821,39.2,57.6,21.94
8822,39.2,57.5,21.94
8823,39.2,57.6,21.94
8824,39.2,57.6,21.93
8825,39.2,57.6,21.93
8826,39.2,57.5,21.93
8827,39.2,57.5,21.93
8828,39.2,57.5,21.92
8829,39.2,57.5,21.92
8830,39.2,57.5,21.92
8831,39.2,57.5,21.92
8832,39.2,57.5,21.91
8833,39.2,57.5,21.91
8834,39.2,57.6,21.91
8835,39.2,57.5,21.91
8836,39.2,57.5,21.9
8837,39.2,57.5,21.9
8838,39.2,57.5,21.9
8839,39.2,57.5,21.9
8840,39.2,57.5,21.89
8841,39.2,57.5,21.89
8842,39.2,57.5,21.89
8843,39.2,57.5,21.89
8844,39.2,57.6,21.88
8845,39.2,57.5,21.88
8846,39.2,57.6,21.88
8847,39.2,57.5,21.88
8848,39.2,57.5,21.88
8849,39.2,57.6,21.87
8850,39.2,57.6,21.87
8851,39.2,57.6,21.87
8852,39.2,57.6,21.87
8853,39.2,57.6,21.86
8854,39.2,57.6,21.86
8855,39.2,57.6,21.86
8856,39.2,57.6,21.86
8857,39.2,57.6,21.85
8858,39.2,57.6,21.85
8859,39.2,57.6,21.85
8860,39.2,57.6,21.85
8861,39.2,57.6,21.84
8862,39.2,57.6,21.84
8863,39.2,57.6,21.84
8864,39.2,57.6,21.84
8865,39.2,57.6,21.83
8866,39.2,57.6,21.83
8867,39.2,57.6,21.83
8868,39.2,57.6,21.83
8869,39.2,57.6,21.82
8870,39.2,57.6,21.82
8871,39.2,57.6,21.82
8872,39.2,57.6,21.82
8873,39.2,57.5,21.81
8874,39.2,57.6,21.81
8875,39.2,57.5,21.81
8876,39.5,57.5,22.23
8877,39.5,57.5,22.23
8878,39.5,57.5,22.22
8879,39.5,57.6,22.22
8880,39.5,57.5,22.22
8881,39.5,57.5,22.22
8882,39.5,57.6,22.21
8883,39.5,57.6,22.21
8884,39.5,57.6,22.21
8885,39.5,57.5,22.21
8886,39.5,57.6,22.2
8887,39.5,57.6,22.2
8888,39.5,57.6,22.2
8889,39.5,57.6,22.2
8890,39.5,57.6,22.19
8891,39.5,57.6,22.19
8892,39.5,57.6,22.19
8893,39.5,57.6,22.19
8894,39.5,57.6,22.18
8895,39.5,57.6,22.18
8896,39.5,57.6,22.18
8897,39.5,57.6,22.18
8898,39.5,57.6,22.17
8899,39.5,57.6,22.17
8900,39.5,57.6,22.17
8901,39.5,57.6,22.17
8902,39.5,57.6,22.16
8903,39.5,57.6,22.16
8904,39.5,57.6,22.16
8905,39.5,57.6,22.16
8906,39.5,57.6,22.15
8907,39.5,57.6,22.15
8908,39.5,57.6,22.15
8909,39.5,57.6,22.15
8910,39.5,57.6,22.14
8911,39.5,57.6,22.14
8912,39.5,57.6,22.14
8913,39.5,57.6,22.14
8914,39.5,57.6,22.13
8915,39.5,57.6,22.13
8916,39.5,57.6,22.13
8917,39.5,57.6,22.13
8918,39.5,57.6,22.12
8919,39.5,57.6,22.12
8920,39.5,57.6,22.12
8921,39.5,57.6,22.12
8922,39.5,57.6,22.11
8923,39.5,57.6,22.11
8924,39.5,57.6,22.11
8925,39.5,57.6,22.11
8926,39.5,57.6,22.1
8927,39.5,57.5,22.1
8928,39.5,57.5,22.1
8929,39.5,57.5,22.1
8930,39.5,57.5,22.09
8931,39.5,57.6,22.09
8932,39.5,57.5,22.09
8933,39.5,57.5,22.09
8934,39.5,57.5,22.08
8935,39.5,57.5,22.08
8936,39.5,57.5,22.08
8937,39.5,57.5,22.08
8938,39.5,57.5,22.07
8939,39.5,57.5,22.07
8940,39.5,57.5,22.07
8941,39.5,57.5,22.07
8942,39.5,57.5,22.06
8943,39.5,57.5,22.3
8944,39.5,57.5,22.29
8945,39.5,57.5,22.29
8946,39.5,57.5,22.29
8947,39.5,57.6,22.29
8948,39.5,57.6,22.28
8949,39.5,57.6,22.28
8950,39.5,57.6,22.28
8951,39.5,57.6,22.28
8952,39.5,57.6,22.27
8953,39.5,57.5,22.27
8954,39.5,57.5,22.27
8955,39.5,57.6,22.27
8956,39.5,57.6,22.26
8957,39.5,57.6,22.26
8958,39.5,57.6,22.26
8959,39.5,57.6,22.26
8960,39.5,57.6,22.25
8961,39.5,57.6,22.25
8962,39.5,57.6,22.25
8963,39.5,57.6,22.25
8964,39.5,57.6,22.24
8965,39.5,57.6,22.24
8966,39.5,57.6,22.24
8967,39.5,57.6,22.24
8968,39.5,57.6,22.23
8969,39.5,57.6,22.23
8970,39.5,57.6,22.23
8971,39.5,57.6,22.23
8972,39.5,57.6,22.22
8973,39.5,57.6,22.22
8974,39.5,57.6,22.22
8975,39.5,57.6,22.22
8976,39.5,57.6,22.21
8977,39.5,57.6,22.21
8978,39.5,57.6,22.21
8979,39.5,57.6,22.21
8980,39.5,57.6,22.2
8981,39.5,57.6,22.2
8982,39.5,57.6,22.2
8983,39.5,57.6,22.2
8984,39.5,57.6,22.2
8985,39.5,57.6,22.19
8986,39.5,57.6,22.19
8987,39.5,57.6,22.19
8988,39.5,57.6,22.19
8989,39.5,57.6,22.18
8990,39.5,57.6,22.18
8991,39.5,57.6,22.18
8992,39.5,57.6,22.18
8993,39.5,57.6,22.17
8994,39.5,57.6,22.17
8995,39.5,57.6,22.17
8996,39.5,57.6,22.17
8997,39.5,57.6,22.16
8998,39.5,57.6,22.16
8999,39.5,57.6,22.16
9000,39.5,57.6,22.16
9001,39.5,57.6,22.15
9002,39.5,57.6,22.15
9003,39.5,57.6,22.15
9004,39.5,57.6,22.15
9005,39.5,57.6,22.14
9006,39.5,57.7,22.14
9007,39.5,57.6,22.14
9008,39.5,57.6,22.14
9009,39.5,57.6,22.13
9010,39.5,57.6,22.13
9011,39.5,57.7,22.13
9012,39.5,57.6,22.13
9013,39.5,57.6,22.12
9014,39.5,57.6,22.12
9015,39.5,57.6,22.12
9016,39.5,57.6,22.12
9017,39.5,57.6,22.11
9018,39.5,57.6,22.11
9019,39.5,57.6,22.11
9020,39.5,57.6,22.11
9021,39.5,57.6,22.1
9022,39.5,57.6,22.1
9023,39.5,57.7,22.1
9024,39.5,57.6,22.1
9025,39.5,57.7,22.09
9026,39.5,57.7,22.09
9027,39.5,57.6,22.09
9028,39.5,57.7,22.09
9029,39.5,57.6,22.08
9030,39.5,57.7,22.08
9031,39.5,57.6,22.08
9032,39.5,57.6,22.08
9033,39.5,57.6,22.07
9034,39.5,57.6,22.07
9035,39.5,57.6,22.07
9036,39.5,57.6,22.07
9037,39.5,57.6,22.06
9038,39.5,57.6,22.06
9039,39.5,57.6,22.06
9040,39.5,57.6,22.06
9041,39.5,57.6,22.06
9042,39.5,57.6,22.05
9043,39.5,57.6,22.05
9044,39.5,57.6,22.05
9045,39.5,57.6,22.05
9046,39.5,57.6,22.04
9047,39.5,57.6,22.04
9048,39.5,57.6,22.04
9049,39.5,57.6,22.04
9050,39.5,57.6,22.03
9051,39.5,57.6,22.03
9052,39.5,57.6,22.03
9053,39.5,57.6,22.03
9054,39.5,57.6,22.02
9055,39.5,57.6,22.02
9056,39.5,57.6,22.02
9057,39.5,57.6,22.02
9058,39.5,57.6,22.01
9059,39.5,57.6,22.01
9060,39.5,57.6,22.01
9061,39.5,57.6,22.01
9062,39.5,57.6,22.0
9063,39.5,57.6,22.0
9064,39.5,57.6,22.0
9065,39.5,57.6,22.0
9066,39.5,57.6,21.99
9067,39.5,57.6,21.99
9068,39.5,57.6,21.99
9069,39.5,57.6,21.99
9070,39.5,57.6,21.98
9071,39.5,57.6,21.98
9072,39.5,57.6,21.98
9073,39.5,57.6,21.98
9074,39.5,57.6,21.97
9075,39.5,57.7,21.97
9076,39.5,57.6,21.97
9077,39.5,57.7,21.97
9078,39.5,57.7,21.97
9079,39.5,57.6,21.96
9080,39.5,57.6,21.96
9081,39.5,57.6,21.96
9082,39.5,57.6,21.96
9083,39.5,57.6,21.95
9084,39.5,57.7,21.95
9085,39.5,57.6,21.95
9086,39.5,57.6,21.95
9087,39.5,57.6,21.94
9088,39.5,57.6,21.94
9089,39.5,57.7,21.94
9090,39.5,57.7,21.94
9091,39.5,57.7,21.93
9092,39.5,57.6,21.93
9093,39.5,57.6,21.93
9094,39.5,57.7,21.93
9095,39.5,57.7,21.92
9096,39.5,57.7,21.92
9097,39.5,57.7,21.92
9098,39.5,57.7,21.92
9099,39.5,57.7,21.91
9100,39.5,57.7,21.91
9101,39.5,57.7,21.91
9102,39.5,57.7,21.91
9103,39.5,57.7,21.9
9104,39.5,57.7,21.9
9105,39.5,57.7,21.9
9106,39.5,57.7,21.9
9107,39.5,57.6,21.9
9108,39.5,57.7,21.89
9109,39.5,57.7,21.89
9110,39.5,57.7,21.89
9111,39.5,57.7,21.89
9112,39.5,57.7,21.88
9113,39.5,57.7,21.88
9114,39.5,57.7,21.88
9115,39.4,57.7,22.02
9116,39.4,57.7,22.02
9117,39.4,57.7,22.01
9118,39.4,57.7,22.01
9119,39.4,57.7,22.01
9120,39.4,57.7,22.01
9121,39.4,57.7,22.0
9122,39.4,57.7,22.0
9123,39.4,57.7,22.0
9124,39.4,57.7,22.0
9125,39.4,57.7,21.99
9126,39.4,57.7,21.99
9127,39.4,57.7,21.99
9128,39.4,57.7,21.99
9129,39.4,57.7,21.98
9130,39.4,57.7,21.98
9131,39.4,57.7,21.98
9132,39.4,57.7,21.98
9133,39.4,57.7,21.98
9134,39.4,57.7,21.97
9135,39.4,57.7,21.97
9136,39.4,57.7,21.97
9137,39.4,57.7,21.97
9138,39.4,57.7,21.96
9139,39.4,57.7,21.96
9140,39.4,57.7,21.96
9141,39.4,57.7,21.96
9142,39.4,57.7,21.95
9143,39.4,57.7,21.95
9144,39.4,57.7,21.95
9145,39.4,57.7,21.95
9146,39.4,57.7,21.94
9147,39.4,57.7,21.94
9148,39.4,57.7,21.94
9149,39.4,57.7,21.94
9150,39.4,57.7,21.93
9151,39.4,57.7,21.93
9152,39.4,57.7,21.93
9153,39.4,57.7,21.93
9154,39.4,57.7,21.92
9155,39.4,57.7,21.92
9156,39.4,57.7,21.92
9157,39.4,57.7,21.92
9158,39.4,57.7,21.92
9159,39.4,57.7,21.91
9160,39.4,57.7,21.91
9161,39.4,57.7,21.91
9162,39.4,57.7,21.91
9163,39.4,57.7,21.9
9164,39.4,57.7,21.9
9165,39.4,57.7,21.9
9166,39.4,57.7,21.9
9167,39.4,57.7,21.89
9168,39.4,57.7,21.89
9169,39.4,57.7,21.89
9170,39.4,57.7,21.89
9171,39.4,57.7,21.88
9172,39.4,57.7,21.88
9173,39.4,57.7,21.88
9174,39.4,57.7,21.88
9175,39.4,57.7,21.87
9176,39.4,57.7,21.87
9177,39.4,57.7,21.87
9178,39.4,57.7,21.87
9179,39.4,57.7,21.87
9180,39.4,57.7,21.86
9181,39.4,57.7,21.86
9182,39.4,57.7,21.86
9183,39.4,57.7,21.86
9184,39.4,57.7,21.85
9185,39.4,57.7,21.85
9186,39.4,57.7,21.85
9187,39.4,57.7,21.85
9188,39.4,57.7,21.84
9189,39.4,57.7,21.84
9190,39.4,57.7,21.84
9191,39.4,57.7,21.84
9192,39.4,57.7,21.83
9193,39.4,57.7,21.83
9194,39.4,57.7,21.83
9195,39.4,57.7,21.83
9196,39.4,57.7,21.82
9197,39.4,57.7,21.82
9198,39.4,57.7,21.82
9199,39.4,57.7,21.82
9200,39.4,57.7,21.82
9201,39.4,57.7,21.81
9202,39.4,57.7,21.81
9203,39.4,57.7,21.81
9204,39.4,57.7,21.81
9205,39.4,57.7,21.8
9206,39.4,57.7,21.8
9207,39.4,57.7,21.8
9208,39.4,57.7,21.8
9209,39.4,57.7,21.79
9210,39.4,57.7,21.79
9211,39.4,57.7,21.79
9212,39.4,57.7,21.79
9213,39.4,57.7,21.78
9214,39.4,57.7,21.78
9215,39.4,57.8,21.78
9216,39.4,57.8,21.78
9217,39.4,57.8,21.77
9218,39.4,57.8,21.77
9219,39.4,57.8,21.77
9220,39.4,57.7,21.77
9221,39.4,57.7,21.77
9222,39.4,57.8,21.76
9223,39.4,57.8,21.76
9224,39.4,57.8,21.76
9225,39.4,57.8,21.76
9226,39.4,57.8,21.75
9227,39.4,57.8,21.75
9228,39.4,57.8,21.75
9229,39.4,57.8,21.75
9230,39.4,57.8,21.74
9231,39.4,57.8,21.74
9232,39.4,57.8,21.74
9233,39.4,57.8,21.74
9234,39.4,57.8,21.73
9235,39.4,57.8,21.73
9236,39.4,57.8,21.73
9237,39.4,57.8,21.73
9238,39.4,57.8,21.73
9239,39.4,57.8,21.72
9240,39.4,57.8,21.72
9241,39.4,57.8,21.72
9242,39.4,57.8,21.72
9243,39.4,57.8,21.71
9244,39.4,57.8,21.71
9245,39.4,57.8,21.71
9246,39.4,57.8,21.71
9247,39.4,57.7,21.7
9248,39.4,57.7,21.7
9249,39.4,57.7,21.7
9250,39.4,57.7,21.7
9251,39.4,57.7,21.69
9252,39.4,57.7,21.69
9253,39.4,57.8,21.69
9254,39.4,57.7,21.69
9255,39.4,57.7,21.69
9256,39.4,57.7,21.68
9257,39.4,57.8,21.68
9258,39.4,57.8,21.68
9259,39.4,57.8,21.68
9260,39.4,57.8,21.67
9261,39.4,57.7,21.67
9262,39.4,57.8,21.67
9263,39.4,57.8,21.67
9264,39.4,57.8,21.66
9265,39.4,57.8,21.66
9266,39.4,57.8,21.66
9267,39.4,57.8,21.66
9268,39.4,57.8,21.66
9269,39.4,57.8,21.65
9270,39.4,57.8,21.65
9271,39.4,57.8,21.65
9272,39.4,57.8,21.65
9273,39.4,57.8,21.64
9274,39.4,57.8,21.64
9275,39.4,57.7,21.64
9276,39.4,57.8,21.64
9277,39.4,57.8,21.63
9278,39.4,57.7,21.63
9279,39.4,57.8,21.63
9280,39.4,57.7,21.63
9281,39.4,57.7,21.62
9282,39.4,57.7,21.62
9283,39.4,57.8,21.62
9284,39.4,57.8,21.62
9285,39.4,57.8,21.62
9286,39.4,57.8,21.61
9287,39.4,57.8,21.61
9288,39.4,57.8,21.61
9289,39.4,57.8,21.61
9290,39.4,57.8,21.6
9291,39.4,57.8,21.6
9292,39.4,57.8,21.6
9293,39.4,57.8,21.6
9294,39.4,57.8,21.59
9295,39.4,57.8,21.59
9296,39.4,57.8,21.59
9297,39.4,57.8,21.59
9298,39.4,57.8,21.59
9299,39.4,57.8,21.58
9300,39.4,57.8,21.58
9301,39.4,57.8,21.58
9302,39.4,57.8,21.58
9303,39.4,57.8,21.57
9304,39.4,57.8,21.57
9305,39.4,57.8,21.57
9306,39.4,57.8,21.57
9307,39.4,57.8,21.56
9308,39.4,57.8,21.56
9309,39.4,57.8,21.56
9310,39.4,57.8,21.56
9311,39.4,57.8,21.56
9312,39.4,57.8,21.55
9313,39.4,57.8,21.55
9314,39.4,57.8,21.55
9315,39.4,57.8,21.55
9316,39.4,57.8,21.54
9317,39.4,57.8,21.54
9318,39.4,57.8,21.54
9319,39.4,57.8,21.54
9320,39.4,57.8,21.53
9321,39.4,57.8,21.53
9322,39.4,57.8,21.53
9323,39.4,57.8,21.53
9324,39.4,57.8,21.53
9325,39.4,57.8,21.52
9326,39.4,57.8,21.52
9327,39.4,57.8,21.52
9328,39.4,57.8,21.52
9329,39.4,57.8,21.51
9330,39.4,57.7,21.51
9331,39.4,57.8,21.51
9332,39.4,57.8,21.51
9333,39.4,57.8,21.5
9334,39.4,57.8,21.5
9335,39.4,57.8,21.5
9336,39.4,57.8,21.5
9337,39.4,57.8,21.5
9338,39.4,57.8,21.49
9339,39.4,57.8,21.49
9340,39.4,57.8,21.49
9341,39.4,57.8,21.49
9342,39.4,57.8,21.48
9343,39.4,57.8,21.48
9344,39.4,57.8,21.48
9345,39.4,57.8,21.48
9346,39.4,57.8,21.47
9347,39.4,57.8,21.47
9348,39.4,57.8,21.47
9349,39.4,57.8,21.47
9350,39.4,57.8,21.47
9351,39.4,57.8,21.46
9352,39.4,57.8,21.46
9353,39.4,57.8,21.46
9354,39.4,57.8,21.46
9355,39.4,57.8,21.45
9356,39.4,57.8,21.45
9357,39.4,57.8,21.45
9358,39.4,57.8,21.45
9359,39.4,57.8,21.44
9360,39.4,57.8,21.44
9361,39.4,57.8,21.44
9362,39.4,57.8,21.44
9363,39.4,57.8,21.44
9364,39.4,57.8,21.43
9365,39.4,57.8,21.43
9366,39.4,57.8,21.43
9367,39.4,57.8,21.43
9368,39.4,57.8,21.42
9369,39.4,57.8,21.42
9370,39.4,57.8,21.42
9371,39.4,57.8,21.66
9372,39.4,57.8,21.66
9373,39.4,57.8,21.66
9374,39.4,57.8,21.66
9375,39.4,57.8,21.65
9376,39.4,57.8,21.65
9377,39.4,57.8,21.65
9378,39.4,57.8,21.65
9379,39.4,57.8,21.64
9380,39.4,57.8,21.64
9381,39.4,57.8,21.64
9382,39.4,57.8,21.64
9383,39.4,57.8,21.63
9384,39.4,57.7,21.63
9385,39.4,57.8,21.63
9386,39.4,57.7,21.63
9387,39.4,57.8,21.63
9388,39.4,57.8,21.62
9389,39.4,57.8,21.62
9390,39.4,57.8,21.62
9391,39.4,57.8,21.62
9392,39.4,57.8,21.61
9393,39.4,57.8,21.61
9394,39.4,57.8,21.61
9395,39.4,57.8,21.61
9396,39.4,57.8,21.6
9397,39.4,57.8,21.6
9398,39.4,57.8,21.6
9399,39.4,57.8,21.6
9400,39.4,57.8,21.6
9401,39.4,57.7,21.59
9402,39.4,57.7,21.59
9403,39.4,57.7,21.59
9404,39.4,57.8,21.59
9405,39.3,57.7,21.74
9406,39.3,57.8,21.74
9407,39.3,57.8,21.74
9408,39.3,57.7,21.74
9409,39.3,57.8,21.73
9410,39.3,57.7,21.73
9411,39.3,57.8,21.73
9412,39.3,57.8,21.73
9413,39.3,57.8,21.73
9414,39.3,57.8,21.72
9415,39.3,57.8,21.72
9416,39.3,57.8,21.72
9417,39.3,57.8,21.72
9418,39.3,57.8,21.71
9419,39.3,57.8,21.71
9420,39.3,57.8,21.71
9421,39.3,57.8,21.71
9422,39.3,57.8,21.7
9423,39.3,57.8,21.7
9424,39.3,57.8,21.7
9425,39.2,57.8,21.86
9426,39.2,57.8,21.86
9427,39.2,57.8,21.86
9428,39.2,57.8,21.86
9429,39.2,57.8,21.85
9430,39.2,57.8,21.85
9431,39.2,57.8,21.85
9432,39.2,57.8,21.85
9433,39.2,57.8,21.84
9434,39.2,57.8,21.84
9435,39.2,57.8,21.84
9436,39.2,57.8,21.84
9437,39.2,57.8,21.83
9438,39.2,57.8,21.83
9439,39.2,57.8,21.83
9440,39.2,57.8,21.83
9441,39.2,57.8,21.83
9442,39.2,57.8,21.82
9443,39.2,57.8,21.82
9444,39.2,57.8,21.82
9445,39.2,57.8,21.82
9446,39.2,57.8,21.81
9447,39.2,57.8,21.81
9448,39.2,57.8,21.81
9449,39.2,57.8,21.81
9450,39.2,57.8,21.8
9451,39.2,57.8,21.8
9452,39.2,57.8,21.8
9453,39.2,57.8,21.8
9454,39.2,57.8,21.8
9455,39.2,57.8,21.79
9456,39.2,57.8,21.79
9457,39.2,57.8,21.79
9458,39.2,57.8,21.79
9459,39.2,57.8,21.78
9460,39.2,57.8,21.78
9461,39.2,57.8,21.78
9462,39.2,57.8,21.78
9463,39.2,57.8,21.77
9464,39.2,57.8,21.77
9465,39.2,57.8,21.77
9466,39.2,57.8,21.77
9467,39.2,57.8,21.77
9468,39.2,57.8,21.76
9469,39.2,57.8,21.76
9470,39.2,57.8,21.76
9471,39.2,57.8,21.76
9472,39.2,57.8,21.75
9473,39.2,57.8,21.75
9474,39.2,57.8,21.75
9475,39.2,57.8,21.75
9476,39.2,57.8,21.74
9477,39.2,57.8,21.74
9478,39.2,57.8,21.74
9479,39.2,57.8,21.74
9480,39.2,57.8,21.74
9481,39.2,57.8,21.73
9482,39.2,57.8,21.73
9483,39.2,57.8,21.73
9484,39.2,57.8,21.73
9485,39.2,57.8,21.72
9486,39.2,57.8,21.72
9487,39.2,57.8,21.72
9488,39.2,57.8,21.72
9489,39.2,57.8,21.71
9490,39.2,57.8,21.71
9491,39.2,57.8,21.71
9492,39.2,57.8,21.71
9493,39.2,57.8,21.71
9494,39.2,57.8,21.7
9495,39.2,57.8,21.7
9496,39.2,57.8,21.7
9497,39.2,57.8,21.7
9498,39.2,57.8,21.69
9499,39.2,57.8,21.69
9500,39.2,57.8,21.69
9501,39.2,57.8,21.69
9502,39.2,57.8,21.68
9503,39.2,57.8,21.68
9504,39.2,57.8,21.68
9505,39.2,57.8,21.68
9506,39.2,57.8,21.68
9507,39.2,57.8,21.67
9508,39.2,57.8,21.67
9509,39.2,57.8,21.67
9510,39.2,57.8,21.67
9511,39.2,57.8,21.66
9512,39.2,57.8,21.66
9513,39.2,57.8,21.66
9514,39.2,57.8,21.66
9515,39.2,57.8,21.66
9516,39.2,57.8,21.65
9517,39.2,57.8,21.65
9518,39.2,57.8,21.65
9519,39.2,57.8,21.65
9520,39.2,57.8,21.64
9521,39.2,57.8,21.64
9522,39.2,57.8,21.64
9523,39.2,57.8,21.64
9524,39.2,57.8,21.63
9525,39.2,57.8,21.63
9526,39.2,57.8,21.63
9527,39.2,57.8,21.63
9528,39.2,57.8,21.63
9529,39.2,57.8,21.62
9530,39.2,57.8,21.62
9531,39.2,57.8,21.62
9532,39.2,57.8,21.62
9533,39.2,57.8,21.61
9534,39.2,57.8,21.61
9535,39.2,57.8,21.61
9536,39.2,57.8,21.61
9537,39.3,57.8,21.87
9538,39.3,57.8,21.87
9539,39.3,57.8,21.86
9540,39.3,57.8,21.86
9541,39.3,57.8,21.86
9542,39.3,57.8,21.86
9543,39.3,57.8,21.85
9544,39.3,57.8,21.85
9545,39.3,57.8,21.85
9546,39.3,57.8,21.85
9547,39.3,57.8,21.84
9548,39.3,57.8,21.84
9549,39.3,57.8,21.84
9550,39.3,57.8,21.84
9551,39.3,57.8,21.84
9552,39.3,57.8,21.83
9553,39.3,57.8,21.83
9554,39.3,57.8,21.83
9555,39.3,57.8,21.83
9556,39.3,57.8,21.82
9557,39.3,57.8,21.82
9558,39.3,57.8,21.82
9559,39.3,57.8,21.82
9560,39.3,57.8,21.81
9561,39.3,57.8,21.81
9562,39.3,57.8,21.81
9563,39.3,57.8,21.81
9564,39.3,57.8,21.81
9565,39.3,57.8,21.8
9566,39.3,57.8,21.8
9567,39.3,57.8,21.8
9568,39.3,57.8,21.8
9569,39.3,57.8,21.79
9570,39.3,57.8,21.79
9571,39.3,57.8,21.79
9572,39.3,57.8,21.79
9573,39.3,57.8,21.79
9574,39.3,57.8,21.78
9575,39.3,57.8,21.78
9576,39.3,57.8,21.78
9577,39.3,57.8,21.78
9578,39.3,57.8,21.77
9579,39.3,57.8,21.77
9580,39.3,57.8,21.77
9581,39.3,57.8,21.77
9582,39.3,57.8,21.76
9583,39.3,57.8,21.76
9584,39.3,57.8,21.76
9585,39.3,57.8,21.76
9586,39.2,57.8,21.94
9587,39.2,57.8,21.94
9588,39.2,57.8,21.94
9589,39.2,57.8,21.94
9590,39.2,57.8,21.93
9591,39.2,57.8,21.93
9592,39.2,57.8,21.93
9593,39.2,57.8,21.93
9594,39.2,57.8,21.93
9595,39.2,57.9,21.92
9596,39.2,57.9,21.92
9597,39.2,57.9,21.92
9598,39.2,57.9,21.92
9599,39.2,57.9,21.91
9600,39.2,57.9,21.91
9601,39.2,57.9,21.91
9602,39.2,57.9,21.91
9603,39.2,57.9,21.9
9604,39.2,57.9,21.9
9605,39.2,57.9,21.9
9606,39.2,57.9,21.9
9607,39.2,57.9,21.9
9608,39.2,57.9,21.89
9609,39.2,57.9,21.89
9610,39.2,57.9,21.89
9611,39.2,57.9,21.89
9612,39.2,57.9,21.88
9613,39.2,57.9,21.88
9614,39.2,57.9,21.88
9615,39.2,57.9,21.88
9616,39.2,57.9,21.88
9617,39.2,57.9,21.87
9618,39.2,57.9,21.87
9619,39.2,57.9,21.87
9620,39.2,57.9,21.87
9621,39.2,57.9,21.86
9622,39.2,57.9,21.86
9623,39.2,57.9,21.86
9624,39.2,57.9,21.86
9625,39.2,57.9,21.85
9626,39.2,57.9,21.85
9627,39.2,57.9,21.85
9628,39.2,57.9,21.85
9629,39.2,57.9,21.85
9630,39.2,57.9,21.84
9631,39.2,57.9,21.84
9632,39.2,57.9,21.84
9633,39.2,57.9,21.84
9634,39.2,57.9,21.83
9635,39.2,57.9,21.83
9636,39.2,57.9,21.83
9637,39.2,57.9,21.83
9638,39.2,57.9,21.83
9639,39.2,57.9,21.82
9640,39.2,57.9,21.82
9641,39.2,57.9,21.82
9642,39.2,57.9,21.82
9643,39.2,57.9,21.81
9644,39.2,57.9,21.81
9645,39.2,57.9,21.81
9646,39.2,57.9,21.81
9647,39.2,57.9,21.8
9648,39.2,57.9,21.8
9649,39.2,57.9,21.8
9650,39.2,57.9,21.8
9651,39.2,57.9,21.8
9652,39.2,57.9,21.79
9653,39.2,57.9,21.79
9654,39.2,57.9,21.79
9655,39.2,57.9,21.79
9656,39.2,57.9,21.78
9657,39.2,57.9,21.78
9658,39.2,57.9,21.78
9659,39.2,57.9,21.78
9660,39.2,57.9,21.78
9661,39.2,57.9,21.77
9662,39.2,57.9,21.77
9663,39.2,57.9,21.77
9664,39.2,57.9,21.77
9665,39.2,57.9,21.76
9666,39.2,57.9,21.76
9667,39.2,57.9,21.76
9668,39.2,57.9,21.76
9669,39.2,57.9,21.76
9670,39.2,57.9,21.75
9671,39.2,57.9,21.75
9672,39.2,57.9,21.75
9673,39.2,57.9,21.75
9674,39.2,57.9,21.74
9675,39.2,57.9,21.74
9676,39.2,57.9,21.74
9677,39.2,57.9,21.74
9678,39.2,57.9,21.73
9679,39.2,57.9,21.73
9680,39.2,57.9,21.73
9681,39.2,57.9,21.73
9682,39.2,57.9,21.73
9683,39.2,57.9,21.72
9684,39.2,57.9,21.72
9685,39.2,57.9,21.72
9686,39.2,57.9,21.72
9687,39.2,57.9,21.71
9688,39.2,57.9,21.71
9689,39.2,57.9,21.71
9690,39.2,57.9,21.71
9691,39.2,57.9,21.71
9692,39.2,57.9,21.7
9693,39.2,57.9,21.7
9694,39.2,57.9,21.7
9695,39.2,57.9,21.7
9696,39.2,57.9,21.69
9697,39.2,57.9,21.69
9698,39.2,57.9,21.69
9699,39.2,57.9,21.69
9700,39.2,57.9,21.69
9701,39.2,57.9,21.68
9702,39.2,57.9,21.68
9703,39.2,57.9,21.68
9704,39.2,57.9,21.68
9705,39.2,57.9,21.67
9706,39.2,57.9,21.67
9707,39.2,57.9,21.67
9708,39.2,57.9,21.67
9709,39.2,57.9,21.67
9710,39.2,57.9,21.66
9711,39.2,57.9,21.66
9712,39.2,57.9,21.66
9713,39.2,57.9,21.66
9714,39.2,57.9,21.65
9715,39.2,57.9,21.65
9716,39.2,57.9,21.65
9717,39.2,57.9,21.65
9718,39.2,57.9,21.65
9719,39.2,57.9,21.64
9720,39.2,57.9,21.64
9721,39.2,57.9,21.64
9722,39.2,57.9,21.64
9723,39.2,57.9,21.63
9724,39.2,57.9,21.63
9725,39.2,57.9,21.81
9726,39.2,57.9,21.81
9727,39.2,57.9,21.81
9728,39.2,57.9,21.81
9729,39.2,57.9,21.81
9730,39.2,57.9,21.8
9731,39.2,57.9,21.8
9732,39.2,57.9,21.8
9733,39.2,57.9,21.8
9734,39.2,57.9,21.79
9735,39.2,57.9,21.79
9736,39.2,57.9,21.79
9737,39.2,57.9,21.79
9738,39.2,57.9,21.79
9739,39.2,57.9,21.78
9740,39.2,57.9,21.78
9741,39.2,57.9,21.78
9742,39.2,57.9,21.78
9743,39.2,57.9,21.77
9744,39.2,57.9,21.77
9745,39.2,57.9,21.77
9746,39.2,57.9,21.77
9747,39.2,57.9,21.77
9748,39.2,57.9,21.76
9749,39.3,57.9,22.05
9750,39.3,57.9,22.05
9751,39.3,57.9,22.05
9752,39.3,57.9,22.05
9753,39.3,57.9,22.04
9754,39.3,57.9,22.04
9755,39.3,57.9,22.04
9756,39.3,57.9,22.04
9757,39.3,57.9,22.04
9758,39.3,57.9,22.03
9759,39.3,57.9,22.03
9760,39.3,57.9,22.03
9761,39.3,57.9,22.03
9762,39.3,57.9,22.02
9763,39.3,57.9,22.02
9764,39.3,57.9,22.02
9765,39.3,57.9,22.02
9766,39.3,57.9,22.02
9767,39.3,57.9,22.01
9768,39.3,57.9,22.01
9769,39.3,57.9,22.01
9770,39.3,57.9,22.01
9771,39.3,57.9,22.0
9772,39.3,58.0,22.0
9773,39.3,57.9,22.0
9774,39.3,57.9,22.0
9775,39.3,57.9,21.99
9776,39.3,57.9,21.99
9777,39.3,58.0,21.99
9778,39.3,58.0,21.99
9779,39.3,58.0,21.99
9780,39.3,57.9,21.98
9781,39.3,57.9,21.98
9782,39.3,57.9,21.98
9783,39.3,57.9,21.98
9784,39.3,57.9,21.97
9785,39.3,57.9,21.97
9786,39.3,58.0,21.97
9787,39.3,58.0,21.97
9788,39.3,58.0,21.97
9789,39.3,58.0,21.96
9790,39.3,58.0,21.96
9791,39.3,58.0,21.96
9792,39.3,57.9,21.96
9793,39.3,57.9,21.95
9794,39.3,57.9,21.95
9795,39.3,57.9,21.95
9796,39.3,57.9,21.95
9797,39.3,57.9,21.95
9798,39.3,58.0,21.94
9799,39.3,58.0,21.94
9800,39.3,57.9,21.94
9801,39.3,58.0,21.94
9802,39.3,57.9,21.93
9803,39.3,57.9,21.93
9804,39.3,57.9,21.93
9805,39.3,57.9,21.93
9806,39.3,57.9,21.93
9807,39.3,57.9,21.92
9808,39.3,57.9,21.92
9809,39.3,57.9,21.92
9810,39.3,58.0,21.92
9811,39.3,57.9,21.91
9812,39.3,57.9,21.91
9813,39.3,57.9,21.91
9814,39.3,57.9,21.91
9815,39.3,58.0,21.91
9816,39.3,57.9,21.9
9817,39.3,58.0,21.9
9818,39.3,58.0,21.9
9819,39.3,57.9,21.9
9820,39.3,58.0,21.89
9821,39.3,58.0,21.89
9822,39.3,58.0,21.89
9823,39.4,57.9,22.11
9824,39.4,57.9,22.1
9825,39.4,57.9,22.1
9826,39.4,57.9,22.1
9827,39.4,57.9,22.1
9828,39.4,57.9,22.1
9829,39.4,57.9,22.09
9830,39.4,57.9,22.09
9831,39.4,57.9,22.09
9832,39.4,57.9,22.09
9833,39.4,57.9,22.08
9834,39.4,58.0,22.08
9835,39.4,58.0,22.08
9836,39.4,58.0,22.08
9837,39.4,58.0,22.07
9838,39.4,58.0,22.07
9839,39.4,58.0,22.07
9840,39.4,58.0,22.07
9841,39.4,58.0,22.07
9842,39.4,58.0,22.06
9843,39.4,58.0,22.06
9844,39.4,58.0,22.06
9845,39.4,57.9,22.06
9846,39.4,58.0,22.05
9847,39.4,58.0,22.05
9848,39.4,58.0,22.05
9849,39.4,58.0,22.05
9850,39.4,57.9,22.05
9851,39.4,58.0,22.04
9852,39.4,57.9,22.04
9853,39.4,58.0,22.04
9854,39.4,57.9,22.04
9855,39.4,57.9,22.03
9856,39.4,57.9,22.03
9857,39.4,57.9,22.03
9858,39.4,57.9,22.03
9859,39.4,57.9,22.03
9860,39.4,58.0,22.02
9861,39.4,58.0,22.02
9862,39.4,58.0,22.02
9863,39.4,58.0,22.02
9864,39.4,58.0,22.01
9865,39.4,58.0,22.01
9866,39.4,58.0,22.01
9867,39.4,58.0,22.01
9868,39.4,58.0,22.01
9869,39.4,58.0,22.0
9870,39.4,58.0,22.0
9871,39.4,58.0,22.0
9872,39.4,58.0,22.0
9873,39.4,58.0,21.99
9874,39.4,58.0,21.99
9875,39.4,58.0,21.99
9876,39.4,58.0,21.99
9877,39.4,58.0,21.99
9878,39.4,58.0,21.98
9879,39.4,58.0,21.98
9880,39.4,58.0,21.98
9881,39.4,58.0,21.98
9882,39.4,58.0,21.97
9883,39.4,58.0,21.97
9884,39.4,58.0,21.97
9885,39.4,58.0,21.97
9886,39.4,58.0,21.97
9887,39.4,58.0,21.96
9888,39.4,58.0,21.96
9889,39.4,58.0,21.96
9890,39.4,58.0,21.96
9891,39.4,58.0,21.95
9892,39.4,58.0,21.95
9893,39.4,58.0,21.95
9894,39.4,58.0,21.95
9895,39.4,58.0,21.95
9896,39.4,58.0,21.94
9897,39.4,58.0,21.94
9898,39.4,58.0,21.94
9899,39.4,58.0,21.94
9900,39.4,58.0,21.93
9901,39.4,58.0,21.93
9902,39.4,58.0,21.93
9903,39.4,58.0,21.93
9904,39.4,58.0,21.93
9905,39.4,58.0,21.92
9906,39.4,58.0,21.92
9907,39.4,58.0,21.92
9908,39.4,58.0,21.92
9909,39.4,58.0,21.91
9910,39.4,58.0,21.91
9911,39.4,58.0,21.91
9912,39.4,58.0,21.91
9913,39.4,58.0,21.91
9914,39.4,58.0,21.9
9915,39.4,58.0,21.9
9916,39.4,58.0,21.9
9917,39.4,58.0,21.9
9918,39.4,58.0,21.89
9919,39.4,58.0,21.89
9920,39.4,58.0,21.89
9921,39.4,58.0,21.89
9922,39.4,58.0,21.89
9923,39.4,58.0,21.88
9924,39.4,58.0,21.88
9925,39.4,58.0,21.88
9926,39.4,58.0,21.88
9927,39.4,58.0,21.87
9928,39.4,58.0,21.87
9929,39.4,58.0,21.87
9930,39.4,58.0,21.87
9931,39.4,58.0,21.87
9932,39.4,58.0,21.86
9933,39.4,58.0,21.86
9934,39.4,58.0,21.86
9935,39.4,58.0,21.86
9936,39.4,58.0,21.85
9937,39.4,58.0,21.85
9938,39.4,58.0,21.85
9939,39.4,58.0,21.85
9940,39.4,58.0,21.85
9941,39.4,58.0,21.84
9942,39.4,58.0,21.84
9943,39.4,58.0,21.84
9944,39.4,58.0,21.84
9945,39.4,58.0,21.84
9946,39.4,58.0,21.83
9947,39.4,58.0,21.83
9948,39.4,58.0,21.83
9949,39.4,58.0,21.83
9950,39.4,58.0,21.82
9951,39.4,58.0,21.82
9952,39.4,58.0,21.82
9953,39.4,58.0,21.82
9954,39.4,58.0,21.82
9955,39.4,58.0,21.81
9956,39.4,58.0,21.81
9957,39.4,58.0,21.81
9958,39.4,58.0,21.81
9959,39.4,58.0,21.8
9960,39.4,58.0,21.8
9961,39.4,58.0,21.8
9962,39.4,58.0,21.8
9963,39.4,58.0,21.8
9964,39.4,58.0,21.79
9965,39.4,58.0,21.79
9966,39.4,58.0,21.79
9967,39.4,58.0,21.79
9968,39.4,58.0,21.78
9969,39.4,58.0,21.78
9970,39.4,58.0,21.78
9971,39.4,58.0,21.78
9972,39.4,58.0,21.78
9973,39.4,58.0,21.77
9974,39.4,58.0,21.77
9975,39.4,58.0,21.77
9976,39.4,58.0,21.77
9977,39.4,58.1,21.77
9978,39.4,58.1,21.76
9979,39.4,58.1,21.76
9980,39.4,58.1,21.76
9981,39.4,58.1,21.76
9982,39.4,58.0,21.75
9983,39.4,58.0,21.75
9984,39.4,58.0,21.75
9985,39.4,58.0,21.75
9986,39.4,58.0,21.75
9987,39.4,58.0,21.74
9988,39.4,58.0,21.74
9989,39.4,58.0,21.74
9990,39.4,58.0,21.74
9991,39.4,58.0,21.73
9992,39.4,58.0,21.73
9993,39.4,58.1,21.73
9994,39.4,58.0,21.73
9995,39.4,58.0,21.73
9996,39.4,58.1,21.72
9997,39.4,58.1,21.72
9998,39.4,58.1,21.72
9999,39.4,58.1,21.72
10000,39.4,58.1,21.71
10001,39.4,58.1,21.71
10002,39.4,58.1,21.71
10003,39.4,58.1,21.71
10004,39.4,58.1,21.71
10005,39.4,58.1,21.7
10006,39.4,58.1,21.7
10007,39.4,58.0,21.7
10008,39.4,58.1,21.7
10009,39.4,58.0,21.7
10010,39.4,58.0,21.69
10011,39.4,58.0,21.69
10012,39.4,58.0,21.69
10013,39.4,58.0,21.69
10014,39.4,58.0,21.68
10015,39.4,58.0,21.68
10016,39.4,58.0,21.68
10017,39.4,58.0,21.68
10018,39.4,58.0,21.68
10019,39.4,58.0,21.67
10020,39.4,58.0,21.67
10021,39.4,58.0,21.67
10022,39.4,58.0,21.67
10023,39.4,58.0,21.67
10024,39.4,58.0,21.66
10025,39.4,58.0,21.66
10026,39.4,58.0,21.66
10027,39.4,58.0,21.66
10028,39.4,58.0,21.65
10029,39.4,58.0,21.65
10030,39.4,58.0,21.65
10031,39.4,58.0,21.65
10032,39.4,58.0,21.65
10033,39.4,58.0,21.64
10034,39.4,58.0,21.64
10035,39.4,58.0,21.64
10036,39.4,58.1,21.64
10037,39.4,58.1,21.63
10038,39.4,58.1,21.63
10039,39.4,58.1,21.63
10040,39.4,58.1,21.63
10041,39.4,58.1,21.63
10042,39.4,58.1,21.62
10043,39.4,58.1,21.62
10044,39.4,58.1,21.62
10045,39.4,58.1,21.62
10046,39.4,58.1,21.62
10047,39.4,58.1,21.61
10048,39.4,58.1,21.61
10049,39.4,58.1,21.61
10050,39.4,58.0,21.61
10051,39.4,58.0,21.6
10052,39.3,58.0,21.77
10053,39.3,58.0,21.77
10054,39.3,58.0,21.77
10055,39.3,58.0,21.77
10056,39.3,58.0,21.76
10057,39.3,58.0,21.76
10058,39.3,58.0,21.76
10059,39.3,58.0,21.76
10060,39.3,58.0,21.75
10061,39.3,58.0,21.75
10062,39.3,58.1,21.75
10063,39.3,58.0,21.75
10064,39.3,58.0,21.75
10065,39.3,58.0,21.74
10066,39.3,58.0,21.74
10067,39.3,58.0,21.74
10068,39.3,58.0,21.74
10069,39.3,58.0,21.74
10070,39.3,58.0,21.73
10071,39.3,58.0,21.73
10072,39.3,58.0,21.73
10073,39.3,58.0,21.73
10074,39.3,58.1,21.72
10075,39.3,58.1,21.72
10076,39.3,58.1,21.72
10077,39.3,58.1,21.72
10078,39.3,58.1,21.72
10079,39.3,58.1,21.71
10080,39.3,58.1,21.71
10081,39.3,58.1,21.71
10082,39.3,58.1,21.71
10083,39.3,58.1,21.7
10084,39.3,58.1,21.7
10085,39.3,58.1,21.7
10086,39.3,58.1,21.7
10087,39.3,58.1,21.7
10088,39.3,58.0,21.69
10089,39.3,58.0,21.69
10090,39.3,58.0,21.69
10091,39.3,58.0,21.69
10092,39.3,58.0,21.69
10093,39.3,58.0,21.68
10094,39.3,58.0,21.68
10095,39.3,58.0,21.68
10096,39.3,58.0,21.68
10097,39.3,58.0,21.67
10098,39.3,58.0,21.67
10099,39.3,58.0,21.67
10100,39.3,58.0,21.67
10101,39.3,58.0,21.67
10102,39.3,58.0,21.85
10103,39.3,58.0,21.85
10104,39.3,58.0,21.85
10105,39.3,58.0,21.85
10106,39.3,58.0,21.84
10107,39.3,58.0,21.84
10108,39.3,58.0,21.84
10109,39.3,58.0,21.84
10110,39.3,58.0,21.83
10111,39.3,58.0,21.83
10112,39.3,58.0,21.83
10113,39.3,58.0,21.83
10114,39.3,58.0,21.83
10115,39.3,58.0,21.82
10116,39.3,58.0,21.82
10117,39.3,58.0,21.82
10118,39.3,58.0,21.82
10119,39.3,58.0,21.82
10120,39.3,58.0,21.81
10121,39.3,58.0,21.81
10122,39.3,58.0,21.81
10123,39.3,58.0,21.81
10124,39.3,58.0,21.8
10125,39.3,58.0,21.8
10126,39.3,58.0,21.8
10127,39.3,58.0,21.8
10128,39.3,58.0,21.8
10129,39.3,58.0,21.79
10130,39.3,58.0,21.79
10131,39.3,58.0,21.79
10132,39.3,58.0,21.79
10133,39.3,58.0,21.79
10134,39.3,58.0,21.78
10135,39.3,58.0,21.78
10136,39.3,58.0,21.78
10137,39.3,58.0,21.78
10138,39.3,58.0,21.77
10139,39.3,58.0,21.77
10140,39.3,58.0,21.77
10141,39.3,58.0,21.77
10142,39.3,58.0,21.77
10143,39.3,58.0,21.76
10144,39.3,58.0,21.76
10145,39.3,58.0,21.76
10146,39.3,58.0,21.76
10147,39.3,58.0,21.76
10148,39.3,58.0,21.75
10149,39.3,58.0,21.75
10150,39.3,58.0,21.75
10151,39.3,58.0,21.75
10152,39.3,58.0,21.74
10153,39.3,58.0,21.74
10154,39.3,58.0,21.74
10155,39.3,58.0,21.74
10156,39.3,58.0,21.74
10157,39.3,58.0,21.73
10158,39.3,58.0,21.73
10159,39.3,58.0,21.73
10160,39.3,58.0,21.73
10161,39.3,58.0,21.73
10162,39.3,58.0,21.72
10163,39.3,58.0,21.72
10164,39.3,58.0,21.72
10165,39.3,58.0,21.72
10166,39.3,58.0,21.71
10167,39.3,58.0,21.71
10168,39.3,58.0,21.71
10169,39.3,58.0,21.71
10170,39.3,58.0,21.71
10171,39.3,58.0,21.7
10172,39.3,58.0,21.7
10173,39.3,58.0,21.7
10174,39.3,58.0,21.7
10175,39.3,58.0,21.7
10176,39.3,58.0,21.69
10177,39.3,58.0,21.69
10178,39.3,58.0,21.69
10179,39.3,58.0,21.69
10180,39.3,58.0,21.68
10181,39.3,58.0,21.68
10182,39.3,58.0,21.68
10183,39.3,58.0,21.68
10184,39.3,58.0,21.68
10185,39.3,58.0,21.67
10186,39.3,58.0,21.67
10187,39.3,58.0,21.67
10188,39.3,58.0,21.67
10189,39.3,58.0,21.67
10190,39.3,58.0,21.66
10191,39.3,58.0,21.66
10192,39.3,58.0,21.66
10193,39.3,58.0,21.66
10194,39.3,58.0,21.65
10195,39.3,58.0,21.65
10196,39.3,58.1,21.65
10197,39.3,58.1,21.65
10198,39.3,58.1,21.65
10199,39.3,58.1,21.64
10200,39.3,58.0,21.64
10201,39.3,58.1,21.64
10202,39.3,58.1,21.64
10203,39.3,58.1,21.64
10204,39.3,58.1,21.63
10205,39.3,58.1,21.63
10206,39.3,58.1,21.63
10207,39.3,58.1,21.63
10208,39.3,58.1,21.63
10209,39.3,58.1,21.62
10210,39.3,58.1,21.62
10211,39.3,58.1,21.62
10212,39.3,58.1,21.62
10213,39.3,58.1,21.61
10214,39.3,58.1,21.61
10215,39.3,58.1,21.61
10216,39.2,58.1,21.8
10217,39.2,58.1,21.8
10218,39.2,58.1,21.79
10219,39.2,58.1,21.79
10220,39.2,58.1,21.79
10221,39.2,58.1,21.79
10222,39.2,58.1,21.79
10223,39.2,58.1,21.78
10224,39.2,58.1,21.78
10225,39.2,58.1,21.78
10226,39.2,58.1,21.78
10227,39.2,58.1,21.78
10228,39.2,58.1,21.77
10229,39.2,58.1,21.77
10230,39.2,58.1,21.77
10231,39.2,58.1,21.77
10232,39.2,58.1,21.77
10233,39.2,58.1,21.76
10234,39.2,58.1,21.76
10235,39.2,58.1,21.76
10236,39.2,58.1,21.76
10237,39.2,58.1,21.75
10238,39.2,58.1,21.75
10239,39.2,58.1,21.75
10240,39.2,58.1,21.75
10241,39.2,58.1,21.75
10242,39.2,58.1,21.74
10243,39.2,58.1,21.74
10244,39.2,58.1,21.74
10245,39.2,58.1,21.74
10246,39.2,58.1,21.74
10247,39.2,58.1,21.73
10248,39.2,58.1,21.73
10249,39.2,58.1,21.73
10250,39.2,58.1,21.73
10251,39.2,58.1,21.72
10252,39.2,58.1,21.72
10253,39.2,58.1,21.72
10254,39.2,58.1,21.72
10255,39.2,58.1,21.72
10256,39.2,58.1,21.71
10257,39.2,58.1,21.71
10258,39.2,58.1,21.71
10259,39.2,58.1,21.71
10260,39.2,58.1,21.71
10261,39.2,58.1,21.7
10262,39.2,58.1,21.7
10263,39.2,58.1,21.7
10264,39.2,58.1,21.7
10265,39.2,58.1,21.7
10266,39.2,58.1,21.69
10267,39.2,58.1,21.69
10268,39.2,58.1,21.69
10269,39.2,58.1,21.69
10270,39.2,58.1,21.68
10271,39.2,58.1,21.68
10272,39.2,58.1,21.68
10273,39.2,58.1,21.68
10274,39.2,58.1,21.68
10275,39.2,58.1,21.67
10276,39.2,58.1,21.67
10277,39.2,58.1,21.67
10278,39.2,58.1,21.67
10279,39.2,58.1,21.67
10280,39.2,58.1,21.66
10281,39.2,58.1,21.66
10282,39.2,58.1,21.66
10283,39.2,58.1,21.66
10284,39.2,58.1,21.65
10285,39.2,58.1,21.65
10286,39.2,58.1,21.65
10287,39.2,58.1,21.65
10288,39.2,58.1,21.65
10289,39.1,58.1,21.77
10290,39.1,58.1,21.77
10291,39.1,58.1,21.77
10292,39.1,58.1,21.76
10293,39.1,58.1,21.76
10294,39.1,58.1,21.76
10295,39.1,58.1,21.76
10296,39.1,58.1,21.76
10297,39.1,58.1,21.75
10298,39.1,58.1,21.75
10299,39.1,58.1,21.75
10300,39.1,58.1,21.75
10301,39.1,58.1,21.75
10302,39.1,58.1,21.74
10303,39.1,58.1,21.74
10304,39.1,58.1,21.74
10305,39.1,58.1,21.74
10306,39.1,58.1,21.73
10307,39.1,58.1,21.73
10308,39.1,58.1,21.73
10309,39.1,58.1,21.73
10310,39.1,58.1,21.73
10311,39.1,58.1,21.72
10312,39.1,58.1,21.72
10313,39.1,58.1,21.72
10314,39.1,58.1,21.72
10315,39.1,58.1,21.72
10316,39.1,58.1,21.71
10317,39.1,58.1,21.71
10318,39.1,58.1,21.71
10319,39.1,58.1,21.71
10320,39.1,58.1,21.71
10321,39.1,58.1,21.7
10322,39.1,58.1,21.7
10323,39.1,58.1,21.7
10324,39.1,58.1,21.7
10325,39.1,58.1,21.69
10326,39.1,58.1,21.69
10327,38.9,58.1,21.78
10328,38.9,58.1,21.78
10329,38.9,58.1,21.78
10330,38.9,58.1,21.78
10331,38.9,58.1,21.77
10332,38.9,58.1,21.77
10333,38.9,58.1,21.77
10334,38.9,58.1,21.77
10335,38.9,58.1,21.77
10336,38.9,58.1,21.76
10337,38.9,58.1,21.76
10338,38.9,58.1,21.76
10339,38.9,58.1,21.76
10340,38.9,58.1,21.76
10341,38.9,58.1,21.75
10342,38.9,58.1,21.75
10343,38.9,58.1,21.75
10344,38.9,58.1,21.75
10345,38.9,58.1,21.74
10346,38.9,58.1,21.74
10347,38.9,58.1,21.74
10348,38.9,58.1,21.74
10349,38.9,58.1,21.74
10350,38.9,58.1,21.73
10351,38.9,58.1,21.73
10352,38.9,58.1,21.73
10353,38.9,58.1,21.73
10354,38.9,58.1,21.73
10355,38.9,58.0,21.72
10356,38.9,58.1,21.72
10357,38.9,58.0,21.72
10358,38.9,58.1,21.72
10359,38.9,58.1,21.72
10360,38.9,58.1,21.71
10361,38.9,58.1,21.71
10362,38.9,58.1,21.71
10363,38.9,58.1,21.71
10364,38.9,58.1,21.7
10365,38.9,58.1,21.7
10366,38.9,58.1,21.7
10367,38.9,58.1,21.7
10368,38.9,58.1,21.7
10369,38.9,58.1,21.69
10370,38.9,58.1,21.69
10371,38.9,58.0,21.69
10372,38.9,58.1,21.69
10373,38.9,58.1,21.69
10374,38.9,58.1,21.68
10375,38.9,58.1,21.68
10376,38.9,58.1,21.68
10377,38.9,58.1,21.68
10378,38.9,58.1,21.68
10379,38.9,58.1,21.67
10380,38.9,58.1,21.67
10381,38.9,58.1,21.67
10382,38.9,58.1,21.67
10383,38.9,58.1,21.67
10384,38.9,58.1,21.66
10385,38.9,58.1,21.66
10386,38.9,58.1,21.66
10387,38.9,58.1,21.66
10388,38.9,58.1,21.65
10389,38.9,58.1,21.65
10390,38.9,58.1,21.65
10391,38.9,58.1,21.65
10392,38.9,58.0,21.65
10393,38.9,58.0,21.64
10394,38.9,58.0,21.64
10395,38.9,58.0,21.64
10396,39.0,58.0,21.91
10397,39.0,58.0,21.91
10398,39.0,58.0,21.91
10399,39.0,58.0,21.91
10400,39.0,58.0,21.9
10401,39.0,58.0,21.9
10402,39.0,58.0,21.9
10403,39.0,58.0,21.9
10404,39.0,58.0,21.9
10405,39.0,58.0,21.89
10406,39.0,58.0,21.89
10407,39.0,58.0,21.89
10408,38.9,58.0,22.03
10409,38.9,58.0,22.02
10410,38.9,58.0,22.02
10411,38.9,58.0,22.02
10412,38.9,58.0,22.02
10413,38.9,58.1,22.02
10414,38.9,58.1,22.01
10415,38.9,58.1,22.01
10416,38.9,58.1,22.01
10417,38.9,58.1,22.01
10418,38.9,58.1,22.01
10419,38.9,58.1,22.0
10420,38.9,58.1,22.0
10421,38.9,58.1,22.0
10422,38.9,58.1,22.0
10423,38.9,58.1,21.99
10424,38.9,58.1,21.99
10425,38.9,58.1,22.15
10426,38.9,58.1,22.15
10427,38.9,58.1,22.15
10428,38.9,58.1,22.15
10429,38.9,58.1,22.14
10430,38.9,58.1,22.14
10431,38.9,58.1,22.14
10432,38.9,58.1,22.14
10433,38.9,58.1,22.14
10434,38.9,58.1,22.13
10435,38.9,58.1,22.13
10436,38.9,58.1,22.13
10437,38.9,58.1,22.13
10438,38.9,58.1,22.13
10439,38.9,58.1,22.12
10440,38.9,58.1,22.12
10441,38.9,58.1,22.12
10442,38.9,58.1,22.12
10443,38.9,58.1,22.12
10444,38.9,58.1,22.11
10445,38.9,58.1,22.11
10446,38.9,58.1,22.11
10447,38.9,58.1,22.11
10448,38.9,58.1,22.1
10449,38.9,58.1,22.1
10450,38.9,58.1,22.1
10451,38.9,58.1,22.1
10452,38.9,58.1,22.1
10453,38.9,58.1,22.09
10454,38.9,58.1,22.09
10455,38.9,58.1,22.09
10456,38.9,58.1,22.09
10457,38.9,58.1,22.09
10458,38.9,58.1,22.08
10459,38.9,58.1,22.08
10460,38.9,58.1,22.08
10461,38.9,58.1,22.08
10462,38.9,58.1,22.08
10463,38.9,58.1,22.07
10464,38.9,58.1,22.07
10465,38.9,58.1,22.07
10466,38.9,58.1,22.07
10467,38.9,58.1,22.06
10468,38.9,58.1,22.06
10469,38.9,58.1,22.06
10470,38.9,58.1,22.06
10471,38.9,58.1,22.06
10472,38.9,58.1,22.05
10473,38.9,58.1,22.05
10474,38.9,58.1,22.05
10475,38.9,58.1,22.05
10476,38.9,58.1,22.05
10477,38.9,58.1,22.04
10478,38.9,58.1,22.04
10479,38.9,58.1,22.04
10480,38.9,58.1,22.04
10481,38.9,58.1,22.04
10482,38.9,58.1,22.03
10483,38.9,58.1,22.03
10484,38.9,58.1,22.03
10485,38.9,58.1,22.03
10486,38.9,58.1,22.02
10487,38.9,58.1,22.02
10488,38.9,58.1,22.02
10489,38.9,58.1,22.02
10490,38.9,58.1,22.02
10491,38.9,58.1,22.01
10492,38.9,58.1,22.01
10493,38.9,58.1,22.01
10494,38.9,58.1,22.01
10495,38.9,58.1,22.01
10496,38.9,58.1,22.0
10497,38.9,58.1,22.0
10498,38.9,58.1,22.0
10499,38.9,58.1,22.0
10500,38.9,58.1,22.0
10501,38.9,58.1,21.99
10502,38.9,58.1,21.99
10503,38.9,58.1,21.99
10504,38.9,58.1,21.99
10505,38.9,58.1,21.98
10506,38.9,58.1,21.98
10507,38.9,58.1,21.98
10508,38.9,58.1,21.98
10509,38.9,58.1,21.98
10510,38.9,58.1,21.97
10511,38.9,58.1,21.97
10512,38.9,58.1,21.97
10513,38.9,58.1,21.97
10514,38.9,58.1,21.97
10515,38.9,58.1,21.96
10516,38.9,58.1,21.96
10517,38.9,58.2,21.96
10518,38.9,58.2,21.96
10519,38.9,58.2,21.96
10520,38.9,58.2,21.95
10521,38.9,58.2,21.95
10522,38.9,58.1,21.95
10523,38.9,58.1,21.95
10524,38.9,58.1,21.95
10525,38.9,58.1,21.94
10526,38.9,58.2,21.94
10527,38.9,58.2,21.94
10528,38.9,58.1,21.94
10529,38.9,58.2,21.93
10530,38.9,58.1,21.93
10531,38.9,58.2,21.93
10532,38.9,58.2,21.93
10533,38.9,58.2,21.93
10534,38.9,58.2,21.92
10535,38.9,58.2,21.92
10536,38.9,58.2,21.92
10537,38.9,58.2,21.92
10538,38.9,58.2,21.92
10539,38.9,58.2,21.91
10540,38.9,58.2,21.91
10541,38.9,58.2,21.91
10542,38.9,58.2,21.91
10543,38.9,58.2,21.91
10544,38.9,58.2,21.9
10545,38.9,58.2,21.9
10546,38.9,58.2,21.9
10547,38.9,58.2,21.9
10548,38.9,58.2,21.9
10549,38.9,58.2,21.89
10550,38.9,58.2,21.89
10551,38.9,58.2,21.89
10552,38.9,58.2,21.89
10553,38.9,58.2,21.88
10554,38.9,58.2,21.88
10555,38.9,58.2,21.88
10556,38.9,58.2,21.88
10557,38.9,58.2,21.88
10558,38.9,58.2,21.87
10559,38.9,58.2,21.87
10560,38.9,58.2,21.87
10561,38.9,58.2,21.87
10562,38.9,58.2,21.87
10563,38.9,58.2,21.86
10564,38.9,58.2,21.86
10565,38.9,58.2,21.86
10566,38.9,58.2,21.86
10567,38.9,58.2,21.86
10568,38.9,58.2,21.85
10569,38.9,58.2,21.85
10570,38.9,58.2,21.85
10571,38.9,58.2,21.85
10572,38.9,58.2,21.85
10573,38.9,58.2,21.84
10574,38.9,58.2,21.84
10575,38.9,58.2,21.84
10576,38.9,58.2,21.84
10577,38.9,58.2,21.84
10578,38.9,58.2,21.83
10579,38.9,58.2,21.83
10580,38.9,58.2,21.83
10581,38.9,58.2,21.83
10582,38.9,58.2,21.82
10583,38.9,58.2,21.82
10584,38.9,58.2,21.82
10585,38.9,58.2,21.82
10586,38.9,58.2,21.82
10587,38.9,58.2,21.81
10588,38.9,58.2,21.81
10589,38.9,58.2,21.81
10590,38.9,58.2,21.81
10591,38.9,58.2,21.81
10592,38.9,58.2,21.8
10593,38.9,58.2,21.8
10594,38.9,58.2,21.8
10595,38.9,58.2,21.8
10596,38.9,58.2,21.8
10597,38.9,58.2,21.79
10598,38.8,58.2,21.96
10599,38.8,58.2,21.95
10600,38.8,58.2,21.95
10601,38.8,58.2,21.95
10602,38.8,58.2,21.95
10603,38.8,58.2,21.95
10604,38.8,58.2,21.94
10605,38.8,58.2,21.94
10606,38.8,58.2,21.94
10607,38.8,58.2,21.94
10608,38.8,58.2,21.94
10609,38.8,58.2,21.93
10610,38.8,58.2,21.93
10611,38.8,58.2,21.93
10612,38.8,58.2,21.93
10613,38.8,58.2,21.93
10614,38.8,58.2,21.92
10615,38.8,58.2,21.92
10616,38.8,58.2,21.92
10617,38.8,58.2,21.92
10618,38.8,58.2,21.92
10619,38.8,58.2,21.91
10620,38.8,58.2,21.91
10621,38.8,58.2,21.91
10622,38.8,58.2,21.91
10623,38.8,58.2,21.91
10624,38.8,58.2,21.9
10625,38.8,58.2,21.9
10626,38.8,58.2,21.9
10627,38.8,58.2,21.9
10628,38.8,58.2,21.89
10629,38.8,58.2,21.89
10630,38.8,58.2,21.89
10631,38.8,58.2,21.89
10632,38.8,58.2,21.89
10633,38.8,58.2,21.88
10634,38.8,58.2,21.88
10635,38.8,58.2,21.88
10636,38.8,58.2,21.88
10637,38.8,58.2,21.88
10638,38.8,58.2,21.87
10639,38.8,58.2,21.87
10640,38.8,58.2,21.87
10641,38.8,58.2,21.87
10642,38.8,58.2,21.87
10643,38.8,58.2,21.86
10644,38.8,58.2,21.86
10645,38.8,58.2,21.86
10646,38.8,58.2,21.86
10647,38.8,58.2,21.86
10648,38.8,58.2,21.85
10649,38.8,58.2,21.85
10650,38.8,58.2,21.85
10651,38.8,58.2,21.85
10652,38.8,58.2,21.85
10653,38.8,58.2,21.84
10654,38.8,58.2,21.84
10655,38.8,58.2,21.84
10656,38.8,58.2,21.84
10657,38.8,58.2,21.84
10658,38.8,58.2,21.83
10659,38.8,58.2,21.83
10660,38.8,58.2,21.83
10661,38.8,58.2,21.83
10662,38.8,58.2,21.83
10663,38.7,58.2,21.97
10664,38.7,58.2,21.97
10665,38.7,58.2,21.96
10666,38.7,58.2,21.96
10667,38.7,58.2,21.96
10668,38.7,58.2,21.96
10669,38.7,58.2,21.96
10670,38.7,58.2,21.95
10671,38.7,58.2,21.95
10672,38.7,58.2,21.95
10673,38.7,58.2,21.95
10674,38.7,58.2,21.95
10675,38.7,58.2,21.94
10676,38.7,58.2,21.94
10677,38.7,58.2,21.94
10678,38.7,58.2,21.94
10679,38.7,58.2,21.94
10680,38.7,58.2,21.93
10681,38.7,58.2,21.93
10682,38.7,58.2,21.93
10683,38.7,58.2,21.93
10684,38.7,58.2,21.93
10685,38.7,58.2,21.92
10686,38.7,58.2,21.92
10687,38.7,58.2,21.92
10688,38.7,58.2,21.92
10689,38.7,58.2,21.92
10690,38.7,58.2,21.91
10691,38.7,58.2,21.91
10692,38.7,58.2,21.91
10693,38.7,58.2,21.91
10694,38.7,58.2,21.9
10695,38.7,58.2,21.9
10696,38.7,58.2,21.9
10697,38.7,58.2,21.9
10698,38.7,58.2,21.9
10699,38.7,58.2,21.89
10700,38.7,58.2,21.89
10701,38.7,58.2,21.89
10702,38.7,58.2,21.89
10703,38.7,58.2,21.89
10704,38.7,58.2,21.88
10705,38.7,58.2,21.88
10706,38.7,58.2,21.88
10707,38.7,58.2,21.88
10708,38.7,58.2,21.88
10709,38.7,58.2,21.87
10710,38.7,58.2,21.87
10711,38.7,58.2,21.87
10712,38.7,58.2,21.87
10713,38.7,58.2,21.87
10714,38.7,58.2,21.86
10715,38.7,58.2,21.86
10716,38.7,58.2,21.86
10717,38.7,58.2,21.86
10718,38.7,58.2,21.86
10719,38.7,58.2,21.85
10720,38.7,58.2,21.85
10721,38.7,58.2,21.85
10722,38.7,58.2,21.85
10723,38.7,58.2,21.85
10724,38.7,58.2,21.84
10725,38.7,58.2,21.84
10726,38.7,58.2,21.84
10727,38.7,58.2,21.84
10728,38.7,58.2,21.84
10729,38.7,58.2,21.83
10730,38.7,58.2,21.83
10731,38.7,58.2,21.83
10732,38.7,58.2,21.83
10733,38.7,58.2,21.83
10734,38.7,58.2,21.82
10735,38.7,58.2,21.82
10736,38.7,58.2,21.82
10737,38.7,58.2,21.82
10738,38.7,58.2,21.82
10739,38.7,58.2,21.81
10740,38.7,58.2,21.81
10741,38.7,58.2,21.81
10742,38.7,58.2,21.81
10743,38.7,58.2,21.8
10744,38.7,58.2,21.8
10745,38.7,58.2,21.8
10746,38.7,58.2,21.8
10747,38.7,58.2,21.8
10748,38.7,58.2,21.79
10749,38.7,58.2,21.79
10750,38.7,58.2,21.79
10751,38.7,58.2,21.79
10752,38.7,58.2,21.79
10753,38.7,58.2,21.78
10754,38.7,58.2,21.78
10755,38.7,58.2,21.78
10756,38.7,58.2,21.78
10757,38.7,58.2,21.78
10758,38.7,58.2,21.77
10759,38.7,58.2,21.77
10760,38.7,58.2,21.77
10761,38.7,58.2,21.77
10762,38.7,58.2,21.77
10763,38.7,58.2,21.76
10764,38.7,58.2,21.76
10765,38.7,58.2,21.76
10766,38.7,58.2,21.76
10767,38.6,58.2,21.89
10768,38.6,58.2,21.88
10769,38.6,58.2,21.88
10770,38.6,58.2,21.88
10771,38.6,58.2,21.88
10772,38.6,58.2,21.88
10773,38.6,58.2,21.87
10774,38.6,58.2,21.87
10775,38.6,58.2,21.87
10776,38.6,58.2,21.87
10777,38.6,58.2,21.87
10778,38.6,58.2,21.86
10779,38.6,58.2,21.86
10780,38.6,58.2,21.86
10781,38.6,58.2,21.86
10782,38.6,58.2,21.86
10783,38.7,58.2,22.07
10784,38.7,58.2,22.07
10785,38.7,58.2,22.06
10786,38.7,58.2,22.06
10787,38.7,58.2,22.06
10788,38.7,58.2,22.06
10789,38.7,58.2,22.05
10790,38.7,58.2,22.05
10791,38.7,58.2,22.05
10792,38.7,58.2,22.05
10793,38.7,58.2,22.05
10794,38.7,58.2,22.04
10795,38.7,58.2,22.04
10796,38.7,58.2,22.04
10797,38.7,58.2,22.04
10798,38.7,58.2,22.04
10799,38.7,58.2,22.03
10800,38.7,58.2,22.03
10801,38.7,58.2,22.03
10802,38.7,58.2,22.03
10803,38.7,58.2,22.03
10804,38.7,58.2,22.02
10805,38.7,58.2,22.02
10806,38.7,58.2,22.02
10807,38.7,58.2,22.02
10808,38.7,58.2,22.02
10809,38.7,58.2,22.01
10810,38.7,58.2,22.01
10811,38.7,58.2,22.01
10812,38.7,58.2,22.01
10813,38.7,58.2,22.01
10814,38.7,58.2,22.0
10815,38.7,58.2,22.0
10816,38.7,58.2,22.0
10817,38.7,58.2,22.0
10818,38.7,58.2,22.0
10819,38.7,58.2,21.99
10820,38.7,58.2,21.99
10821,38.7,58.2,21.99
10822,38.7,58.3,21.99
10823,38.6,58.2,22.12
10824,38.6,58.3,22.12
10825,38.6,58.3,22.12
10826,38.6,58.3,22.12
10827,38.6,58.3,22.12
10828,38.6,58.3,22.11
10829,38.6,58.3,22.11
10830,38.6,58.3,22.11
10831,38.6,58.3,22.11
10832,38.6,58.3,22.11
10833,38.6,58.3,22.1
10834,38.6,58.3,22.1
10835,38.6,58.3,22.1
10836,38.6,58.3,22.1
10837,38.6,58.3,22.1
10838,38.6,58.3,22.09
10839,38.6,58.3,22.09
10840,38.6,58.3,22.09
10841,38.6,58.3,22.09
10842,38.6,58.3,22.09
10843,38.6,58.3,22.08
10844,38.6,58.3,22.08
10845,38.6,58.3,22.08
10846,38.6,58.3,22.08
10847,38.6,58.3,22.08
10848,38.6,58.3,22.07
10849,38.6,58.3,22.07
10850,38.6,58.3,22.07
10851,38.6,58.3,22.07
10852,38.6,58.3,22.07
10853,38.6,58.3,22.06
10854,38.6,58.3,22.06
10855,38.6,58.2,22.06
10856,38.6,58.2,22.06
10857,38.6,58.2,22.05
10858,38.6,58.2,22.05
10859,38.6,58.2,22.05
10860,38.6,58.2,22.05
10861,38.6,58.2,22.05
10862,38.6,58.2,22.04
10863,38.6,58.2,22.04
10864,38.6,58.2,22.04
10865,38.6,58.3,22.04
10866,38.6,58.2,22.04
10867,38.6,58.2,22.03
10868,38.6,58.2,22.03
10869,38.6,58.2,22.03
10870,38.4,58.2,22.13
10871,38.4,58.2,22.12
10872,38.4,58.2,22.12
10873,38.4,58.2,22.12
10874,38.4,58.2,22.12
10875,38.4,58.2,22.11
10876,38.4,58.2,22.11
10877,38.4,58.2,22.11
10878,38.4,58.2,22.11
10879,38.4,58.2,22.11
10880,38.4,58.2,22.1
10881,38.4,58.2,22.1
10882,38.4,58.2,22.1
10883,38.4,58.2,22.1
10884,38.4,58.2,22.1
10885,38.4,58.2,22.09
10886,38.4,58.2,22.09
10887,38.4,58.2,22.09
10888,38.4,58.2,22.09
10889,38.4,58.2,22.09
10890,38.4,58.2,22.08
10891,38.4,58.2,22.08
10892,38.4,58.3,22.08
10893,38.4,58.3,22.08
10894,38.4,58.3,22.08
10895,38.4,58.3,22.07
10896,38.4,58.3,22.07
10897,38.4,58.3,22.07
10898,38.4,58.3,22.07
10899,38.4,58.3,22.07
10900,38.4,58.3,22.06
10901,38.4,58.3,22.06
10902,38.4,58.3,22.06
10903,38.4,58.3,22.06
10904,38.4,58.3,22.06
10905,38.4,58.3,22.05
10906,38.4,58.3,22.05
10907,38.4,58.3,22.05
10908,38.4,58.3,22.05
10909,38.4,58.3,22.05
10910,38.2,58.3,22.14
10911,38.2,58.3,22.13
10912,38.2,58.3,22.13
10913,38.2,58.3,22.13
10914,38.2,58.3,22.13
10915,38.2,58.3,22.13
10916,38.2,58.3,22.12
10917,38.2,58.3,22.12
10918,38.2,58.3,22.12
10919,38.2,58.3,22.12
10920,38.2,58.3,22.12
10921,38.2,58.3,22.11
10922,38.2,58.2,22.11
10923,38.2,58.2,22.11
10924,38.2,58.2,22.11
10925,38.2,58.2,22.11
10926,38.2,58.2,22.1
10927,38.2,58.3,22.1
10928,38.2,58.3,22.1
10929,38.2,58.2,22.1
10930,38.2,58.3,22.1
10931,38.2,58.3,22.09
10932,38.2,58.3,22.09
10933,38.2,58.3,22.09
10934,38.2,58.3,22.09
10935,38.2,58.3,22.09
10936,38.2,58.3,22.08
10937,38.2,58.3,22.08
10938,38.2,58.3,22.08
10939,38.2,58.3,22.08
10940,38.2,58.3,22.07
10941,38.2,58.3,22.07
10942,38.2,58.3,22.07
10943,38.2,58.3,22.07
10944,38.2,58.3,22.07
10945,38.2,58.3,22.06
10946,38.2,58.3,22.06
10947,38.2,58.3,22.06
10948,38.2,58.3,22.06
10949,38.2,58.3,22.06
10950,38.2,58.3,22.05
10951,38.2,58.3,22.05
10952,38.2,58.3,22.05
10953,38.2,58.3,22.05
10954,38.2,58.3,22.05
10955,38.2,58.3,22.04
10956,38.2,58.3,22.04
10957,38.2,58.3,22.04
10958,38.2,58.3,22.04
10959,38.2,58.3,22.04
10960,38.2,58.3,22.03
10961,38.2,58.3,22.03
10962,38.2,58.3,22.03
10963,38.2,58.3,22.03
10964,38.2,58.3,22.03
10965,38.2,58.3,22.02
10966,38.2,58.3,22.02
10967,38.2,58.3,22.02
10968,38.2,58.3,22.02
10969,38.2,58.3,22.02
10970,38.2,58.3,22.01
10971,38.2,58.3,22.16
10972,38.2,58.3,22.16
10973,38.2,58.3,22.15
10974,38.2,58.3,22.15
10975,38.2,58.3,22.15
10976,38.2,58.3,22.15
10977,38.2,58.3,22.15
10978,38.2,58.3,22.14
10979,38.2,58.3,22.14
10980,38.2,58.3,22.14
10981,38.2,58.3,22.14
10982,38.2,58.3,22.14
10983,38.2,58.3,22.13
10984,38.2,58.3,22.13
10985,38.2,58.3,22.13
10986,38.2,58.3,22.13
10987,38.2,58.3,22.13
10988,38.2,58.3,22.12
10989,38.2,58.3,22.12
10990,38.2,58.3,22.12
10991,38.2,58.3,22.12
10992,38.2,58.3,22.12
10993,38.2,58.3,22.11
10994,38.2,58.3,22.11
10995,38.2,58.3,22.11
10996,38.2,58.3,22.11
10997,38.2,58.3,22.11
10998,38.2,58.3,22.1
10999,38.2,58.3,22.1
11000,38.2,58.3,22.1
11001,38.2,58.3,22.1
11002,38.2,58.3,22.1
11003,38.2,58.3,22.09
11004,38.2,58.3,22.09
11005,38.2,58.3,22.09
11006,38.2,58.3,22.09
11007,38.2,58.3,22.09
11008,38.2,58.3,22.08
11009,38.2,58.3,22.08
11010,38.2,58.3,22.08
11011,38.2,58.3,22.08
11012,38.2,58.3,22.08
11013,38.2,58.3,22.07
11014,38.2,58.3,22.07
11015,38.2,58.3,22.07
11016,38.2,58.3,22.07
11017,38.2,58.3,22.07
11018,38.2,58.3,22.06
11019,38.2,58.3,22.06
11020,38.2,58.3,22.06
11021,38.2,58.3,22.06
11022,38.2,58.3,22.06
11023,38.2,58.3,22.05
11024,38.2,58.3,22.05
11025,38.2,58.3,22.05
11026,38.2,58.3,22.05
11027,38.2,58.3,22.05
11028,38.2,58.3,22.04
11029,38.2,58.3,22.04
11030,38.2,58.3,22.04
11031,38.2,58.3,22.04
11032,38.2,58.3,22.04
11033,38.2,58.3,22.03
11034,38.2,58.3,22.03
11035,38.2,58.3,22.03
11036,38.2,58.3,22.03
11037,38.2,58.3,22.03
11038,38.2,58.3,22.02
11039,38.2,58.3,22.02
11040,38.2,58.3,22.02
11041,38.2,58.3,22.02
11042,38.2,58.3,22.02
11043,38.2,58.3,22.01
11044,38.2,58.3,22.01
11045,38.2,58.3,22.01
11046,38.2,58.3,22.01
11047,38.2,58.3,22.01
11048,38.2,58.3,22.0
11049,38.2,58.3,22.0
11050,38.2,58.3,22.0
11051,38.2,58.3,22.0
11052,38.2,58.3,22.0
11053,38.2,58.3,21.99
11054,38.2,58.3,21.99
11055,38.2,58.3,21.99
11056,38.2,58.3,21.99
11057,38.2,58.4,21.99
11058,38.2,58.4,21.98
11059,38.2,58.4,21.98
11060,38.2,58.3,21.98
11061,38.2,58.3,21.98
11062,38.2,58.4,21.98
11063,38.2,58.4,21.97
11064,38.2,58.4,21.97
11065,38.2,58.4,21.97
11066,38.2,58.4,21.97
11067,38.2,58.4,21.97
11068,38.2,58.4,21.96
11069,38.2,58.4,21.96
11070,38.2,58.4,21.96
11071,38.2,58.4,21.96
11072,38.2,58.4,21.96
11073,38.2,58.4,21.95
11074,38.2,58.4,21.95
11075,38.2,58.4,21.95
11076,38.2,58.4,21.95
11077,38.2,58.4,21.95
11078,38.2,58.3,21.94
11079,38.2,58.4,21.94
11080,38.2,58.4,21.94
11081,38.2,58.4,21.94
11082,38.2,58.4,21.94
11083,38.2,58.4,21.93
11084,38.2,58.4,21.93
11085,38.2,58.4,21.93
11086,38.2,58.4,21.93
11087,38.2,58.4,21.93
11088,38.2,58.4,21.92
11089,38.2,58.4,21.92
11090,38.2,58.4,21.92
11091,38.2,58.4,21.92
11092,38.2,58.4,21.92
11093,38.2,58.4,21.91
11094,38.2,58.4,21.91
11095,38.2,58.4,21.91
11096,38.2,58.4,21.91
11097,38.2,58.4,21.91
11098,38.2,58.4,21.9
11099,38.2,58.4,21.9
11100,38.2,58.4,21.9
11101,38.2,58.4,21.9
11102,38.2,58.4,21.9
11103,38.2,58.4,21.89
11104,38.2,58.4,21.89
11105,38.2,58.4,21.89
11106,38.2,58.4,21.89
11107,38.2,58.4,21.89
11108,38.2,58.4,21.89
11109,38.2,58.4,21.88
11110,38.2,58.4,21.88
11111,38.2,58.4,21.88
11112,38.2,58.4,21.88
11113,38.2,58.4,21.88
11114,38.2,58.4,21.87
11115,38.2,58.4,21.87
11116,38.2,58.4,21.87
11117,38.2,58.4,21.87
11118,38.2,58.4,21.87
11119,38.2,58.4,21.86
11120,38.2,58.4,21.86
11121,38.2,58.4,21.86
11122,38.2,58.4,21.86
11123,38.2,58.4,21.86
11124,38.2,58.4,21.85
11125,38.2,58.4,21.85
11126,38.2,58.4,21.85
11127,38.2,58.4,21.85
11128,38.2,58.4,21.85
11129,38.2,58.4,21.84
11130,38.2,58.4,21.84
11131,38.2,58.4,21.84
11132,38.2,58.4,21.84
11133,38.2,58.4,21.84
11134,38.2,58.4,21.83
11135,38.2,58.4,21.83
11136,38.2,58.4,21.83
11137,38.2,58.4,21.83
11138,38.2,58.4,21.83
11139,38.2,58.4,21.82
11140,38.2,58.4,21.82
11141,38.2,58.4,21.82
11142,38.2,58.4,21.82
11143,38.2,58.4,21.82
11144,38.2,58.4,21.81
11145,38.2,58.3,21.81
11146,38.2,58.3,21.81
11147,38.2,58.3,21.81
11148,38.2,58.4,21.81
11149,38.2,58.3,21.8
11150,38.2,58.3,21.8
11151,38.2,58.4,21.8
11152,38.2,58.4,21.8
11153,38.2,58.4,21.8
11154,38.2,58.4,21.79
11155,38.2,58.4,21.79
11156,38.2,58.4,21.79
11157,38.2,58.4,21.79
11158,38.2,58.4,21.79
11159,38.2,58.4,21.79
11160,38.2,58.4,21.78
11161,38.2,58.4,21.78
11162,38.2,58.4,21.78
11163,38.2,58.4,21.78
11164,38.2,58.4,21.78
11165,38.2,58.4,21.77
11166,38.2,58.4,21.77
11167,38.2,58.4,21.77
11168,38.2,58.4,21.77
11169,38.1,58.4,21.89
11170,38.1,58.4,21.88
11171,38.1,58.4,21.88
11172,38.1,58.4,21.88
11173,38.1,58.3,21.88
11174,38.1,58.3,21.88
11175,38.1,58.3,21.87
11176,38.1,58.3,21.87
11177,38.1,58.3,21.87
11178,38.1,58.3,21.87
11179,38.1,58.3,21.87
11180,38.1,58.3,21.86
11181,38.1,58.3,21.86
11182,38.1,58.3,21.86
11183,38.1,58.3,21.86
11184,38.1,58.4,21.86
11185,38.1,58.3,21.86
11186,38.1,58.3,21.85
11187,38.1,58.3,21.85
11188,38.1,58.3,21.85
11189,38.1,58.3,21.85
11190,38.1,58.3,21.85
11191,38.1,58.4,21.84
11192,38.1,58.4,21.84
11193,38.1,58.4,21.84
11194,38.1,58.4,21.84
11195,38.1,58.4,21.84
11196,38.1,58.4,21.83
11197,38.1,58.4,21.83
11198,38.1,58.4,21.83
11199,38.1,58.4,21.83
11200,38.1,58.4,21.83
11201,38.1,58.4,21.82
11202,38.1,58.4,21.82
11203,38.1,58.4,21.82
11204,38.1,58.4,21.82
11205,38.1,58.4,21.82
11206,38.1,58.4,21.81
11207,38.1,58.4,21.81
11208,38.1,58.4,21.81
11209,38.1,58.4,21.81
11210,38.1,58.4,21.81
11211,38.1,58.4,21.8
11212,38.1,58.4,21.8
11213,38.1,58.4,21.8
11214,38.1,58.4,21.8
11215,38.1,58.4,21.8
11216,38.1,58.4,21.79
11217,38.1,58.4,21.79
11218,38.1,58.4,21.79
11219,38.1,58.4,21.79
11220,38.1,58.4,21.79
11221,38.1,58.4,21.79
11222,38.1,58.4,21.78
11223,38.1,58.4,21.78
11224,38.1,58.4,21.78
11225,38.1,58.4,21.78
11226,38.1,58.4,21.78
11227,38.1,58.4,21.77
11228,38.1,58.4,21.77
11229,38.1,58.4,21.77
11230,38.1,58.4,21.77
11231,38.1,58.3,21.77
11232,38.1,58.4,21.76
11233,38.1,58.4,21.76
11234,38.1,58.4,21.76
11235,38.1,58.4,21.76
11236,38.1,58.4,21.76
11237,38.1,58.4,21.75
11238,38.1,58.4,21.75
11239,38.1,58.4,21.75
11240,38.1,58.4,21.75
11241,38.1,58.3,21.75
11242,38.1,58.3,21.74
11243,38.1,58.3,21.74
11244,38.1,58.3,21.74
11245,38.1,58.3,21.74
11246,38.1,58.3,21.74
11247,38.1,58.3,21.73
11248,38.1,58.3,21.73
11249,38.1,58.3,21.73
11250,38.1,58.3,21.73
11251,38.1,58.3,21.73
11252,38.1,58.3,21.73
11253,38.1,58.3,21.72
11254,38.1,58.3,21.72
11255,38.1,58.3,21.72
11256,38.1,58.4,21.72
11257,38.1,58.3,21.72
11258,38.1,58.3,21.71
11259,38.1,58.3,21.71
11260,38.1,58.3,21.71
11261,38.1,58.3,21.71
11262,38.1,58.3,21.71
11263,38.1,58.3,21.7
11264,38.1,58.3,21.7
11265,38.1,58.3,21.7
11266,38.1,58.3,21.7
11267,38.1,58.3,21.7
11268,38.1,58.3,21.69
11269,38.1,58.3,21.69
11270,38.1,58.3,21.69
11271,38.1,58.3,21.69
11272,38.1,58.3,21.69
11273,38.1,58.3,21.68
11274,38.1,58.3,21.68
11275,38.1,58.3,21.68
11276,38.1,58.3,21.68
11277,38.1,58.3,21.68
11278,38.1,58.3,21.67
11279,38.1,58.3,21.67
11280,38.1,58.4,21.67
11281,38.1,58.3,21.67
11282,38.1,58.3,21.67
11283,38.1,58.3,21.67
11284,38.1,58.3,21.66
11285,38.0,58.4,21.8
11286,38.0,58.4,21.8
11287,38.0,58.4,21.8
11288,38.0,58.4,21.8
11289,38.0,58.4,21.8
11290,38.0,58.4,21.79
11291,38.0,58.4,21.79
11292,38.0,58.4,21.79
11293,38.0,58.4,21.79
11294,38.0,58.4,21.79
11295,38.0,58.4,21.78
11296,38.0,58.4,21.78
11297,38.0,58.4,21.78
11298,38.0,58.4,21.78
11299,38.0,58.4,21.78
11300,38.0,58.4,21.77
11301,38.0,58.3,21.77
11302,38.0,58.4,21.77
11303,38.0,58.4,21.77
11304,38.0,58.4,21.77
11305,38.0,58.4,21.76
11306,38.0,58.4,21.76
11307,38.0,58.4,21.76
11308,38.0,58.4,21.76
11309,38.0,58.4,21.76
11310,38.0,58.4,21.76
11311,38.0,58.4,21.75
11312,38.0,58.4,21.75
11313,38.0,58.4,21.75
11314,38.0,58.4,21.75
11315,38.0,58.4,21.75
11316,38.0,58.4,21.74
11317,38.0,58.4,21.74
11318,38.0,58.3,21.74
11319,38.0,58.4,21.74
11320,38.0,58.4,21.74
11321,38.0,58.4,21.73
11322,38.0,58.4,21.73
11323,38.0,58.4,21.73
11324,38.0,58.4,21.73
11325,38.0,58.4,21.73
11326,38.0,58.4,21.72
11327,38.0,58.4,21.72
11328,38.0,58.4,21.72
11329,38.0,58.3,21.72
11330,37.9,58.3,21.85
11331,37.9,58.3,22.01
11332,37.9,58.3,22.01
11333,37.9,58.3,22.01
11334,37.9,58.3,22.0
11335,37.9,58.3,22.0
11336,37.9,58.3,22.0
11337,37.9,58.3,22.0
11338,37.9,58.3,22.0
11339,37.9,58.3,21.99
11340,37.9,58.3,21.99
11341,37.7,58.3,22.08
11342,37.7,58.3,22.08
11343,37.7,58.3,22.08
11344,37.7,58.3,22.07
11345,37.7,58.3,22.07
11346,37.7,58.3,22.07
11347,37.7,58.3,22.07
11348,37.7,58.3,22.07
11349,37.7,58.3,22.06
11350,37.7,58.3,22.06
11351,37.7,58.3,22.06
11352,37.7,58.3,22.06
11353,37.7,58.3,22.06
11354,37.7,58.3,22.05
11355,37.7,58.3,22.05
11356,37.7,58.3,22.05
11357,37.7,58.3,22.05
11358,37.7,58.3,22.05
11359,37.7,58.4,22.04
11360,37.7,58.4,22.04
11361,37.7,58.3,22.04
11362,37.7,58.3,22.04
11363,37.7,58.3,22.04
11364,37.7,58.4,22.03
11365,37.7,58.4,22.03
11366,37.7,58.4,22.03
11367,37.7,58.4,22.03
11368,37.7,58.4,22.03
11369,37.7,58.4,22.02
11370,37.7,58.4,22.02
11371,37.7,58.4,22.02
11372,37.7,58.4,22.02
11373,37.7,58.4,22.02
11374,37.7,58.4,22.02
11375,37.7,58.4,22.01
11376,37.7,58.4,22.01
11377,37.7,58.4,22.01
11378,37.7,58.3,22.01
11379,37.7,58.3,22.01
11380,37.7,58.3,22.0
11381,37.7,58.3,22.0
11382,37.7,58.3,22.0
11383,37.7,58.3,22.0
11384,37.7,58.3,22.0
11385,37.7,58.3,21.99
11386,37.7,58.4,21.99
11387,37.7,58.4,21.99
11388,37.7,58.4,21.99
11389,37.7,58.4,21.99
11390,37.7,58.3,21.98
11391,37.7,58.4,21.98
11392,37.7,58.4,21.98
11393,37.7,58.4,21.98
11394,37.7,58.4,21.98
11395,37.7,58.4,21.97
11396,37.7,58.4,21.97
11397,37.7,58.4,21.97
11398,37.7,58.4,21.97
11399,37.7,58.4,21.97
11400,37.7,58.4,21.96
11401,37.7,58.4,21.96
11402,37.7,58.3,21.96
11403,37.7,58.4,21.96
11404,37.7,58.3,21.96
11405,37.7,58.4,21.96
11406,37.7,58.4,21.95
11407,37.7,58.4,21.95
11408,37.7,58.4,21.95
11409,37.7,58.3,21.95
11410,37.7,58.3,21.95
11411,37.7,58.3,21.94
11412,37.7,58.4,21.94
11413,37.7,58.4,21.94
11414,37.7,58.4,21.94
11415,37.7,58.4,21.94
11416,37.7,58.4,21.93
11417,37.7,58.4,21.93
11418,37.7,58.4,21.93
11419,37.7,58.4,21.93
11420,37.7,58.4,21.93
11421,37.7,58.4,21.92
11422,37.7,58.4,21.92
11423,37.7,58.4,21.92
11424,37.7,58.4,21.92
11425,37.7,58.4,21.92
11426,37.7,58.4,21.91
11427,37.7,58.4,21.91
11428,37.7,58.4,21.91
11429,37.7,58.4,21.91
11430,37.7,58.4,21.91
11431,37.7,58.4,21.91
11432,37.7,58.4,21.9
11433,37.7,58.4,21.9
11434,37.7,58.4,21.9
11435,37.7,58.4,21.9
11436,37.7,58.4,21.9
11437,37.7,58.4,21.89
11438,37.7,58.4,21.89
11439,37.7,58.4,21.89
11440,37.7,58.4,21.89
11441,37.7,58.4,21.89
11442,37.7,58.4,21.88
11443,37.7,58.4,21.88
11444,37.7,58.4,21.88
11445,37.7,58.4,21.88
11446,37.7,58.4,21.88
11447,37.7,58.4,21.87
11448,37.7,58.4,21.87
11449,37.7,58.3,21.87
11450,37.7,58.3,21.87
11451,37.7,58.4,21.87
11452,37.7,58.4,21.87
11453,37.7,58.4,21.86
11454,37.7,58.4,21.86
11455,37.7,58.4,21.86
11456,37.7,58.4,21.86
11457,37.7,58.3,21.86
11458,37.7,58.3,21.85
11459,37.7,58.3,21.85
11460,37.7,58.3,21.85
11461,37.7,58.3,21.85
11462,37.7,58.3,21.85
11463,37.7,58.3,21.84
11464,37.7,58.3,21.84
11465,37.7,58.3,21.84
11466,37.7,58.3,21.84
11467,37.7,58.3,21.84
11468,37.7,58.3,21.83
11469,37.7,58.3,21.83
11470,37.7,58.3,21.83
11471,37.7,58.3,21.83
11472,37.7,58.3,21.83
11473,37.7,58.3,21.83
11474,37.7,58.3,21.82
11475,37.7,58.3,21.82
11476,37.7,58.3,21.82
11477,37.7,58.3,21.82
11478,37.7,58.3,21.82
11479,37.7,58.3,21.81
11480,37.7,58.3,21.81
11481,37.7,58.3,21.81
11482,37.7,58.3,21.81
11483,37.7,58.3,21.81
11484,37.7,58.3,21.8
11485,37.7,58.3,21.8
11486,37.7,58.3,21.8
11487,37.7,58.3,21.8
11488,37.7,58.3,21.8
11489,37.7,58.3,21.79
11490,37.7,58.3,21.79
11491,37.7,58.3,21.79
11492,37.7,58.3,21.79
11493,37.7,58.3,21.79
11494,37.7,58.3,21.79
11495,37.7,58.3,21.78
11496,37.7,58.3,21.78
11497,37.7,58.3,21.78
11498,37.7,58.3,21.78
11499,37.7,58.3,21.78
11500,37.7,58.3,21.77
11501,37.7,58.3,21.77
11502,37.7,58.3,21.77
11503,37.7,58.3,21.77
11504,37.7,58.3,21.77
11505,37.7,58.3,21.76
11506,37.7,58.3,21.76
11507,37.7,58.3,21.76
11508,37.7,58.3,21.76
11509,37.7,58.3,21.76
11510,37.7,58.3,21.75
11511,37.7,58.3,21.75
11512,37.7,58.3,21.75
11513,37.7,58.3,21.75
11514,37.7,58.3,21.75
11515,37.7,58.3,21.75
11516,37.7,58.3,21.74
11517,37.7,58.3,21.74
11518,37.7,58.3,21.74
11519,37.7,58.3,21.74
11520,37.7,58.3,21.74
11521,37.7,58.3,21.73
11522,37.7,58.3,21.73
11523,37.7,58.3,21.73
11524,37.7,58.3,21.73
11525,37.7,58.3,21.73
11526,37.7,58.3,21.72
11527,37.7,58.3,21.72
11528,37.7,58.3,21.72
11529,37.7,58.3,21.72
11530,37.7,58.3,21.72
11531,37.7,58.3,21.72
11532,37.7,58.3,21.71
11533,37.7,58.3,21.71
11534,37.7,58.3,21.71
11535,37.7,58.3,21.71
11536,37.7,58.3,21.71
11537,37.7,58.3,21.7
11538,37.7,58.3,21.7
11539,37.7,58.2,21.7
11540,37.7,58.2,21.7
11541,37.7,58.2,21.7
11542,37.7,58.2,21.69
11543,37.7,58.2,21.69
11544,37.7,58.2,21.69
11545,37.7,58.3,21.69
11546,37.7,58.3,21.69
11547,37.7,58.3,21.69
11548,37.7,58.3,21.68
11549,37.7,58.3,21.68
11550,37.7,58.3,21.68
11551,37.7,58.3,21.68
11552,37.7,58.3,21.68
11553,37.7,58.3,21.67
11554,37.7,58.3,21.67
11555,37.7,58.3,21.67
11556,37.7,58.3,21.67
11557,37.7,58.3,21.67
11558,37.7,58.3,21.66
11559,37.7,58.3,21.66
11560,37.7,58.3,21.66
11561,37.7,58.3,21.66
11562,37.7,58.3,21.66
11563,37.7,58.3,21.66
11564,37.7,58.3,21.65
11565,37.7,58.3,21.65
11566,37.7,58.3,21.65
11567,37.7,58.3,21.65
11568,37.7,58.3,21.65
11569,37.7,58.3,21.64
11570,37.7,58.3,21.64
11571,37.7,58.3,21.64
11572,37.7,58.3,21.64
11573,37.7,58.3,21.64
11574,37.7,58.3,21.63
11575,37.7,58.3,21.63
11576,37.7,58.3,21.63
11577,37.7,58.3,21.63
11578,37.7,58.3,21.63
11579,37.7,58.3,21.63
11580,37.7,58.3,21.62
11581,37.7,58.3,21.62
11582,37.7,58.3,21.62
11583,37.7,58.3,21.62
11584,37.7,58.3,21.62
11585,37.7,58.3,21.61
11586,37.7,58.3,21.61
11587,37.7,58.3,21.61
11588,37.7,58.3,21.61
11589,37.7,58.3,21.61
11590,37.7,58.3,21.6
11591,37.7,58.3,21.6
11592,37.7,58.3,21.6
11593,37.7,58.3,21.6
11594,37.7,58.3,21.6
11595,37.7,58.3,21.6
11596,37.7,58.3,21.59
11597,37.7,58.3,21.59
11598,37.7,58.3,21.59
11599,37.7,58.3,21.59
11600,37.7,58.3,21.59
11601,37.6,58.3,21.67
11602,37.6,58.3,21.67
11603,37.6,58.3,21.67
11604,37.6,58.3,21.67
11605,37.6,58.3,21.67
11606,37.6,58.3,21.67
11607,37.6,58.3,21.66
11608,37.6,58.3,21.66
11609,37.6,58.3,21.66
11610,37.6,58.3,21.66
11611,37.6,58.3,21.66
11612,37.6,58.3,21.65
11613,37.6,58.3,21.65
11614,37.6,58.3,21.65
11615,37.6,58.3,21.65
11616,37.6,58.3,21.65
11617,37.6,58.3,21.65
11618,37.6,58.3,21.64
11619,37.6,58.3,21.64
11620,37.6,58.3,21.64
11621,37.6,58.3,21.64
11622,37.6,58.3,21.64
11623,37.6,58.3,21.63
11624,37.6,58.3,21.63
11625,37.6,58.3,21.63
11626,37.6,58.3,21.63
11627,37.6,58.3,21.63
11628,37.6,58.3,21.62
11629,37.6,58.3,21.62
11630,37.6,58.3,21.62
11631,37.6,58.3,21.62
11632,37.6,58.3,21.62
11633,37.6,58.3,21.62
11634,37.6,58.3,21.61
11635,37.6,58.3,21.61
11636,37.6,58.3,21.61
11637,37.6,58.3,21.61
11638,37.6,58.3,21.61
11639,37.6,58.3,21.6
11640,37.6,58.3,21.6
11641,37.6,58.3,21.6
11642,37.6,58.3,21.6
11643,37.6,58.3,21.6
11644,37.6,58.3,21.59
11645,37.6,58.3,21.59
11646,37.6,58.3,21.59
11647,37.6,58.3,21.59
11648,37.6,58.3,21.59
11649,37.6,58.3,21.59
11650,37.6,58.3,21.58
11651,37.6,58.3,21.58
11652,37.6,58.3,21.58
11653,37.6,58.3,21.58
11654,37.6,58.3,21.58
11655,37.6,58.3,21.57
11656,37.6,58.3,21.57
11657,37.6,58.3,21.57
11658,37.6,58.3,21.57
11659,37.6,58.3,21.57
11660,37.6,58.3,21.57
11661,37.6,58.3,21.56
11662,37.6,58.3,21.56
11663,37.6,58.3,21.56
11664,37.6,58.3,21.56
11665,37.6,58.3,21.56
11666,37.6,58.3,21.55
11667,37.6,58.3,21.55
11668,37.6,58.3,21.55
11669,37.6,58.3,21.55
11670,37.6,58.3,21.55
11671,37.6,58.3,21.54
11672,37.6,58.3,21.54
11673,37.6,58.3,21.54
11674,37.6,58.3,21.54
11675,37.6,58.3,21.54
11676,37.6,58.3,21.54
11677,37.6,58.3,21.53
11678,37.6,58.3,21.53
11679,37.6,58.3,21.53
11680,37.6,58.3,21.53
11681,37.6,58.3,21.53
11682,37.6,58.3,21.52
11683,37.6,58.3,21.52
11684,37.6,58.3,21.52
11685,37.6,58.3,21.52
11686,37.6,58.3,21.52
11687,37.6,58.3,21.52
11688,37.6,58.3,21.51
11689,37.6,58.3,21.51
11690,37.6,58.3,21.51
11691,37.6,58.3,21.51
11692,37.6,58.3,21.51
11693,37.6,58.3,21.5
11694,37.6,58.3,21.5
11695,37.6,58.3,21.5
11696,37.6,58.3,21.5
11697,37.6,58.3,21.5
11698,37.6,58.3,21.5
11699,37.6,58.3,21.49
11700,37.6,58.3,21.49
11701,37.6,58.3,21.49
11702,37.6,58.3,21.49
11703,37.6,58.3,21.49
11704,37.6,58.3,21.48
11705,37.6,58.3,21.48
11706,37.6,58.3,21.48
11707,37.6,58.3,21.48
11708,37.6,58.3,21.48
11709,37.6,58.3,21.47
11710,37.6,58.3,21.47
11711,37.6,58.3,21.47
11712,37.6,58.3,21.47
11713,37.5,58.3,21.58
11714,37.5,58.3,21.58
11715,37.5,58.3,21.57
11716,37.5,58.3,21.57
11717,37.5,58.3,21.57
11718,37.5,58.3,21.57
11719,37.5,58.3,21.57
11720,37.5,58.3,21.57
11721,37.5,58.3,21.56
11722,37.5,58.3,21.56
11723,37.5,58.3,21.56
11724,37.5,58.3,21.56
11725,37.5,58.3,21.56
11726,37.5,58.3,21.55
11727,37.5,58.3,21.55
11728,37.5,58.3,21.55
11729,37.5,58.3,21.55
11730,37.5,58.3,21.55
11731,37.5,58.3,21.55
11732,37.5,58.3,21.54
11733,37.5,58.3,21.69
11734,37.5,58.3,21.69
11735,37.5,58.3,21.69
11736,37.5,58.3,21.69
11737,37.5,58.3,21.68
11738,37.5,58.3,21.68
11739,37.5,58.3,21.68
11740,37.5,58.3,21.68
11741,37.5,58.3,21.68
11742,37.5,58.3,21.67
11743,37.5,58.3,21.67
11744,37.5,58.3,21.67
11745,37.5,58.3,21.67
11746,37.5,58.3,21.67
11747,37.5,58.3,21.67
11748,37.5,58.3,21.66
11749,37.5,58.3,21.66
11750,37.5,58.3,21.66
11751,37.6,58.3,21.91
11752,37.6,58.3,21.91
11753,37.6,58.3,21.91
11754,37.6,58.3,21.9
11755,37.6,58.3,21.9
11756,37.6,58.3,21.9
11757,37.6,58.3,21.9
11758,37.6,58.3,21.9
11759,37.6,58.3,21.89
11760,37.6,58.3,21.89
11761,37.6,58.3,21.89
11762,37.6,58.3,21.89
11763,37.6,58.3,21.89
11764,37.6,58.3,21.88
11765,37.6,58.3,21.88
11766,37.6,58.3,21.88
11767,37.6,58.3,21.88
11768,37.6,58.3,21.88
11769,37.6,58.3,21.88
11770,37.6,58.3,21.87
11771,37.6,58.3,21.87
11772,37.6,58.3,21.87
11773,37.6,58.3,21.87
11774,37.6,58.3,21.87
11775,37.6,58.3,21.86
11776,37.6,58.3,21.86
11777,37.6,58.3,21.86
11778,37.6,58.3,21.86
11779,37.6,58.3,21.86
11780,37.6,58.3,21.85
11781,37.6,58.3,21.85
11782,37.6,58.3,21.85
11783,37.6,58.3,21.85
11784,37.6,58.3,21.85
11785,37.6,58.3,21.85
11786,37.6,58.3,21.84
11787,37.6,58.3,21.84
11788,37.6,58.3,21.84
11789,37.6,58.3,21.84
11790,37.6,58.3,21.84
11791,37.6,58.3,21.83
11792,37.6,58.3,21.83
11793,37.6,58.3,21.83
11794,37.6,58.3,21.83
11795,37.6,58.3,21.83
11796,37.6,58.3,21.83
11797,37.6,58.3,21.82
11798,37.6,58.3,21.82
11799,37.6,58.3,21.82
11800,37.6,58.3,21.82
11801,37.6,58.3,21.82
11802,37.6,58.3,21.81
11803,37.6,58.3,21.81
11804,37.7,58.3,22.01
11805,37.7,58.3,22.01
11806,37.7,58.3,22.01
11807,37.7,58.3,22.0
11808,37.7,58.3,22.0
11809,37.7,58.3,22.0
11810,37.7,58.3,22.0
11811,37.7,58.3,22.0
11812,37.7,58.3,21.99
11813,37.7,58.3,21.99
11814,37.7,58.3,21.99
11815,37.7,58.3,21.99
11816,37.7,58.3,21.99
11817,37.7,58.3,21.99
11818,37.7,58.3,21.98
11819,37.7,58.3,21.98
11820,37.7,58.3,21.98
11821,37.7,58.3,21.98
11822,37.7,58.3,21.98
11823,37.7,58.3,21.97
11824,37.7,58.3,21.97
11825,37.7,58.3,21.97
11826,37.7,58.3,21.97
11827,37.7,58.3,21.97
11828,37.7,58.3,21.96
11829,37.7,58.3,21.96
11830,37.7,58.3,21.96
11831,37.7,58.3,21.96
11832,37.7,58.3,21.96
11833,37.7,58.3,21.96
11834,37.7,58.3,21.95
11835,37.7,58.3,21.95
11836,37.7,58.3,21.95
11837,37.7,58.3,21.95
11838,37.7,58.3,21.95
11839,37.7,58.3,21.94
11840,37.7,58.3,21.94
11841,37.7,58.3,21.94
11842,37.7,58.3,21.94
11843,37.7,58.3,21.94
11844,37.7,58.3,21.94
11845,37.7,58.3,21.93
11846,37.7,58.3,21.93
11847,37.7,58.3,21.93
11848,37.7,58.3,21.93
11849,37.7,58.3,21.93
11850,37.7,58.3,21.92
11851,37.7,58.3,21.92
11852,37.7,58.3,21.92
11853,37.7,58.3,21.92
11854,37.7,58.3,21.92
11855,37.7,58.3,21.91
11856,37.7,58.3,21.91
11857,37.7,58.3,21.91
11858,37.7,58.3,21.91
11859,37.7,58.3,21.91
11860,37.7,58.3,21.91
11861,37.6,58.3,22.01
11862,37.6,58.3,22.01
11863,37.6,58.3,22.01
11864,37.6,58.3,22.0
11865,37.6,58.3,22.0
11866,37.6,58.3,22.0
11867,37.6,58.3,22.0
11868,37.6,58.3,22.0
11869,37.6,58.3,21.99
11870,37.6,58.3,21.99
11871,37.6,58.3,21.99
11872,37.6,58.3,21.99
11873,37.6,58.3,21.99
11874,37.5,58.3,22.11
11875,37.5,58.3,22.11
11876,37.5,58.3,22.11
11877,37.5,58.3,22.11
11878,37.5,58.3,22.1
11879,37.5,58.3,22.1
11880,37.5,58.3,22.1
11881,37.5,58.3,22.1
11882,37.5,58.3,22.1
11883,37.5,58.3,22.09
11884,37.5,58.3,22.09
11885,37.5,58.3,22.09
11886,37.5,58.3,22.09
11887,37.5,58.3,22.09
11888,37.5,58.3,22.09
11889,37.5,58.3,22.08
11890,37.5,58.3,22.08
11891,37.5,58.3,22.08
11892,37.5,58.3,22.08
11893,37.5,58.3,22.08
11894,37.5,58.3,22.07
11895,37.5,58.3,22.07
11896,37.5,58.3,22.07
11897,37.5,58.3,22.07
11898,37.5,58.3,22.07
11899,37.5,58.3,22.06
11900,37.5,58.3,22.06
11901,37.5,58.3,22.06
11902,37.5,58.3,22.06
11903,37.5,58.3,22.06
11904,37.5,58.3,22.06
11905,37.6,58.3,22.27
11906,37.6,58.3,22.27
11907,37.6,58.3,22.27
11908,37.6,58.3,22.27
11909,37.6,58.3,22.26
11910,37.6,58.3,22.26
11911,37.6,58.3,22.26
11912,37.6,58.3,22.26
11913,37.6,58.3,22.26
11914,37.6,58.3,22.26
11915,37.6,58.3,22.25
11916,37.6,58.4,22.25
11917,37.6,58.3,22.25
11918,37.6,58.3,22.25
11919,37.6,58.3,22.41
11920,37.6,58.3,22.4
11921,37.6,58.4,22.4
11922,37.6,58.4,22.4
11923,37.6,58.4,22.4
11924,37.6,58.4,22.4
11925,37.6,58.4,22.39
11926,37.6,58.4,22.39
11927,37.6,58.4,22.39
11928,37.6,58.4,22.39
11929,37.6,58.4,22.39
11930,37.6,58.4,22.38
11931,37.6,58.4,22.38
11932,37.6,58.4,22.38
11933,37.6,58.4,22.38
11934,37.6,58.4,22.38
11935,37.6,58.3,22.38
11936,37.6,58.4,22.37
11937,37.6,58.4,22.37
11938,37.6,58.4,22.37
11939,37.6,58.3,22.37
11940,37.6,58.4,22.37
11941,37.6,58.4,22.36
11942,37.6,58.4,22.36
11943,37.6,58.4,22.36
11944,37.6,58.4,22.36
11945,37.6,58.4,22.36
11946,37.6,58.4,22.35
11947,37.6,58.4,22.35
11948,37.6,58.4,22.35
11949,37.6,58.4,22.35
11950,37.6,58.4,22.35
11951,37.6,58.4,22.35
11952,37.6,58.4,22.34
11953,37.6,58.4,22.34
11954,37.6,58.4,22.34
11955,37.6,58.4,22.34
11956,37.6,58.4,22.34
11957,37.6,58.4,22.33
11958,37.6,58.4,22.33
11959,37.6,58.4,22.33
11960,37.6,58.4,22.33
11961,37.6,58.4,22.33
11962,37.6,58.4,22.32
11963,37.6,58.4,22.32
11964,37.6,58.4,22.32
11965,37.6,58.4,22.32
11966,37.6,58.4,22.32
11967,37.6,58.4,22.32
11968,37.6,58.4,22.31
11969,37.6,58.4,22.31
11970,37.6,58.4,22.31
11971,37.6,58.4,22.31
11972,37.6,58.4,22.31
11973,37.6,58.4,22.3
11974,37.6,58.4,22.3
11975,37.6,58.4,22.3
11976,37.6,58.4,22.3
11977,37.6,58.4,22.3
11978,37.6,58.4,22.3
11979,37.6,58.4,22.29
11980,37.6,58.4,22.29
11981,37.6,58.4,22.29
11982,37.6,58.4,22.29
11983,37.6,58.4,22.29
11984,37.6,58.4,22.28
11985,37.6,58.4,22.28
11986,37.6,58.4,22.28
11987,37.6,58.4,22.28
11988,37.6,58.4,22.28
11989,37.6,58.4,22.27
11990,37.6,58.4,22.27
11991,37.6,58.4,22.27
11992,37.6,58.4,22.27
11993,37.6,58.5,22.27
11994,37.6,58.5,22.27
11995,37.6,58.5,22.26
11996,37.6,58.5,22.26
11997,37.6,58.5,22.26
11998,37.6,58.5,22.26
11999,37.6,58.5,22.26
12000,37.6,58.5,22.25
12001,37.6,58.5,22.25
12002,37.6,58.5,22.25
12003,37.6,58.5,22.25
12004,37.6,58.5,22.25
12005,37.6,58.5,22.24
12006,37.6,58.5,22.24
12007,37.6,58.5,22.24
12008,37.6,58.5,22.24
12009,37.6,58.5,22.24
12010,37.6,58.5,22.24
12011,37.6,58.5,22.23
12012,37.6,58.5,22.23
12013,37.6,58.5,22.23
12014,37.6,58.5,22.23
12015,37.6,58.5,22.23
12016,37.6,58.5,22.22
12017,37.6,58.5,22.22
12018,37.6,58.5,22.22
12019,37.6,58.5,22.22
12020,37.6,58.5,22.22
12021,37.6,58.5,22.22
12022,37.6,58.5,22.21
12023,37.6,58.5,22.21
12024,37.6,58.5,22.21
12025,37.6,58.5,22.21
12026,37.6,58.5,22.21
12027,37.6,58.5,22.2
12028,37.6,58.5,22.2
12029,37.6,58.5,22.2
12030,37.6,58.5,22.2
12031,37.6,58.5,22.2
12032,37.6,58.5,22.19
12033,37.6,58.5,22.19
12034,37.6,58.6,22.19
12035,37.6,58.6,22.19
12036,37.6,58.6,22.19
12037,37.6,58.6,22.19
12038,37.6,58.6,22.18
12039,37.6,58.6,22.18
12040,37.6,58.6,22.18
12041,37.6,58.6,22.18
12042,37.6,58.6,22.18
12043,37.6,58.6,22.17
12044,37.6,58.6,22.17
12045,37.6,58.6,22.17
12046,37.6,58.6,22.17
12047,37.6,58.6,22.17
12048,37.6,58.6,22.17
12049,37.6,58.6,22.16
12050,37.6,58.6,22.16
12051,37.6,58.6,22.16
12052,37.6,58.6,22.16
12053,37.6,58.6,22.16
12054,37.6,58.6,22.15
12055,37.6,58.6,22.15
12056,37.6,58.6,22.15
12057,37.4,58.6,22.24
12058,37.4,58.6,22.24
12059,37.4,58.6,22.24
12060,37.4,58.6,22.23
12061,37.4,58.6,22.23
12062,37.4,58.6,22.23
12063,37.4,58.6,22.23
12064,37.4,58.6,22.23
12065,37.4,58.6,22.23
12066,37.4,58.6,22.22
12067,37.4,58.6,22.22
12068,37.4,58.6,22.22
12069,37.4,58.6,22.22
12070,37.4,58.6,22.22
12071,37.4,58.6,22.21
12072,37.4,58.6,22.21
12073,37.4,58.6,22.21
12074,37.4,58.6,22.21
12075,37.4,58.6,22.21
12076,37.4,58.6,22.21
12077,37.4,58.6,22.2
12078,37.4,58.6,22.2
12079,37.4,58.6,22.2
12080,37.4,58.6,22.2
12081,37.4,58.6,22.2
12082,37.4,58.6,22.19
12083,37.4,58.6,22.19
12084,37.4,58.6,22.19
12085,37.4,58.6,22.19
12086,37.4,58.6,22.19
12087,37.4,58.6,22.18
12088,37.4,58.6,22.18
12089,37.4,58.6,22.18
12090,37.4,58.6,22.18
12091,37.4,58.6,22.18
12092,37.4,58.6,22.18
12093,37.4,58.6,22.17
12094,37.4,58.6,22.17
12095,37.4,58.6,22.17
12096,37.4,58.6,22.17
12097,37.4,58.6,22.17
12098,37.4,58.6,22.16
12099,37.4,58.6,22.16
12100,37.4,58.6,22.16
12101,37.4,58.6,22.16
12102,37.4,58.6,22.16
12103,37.4,58.6,22.16
12104,37.4,58.6,22.15
12105,37.4,58.6,22.15
12106,37.4,58.6,22.15
12107,37.4,58.6,22.15
12108,37.4,58.6,22.15
12109,37.4,58.6,22.14
12110,37.4,58.6,22.14
12111,37.4,58.6,22.14
12112,37.4,58.6,22.14
12113,37.4,58.6,22.14
12114,37.4,58.6,22.14
12115,37.4,58.6,22.13
12116,37.4,58.6,22.13
12117,37.4,58.6,22.13
12118,37.4,58.6,22.13
12119,37.4,58.6,22.13
12120,37.4,58.6,22.12
12121,37.4,58.6,22.12
12122,37.4,58.6,22.12
12123,37.4,58.6,22.12
12124,37.4,58.6,22.12
12125,37.4,58.6,22.12
12126,37.4,58.6,22.11
12127,37.4,58.6,22.11
12128,37.4,58.6,22.11
12129,37.4,58.6,22.11
12130,37.4,58.6,22.11
12131,37.4,58.6,22.1
12132,37.4,58.6,22.1
12133,37.4,58.6,22.1
12134,37.4,58.6,22.1
12135,37.4,58.6,22.1
12136,37.4,58.6,22.1
12137,37.4,58.6,22.09
12138,37.4,58.6,22.09
12139,37.4,58.6,22.09
12140,37.4,58.6,22.09
12141,37.4,58.6,22.09
12142,37.4,58.6,22.08
12143,37.4,58.6,22.08
12144,37.4,58.6,22.08
12145,37.4,58.6,22.08
12146,37.4,58.6,22.08
12147,37.4,58.6,22.08
12148,37.4,58.6,22.07
12149,37.4,58.6,22.07
12150,37.4,58.6,22.07
12151,37.4,58.6,22.07
12152,37.4,58.6,22.07
12153,37.4,58.6,22.06
12154,37.4,58.6,22.06
12155,37.4,58.6,22.06
12156,37.4,58.6,22.06
12157,37.4,58.6,22.06
12158,37.4,58.6,22.06
12159,37.4,58.6,22.05
12160,37.4,58.6,22.05
12161,37.4,58.6,22.05
12162,37.4,58.6,22.05
12163,37.4,58.6,22.05
12164,37.4,58.6,22.04
12165,37.4,58.6,22.04
12166,37.4,58.6,22.04
12167,37.4,58.6,22.04
12168,37.4,58.6,22.04
12169,37.4,58.6,22.04
12170,37.4,58.6,22.03
12171,37.4,58.6,22.03
12172,37.4,58.6,22.03
12173,37.4,58.6,22.03
12174,37.4,58.6,22.03
12175,37.4,58.6,22.02
12176,37.4,58.6,22.02
12177,37.4,58.6,22.02
12178,37.4,58.6,22.02
12179,37.4,58.6,22.02
12180,37.4,58.6,22.02
12181,37.4,58.6,22.01
12182,37.4,58.6,22.01
12183,37.4,58.6,22.01
12184,37.4,58.6,22.01
12185,37.4,58.6,22.01
12186,37.4,58.6,22.0
12187,37.4,58.6,22.0
12188,37.4,58.6,22.0
12189,37.4,58.6,22.0
12190,37.4,58.6,22.0
12191,37.4,58.6,22.0
12192,37.4,58.6,21.99
12193,37.4,58.6,21.99
12194,37.4,58.6,21.99
12195,37.4,58.6,21.99
12196,37.4,58.6,21.99
12197,37.4,58.6,21.98
12198,37.4,58.6,21.98
12199,37.4,58.6,21.98
12200,37.4,58.6,21.98
12201,37.4,58.6,21.98
12202,37.4,58.6,21.98
12203,37.4,58.6,21.97
12204,37.4,58.6,21.97
12205,37.4,58.6,21.97
12206,37.4,58.6,21.97
12207,37.4,58.6,21.97
12208,37.4,58.6,21.97
12209,37.4,58.6,21.96
12210,37.4,58.6,21.96
12211,37.4,58.6,21.96
12212,37.4,58.6,21.96
12213,37.4,58.6,21.96
12214,37.4,58.6,21.95
12215,37.4,58.6,21.95
12216,37.4,58.6,21.95
12217,37.4,58.6,21.95
12218,37.4,58.6,21.95
12219,37.4,58.6,21.95
12220,37.4,58.6,21.94
12221,37.4,58.6,21.94
12222,37.4,58.6,21.94
12223,37.4,58.6,21.94
12224,37.4,58.6,21.94
12225,37.4,58.6,21.93
12226,37.4,58.6,21.93
12227,37.4,58.6,21.93
12228,37.4,58.6,21.93
12229,37.4,58.6,21.93
12230,37.4,58.6,21.93
12231,37.4,58.6,21.92
12232,37.4,58.6,21.92
12233,37.4,58.6,21.92
12234,37.4,58.6,21.92
12235,37.4,58.6,21.92
12236,37.2,58.6,21.97
12237,37.2,58.6,21.97
12238,37.2,58.6,21.96
12239,37.2,58.6,21.96
12240,37.2,58.6,21.96
12241,37.2,58.6,21.96
12242,37.2,58.6,21.96
12243,37.2,58.6,21.96
12244,37.2,58.6,21.95
12245,37.2,58.6,21.95
12246,37.2,58.6,21.95
12247,37.2,58.6,21.95
12248,37.2,58.6,21.95
12249,37.2,58.6,21.94
12250,37.2,58.6,21.94
12251,37.2,58.6,21.94
12252,37.2,58.6,21.94
12253,37.2,58.6,21.94
12254,37.2,58.6,21.94
12255,37.2,58.6,21.93
12256,37.2,58.6,21.93
12257,37.2,58.6,21.93
12258,37.2,58.6,21.93
12259,37.2,58.6,21.93
12260,37.2,58.6,21.92
12261,37.2,58.6,21.92
12262,37.2,58.6,21.92
12263,37.2,58.6,21.92
12264,37.2,58.6,21.92
12265,37.2,58.6,21.92
12266,37.2,58.6,21.91
12267,37.2,58.6,21.91
12268,37.2,58.6,21.91
12269,37.2,58.6,21.91
12270,37.2,58.6,21.91
12271,37.2,58.6,21.91
12272,37.2,58.6,21.9
12273,37.2,58.6,21.9
12274,37.2,58.6,21.9
12275,37.2,58.6,21.9
12276,37.2,58.7,21.9
12277,37.2,58.7,21.89
12278,37.2,58.7,21.89
12279,37.2,58.7,21.89
12280,37.2,58.6,21.89
12281,37.2,58.7,21.89
12282,37.2,58.6,21.89
12283,37.2,58.7,21.88
12284,37.2,58.7,21.88
12285,37.2,58.7,21.88
12286,37.2,58.7,21.88
12287,37.2,58.7,21.88
12288,37.2,58.7,21.88
12289,37.2,58.7,21.87
12290,37.2,58.7,21.87
12291,37.2,58.7,21.87
12292,37.2,58.7,21.87
12293,37.2,58.7,21.87
12294,37.2,58.7,21.86
12295,37.2,58.7,21.86
12296,37.2,58.7,21.86
12297,37.2,58.7,21.86
12298,37.2,58.7,21.86
12299,37.2,58.7,21.86
12300,37.2,58.7,21.85
12301,37.2,58.7,21.85
12302,37.2,58.7,21.85
12303,37.2,58.7,21.85
12304,37.2,58.6,21.85
12305,37.2,58.6,21.84
12306,37.2,58.6,21.84
12307,37.2,58.6,21.84
12308,37.2,58.6,21.84
12309,37.2,58.6,21.84
12310,37.2,58.7,21.84
12311,37.2,58.7,21.83
12312,37.2,58.7,21.83
12313,37.2,58.7,21.83
12314,37.2,58.6,21.83
12315,37.2,58.6,21.83
12316,37.2,58.6,21.83
12317,37.2,58.7,21.82
12318,37.2,58.6,21.82
12319,37.2,58.6,21.82
12320,37.2,58.7,21.82
12321,37.2,58.7,21.82
12322,37.2,58.7,21.81
12323,37.2,58.7,21.81
12324,37.2,58.7,21.81
12325,37.2,58.7,21.81
12326,37.2,58.7,21.81
12327,37.2,58.7,21.81
12328,37.2,58.6,21.8
12329,37.2,58.7,21.8
12330,37.2,58.6,21.8
12331,37.2,58.6,21.8
12332,37.2,58.6,21.8
12333,37.2,58.6,21.8
12334,37.2,58.7,21.79
12335,37.2,58.7,21.79
12336,37.2,58.7,21.79
12337,37.2,58.7,21.79
12338,37.2,58.7,21.79
12339,37.2,58.7,21.78
12340,37.2,58.7,21.78
12341,37.2,58.7,21.78
12342,37.2,58.7,21.78
12343,37.2,58.7,21.78
12344,37.2,58.7,21.78
12345,37.2,58.7,21.77
12346,37.2,58.7,21.77
12347,37.2,58.7,21.77
12348,37.2,58.7,21.77
12349,37.2,58.7,21.77
12350,37.2,58.7,21.77
12351,37.2,58.7,21.76
12352,37.2,58.7,21.76
12353,37.2,58.7,21.76
12354,37.2,58.7,21.76
12355,37.2,58.7,21.76
12356,37.2,58.7,21.75
12357,37.2,58.6,21.75
12358,37.2,58.7,21.75
12359,37.2,58.6,21.75
12360,37.2,58.6,21.75
12361,37.2,58.7,21.75
12362,37.2,58.7,21.74
12363,37.2,58.7,21.74
12364,37.2,58.7,21.74
12365,37.2,58.7,21.74
12366,37.2,58.7,21.74
12367,37.2,58.7,21.74
12368,37.2,58.7,21.73
12369,37.2,58.7,21.73
12370,37.2,58.6,21.73
12371,37.2,58.7,21.73
12372,37.2,58.6,21.73
12373,37.2,58.7,21.72
12374,37.2,58.7,21.72
12375,37.2,58.7,21.72
12376,37.2,58.6,21.72
12377,37.2,58.6,21.72
12378,37.2,58.6,21.72
12379,37.2,58.6,21.71
12380,37.2,58.6,21.71
12381,37.2,58.6,21.71
12382,37.2,58.6,21.71
12383,37.2,58.7,21.71
12384,37.2,58.6,21.71
12385,37.2,58.7,21.7
12386,37.2,58.7,21.7
12387,37.2,58.7,21.7
12388,37.2,58.7,21.7
12389,37.2,58.7,21.7
12390,37.2,58.7,21.69
12391,37.2,58.7,21.69
12392,37.2,58.7,21.69
12393,37.2,58.7,21.69
12394,37.2,58.7,21.69
12395,37.2,58.7,21.69
12396,37.2,58.6,21.68
12397,37.2,58.7,21.68
12398,37.2,58.6,21.68
12399,37.2,58.6,21.68
12400,37.2,58.6,21.68
12401,37.2,58.6,21.68
12402,37.2,58.6,21.67
12403,37.2,58.6,21.67
12404,37.2,58.6,21.67
12405,37.2,58.6,21.67
12406,37.2,58.6,21.67
12407,37.2,58.6,21.67
12408,37.2,58.6,21.66
12409,37.2,58.6,21.66
12410,37.2,58.6,21.66
12411,37.2,58.6,21.66
12412,37.2,58.6,21.66
12413,37.2,58.6,21.65
12414,37.2,58.6,21.65
12415,37.2,58.6,21.65
12416,37.2,58.6,21.65
12417,37.2,58.6,21.65
12418,37.2,58.6,21.65
12419,37.2,58.6,21.64
12420,37.2,58.6,21.64
12421,37.2,58.6,21.64
12422,37.2,58.6,21.64
12423,37.2,58.6,21.64
12424,37.2,58.6,21.64
12425,37.2,58.6,21.63
12426,37.2,58.6,21.63
12427,37.2,58.6,21.63
12428,37.2,58.6,21.63
12429,37.2,58.6,21.63
12430,37.2,58.6,21.63
12431,37.2,58.6,21.62
12432,37.2,58.6,21.62
12433,37.2,58.6,21.62
12434,37.2,58.6,21.62
12435,37.2,58.6,21.62
12436,37.2,58.6,21.61
12437,37.2,58.6,21.61
12438,37.2,58.6,21.61
12439,37.2,58.6,21.61
12440,37.2,58.6,21.61
12441,37.2,58.6,21.61
12442,37.2,58.6,21.6
12443,37.2,58.6,21.6
12444,37.2,58.6,21.6
12445,37.2,58.6,21.6
12446,37.2,58.6,21.6
12447,37.2,58.6,21.6
12448,37.2,58.6,21.59
12449,37.2,58.6,21.59
12450,37.2,58.6,21.59
12451,37.2,58.6,21.59
12452,37.2,58.6,21.59
12453,37.2,58.6,21.59
12454,37.2,58.6,21.58
12455,37.2,58.6,21.58
12456,37.2,58.6,21.58
12457,37.2,58.6,21.58
12458,37.2,58.6,21.58
12459,37.2,58.6,21.57
12460,37.2,58.6,21.57
12461,37.2,58.6,21.57
12462,37.2,58.6,21.57
12463,37.2,58.6,21.57
12464,37.2,58.6,21.57
12465,37.2,58.6,21.56
12466,37.2,58.6,21.56
12467,37.2,58.6,21.56
12468,37.2,58.6,21.56
12469,37.2,58.6,21.56
12470,37.2,58.6,21.56
12471,37.2,58.6,21.55
12472,37.2,58.6,21.55
12473,37.2,58.6,21.55
12474,37.2,58.6,21.55
12475,37.2,58.6,21.55
12476,37.2,58.6,21.55
12477,37.2,58.6,21.54
12478,37.2,58.6,21.54
12479,37.2,58.6,21.54
12480,37.2,58.6,21.54
12481,37.2,58.6,21.54
12482,37.2,58.6,21.54
12483,37.2,58.6,21.53
12484,37.2,58.6,21.53
12485,37.2,58.6,21.53
12486,37.2,58.6,21.53
12487,37.2,58.6,21.53
12488,37.2,58.6,21.52
12489,37.2,58.6,21.52
12490,37.2,58.6,21.52
12491,37.2,58.6,21.52
12492,37.2,58.6,21.52
12493,37.2,58.6,21.52
12494,37.2,58.6,21.51
12495,37.2,58.6,21.51
12496,37.2,58.6,21.51
12497,37.2,58.6,21.51
12498,37.2,58.5,21.51
12499,37.2,58.5,21.51
12500,37.2,58.6,21.5
12501,37.2,58.6,21.5
12502,37.2,58.6,21.5
12503,37.2,58.5,21.5
12504,37.2,58.5,21.5
12505,37.2,58.5,21.5
12506,37.2,58.5,21.49
12507,37.2,58.5,21.49
12508,37.2,58.5,21.49
12509,37.2,58.5,21.49
12510,37.2,58.5,21.49
12511,37.2,58.5,21.49
12512,37.2,58.5,21.48
12513,37.2,58.5,21.48
12514,37.2,58.5,21.48
12515,37.2,58.5,21.48
12516,37.2,58.5,21.48
12517,37.2,58.5,21.47
12518,37.2,58.5,21.47
12519,37.2,58.5,21.47
12520,37.2,58.5,21.47
12521,37.2,58.5,21.47
12522,37.2,58.5,21.47
12523,37.2,58.5,21.46
12524,37.2,58.5,21.46
12525,37.2,58.5,21.46
12526,37.2,58.5,21.46
12527,37.2,58.5,21.46
12528,37.2,58.5,21.46
12529,37.2,58.5,21.45
12530,37.2,58.5,21.45
12531,37.2,58.5,21.45
12532,37.2,58.5,21.45
12533,37.2,58.5,21.45
12534,37.2,58.5,21.45
12535,37.2,58.5,21.44
12536,37.2,58.5,21.44
12537,37.2,58.5,21.44
12538,37.2,58.5,21.44
12539,37.2,58.5,21.44
12540,37.2,58.5,21.44
12541,37.2,58.5,21.43
12542,37.2,58.5,21.43
12543,37.2,58.5,21.43
12544,37.2,58.5,21.43
12545,37.2,58.5,21.43
12546,37.2,58.5,21.43
12547,37.2,58.5,21.42
12548,37.2,58.5,21.42
12549,37.2,58.5,21.42
12550,37.2,58.5,21.42
12551,37.2,58.5,21.42
12552,37.2,58.5,21.41
12553,37.2,58.5,21.41
12554,37.2,58.5,21.41
12555,37.2,58.5,21.41
12556,37.2,58.5,21.41
12557,37.2,58.5,21.41
12558,37.2,58.5,21.4
12559,37.2,58.5,21.4
12560,37.2,58.5,21.4
12561,37.2,58.5,21.4
12562,37.2,58.5,21.4
12563,37.2,58.5,21.4
12564,37.2,58.5,21.39
12565,37.2,58.5,21.39
12566,37.2,58.5,21.39
12567,37.2,58.5,21.39
12568,37.2,58.5,21.39
12569,37.2,58.5,21.39
12570,37.2,58.4,21.38
12571,37.2,58.4,21.38
12572,37.2,58.4,21.38
12573,37.2,58.5,21.38
12574,37.2,58.5,21.38
12575,37.2,58.4,21.38
12576,37.2,58.4,21.37
12577,37.2,58.4,21.37
12578,37.2,58.4,21.37
12579,37.2,58.4,21.37
12580,37.2,58.4,21.37
12581,37.2,58.4,21.37
12582,37.2,58.4,21.36
12583,37.2,58.5,21.36
12584,37.2,58.4,21.36
12585,37.2,58.4,21.36
12586,37.2,58.4,21.48
12587,37.2,58.4,21.48
12588,37.2,58.4,21.48
12589,37.2,58.4,21.48
12590,37.2,58.5,21.47
12591,37.2,58.4,21.47
12592,37.2,58.4,21.47
12593,37.2,58.4,21.47
12594,37.2,58.4,21.47
12595,37.2,58.4,21.46
12596,37.2,58.4,21.46
12597,37.2,58.4,21.46
12598,37.2,58.4,21.46
12599,37.2,58.4,21.46
12600,37.2,58.4,21.46
12601,37.2,58.4,21.45
12602,37.2,58.5,21.45
12603,37.2,58.5,21.45
12604,37.2,58.5,21.45
12605,37.2,58.5,21.45
12606,37.2,58.5,21.45
12607,37.2,58.5,21.44
12608,37.2,58.5,21.44
12609,37.2,58.5,21.44
12610,37.2,58.5,21.44
12611,37.2,58.5,21.44
12612,37.2,58.5,21.44
12613,37.2,58.5,21.43
12614,37.2,58.5,21.43
12615,37.2,58.5,21.43
12616,37.2,58.5,21.43
12617,37.2,58.5,21.43
12618,37.2,58.5,21.43
12619,37.2,58.5,21.42
12620,37.1,58.5,21.55
12621,37.1,58.5,21.55
12622,37.1,58.4,21.55
12623,37.1,58.4,21.55
12624,37.1,58.4,21.55
12625,37.1,58.4,21.54
12626,37.1,58.4,21.54
12627,37.1,58.4,21.54
12628,37.1,58.4,21.54
12629,37.1,58.4,21.54
12630,37.1,58.4,21.54
12631,37.1,58.4,21.53
12632,37.1,58.4,21.53
12633,37.1,58.4,21.53
12634,37.1,58.4,21.53
12635,37.1,58.4,21.53
12636,37.1,58.4,21.53
12637,37.1,58.4,21.52
12638,37.1,58.4,21.52
12639,37.1,58.4,21.52
12640,37.1,58.4,21.68
12641,37.1,58.4,21.68
12642,37.1,58.4,21.67
12643,37.1,58.4,21.67
12644,37.1,58.4,21.67
12645,37.1,58.4,21.67
12646,37.1,58.4,21.67
12647,37.1,58.4,21.67
12648,37.2,58.4,21.83
12649,37.2,58.4,21.83
12650,37.2,58.4,21.83
12651,37.2,58.4,21.83
12652,37.2,58.4,21.83
12653,37.2,58.4,21.82
12654,37.2,58.4,21.82
12655,37.2,58.4,21.82
12656,37.2,58.4,21.82
12657,37.2,58.4,21.82
12658,37.2,58.4,21.82
12659,37.2,58.4,21.81
12660,37.2,58.4,21.81
12661,37.2,58.4,21.81
12662,37.2,58.4,21.81
12663,37.2,58.4,21.81
12664,37.2,58.4,21.81
12665,37.2,58.4,21.8
12666,37.2,58.4,21.8
12667,37.2,58.4,21.8
12668,37.2,58.4,21.8
12669,37.2,58.4,21.8
12670,37.2,58.4,21.8
12671,37.2,58.4,21.79
12672,37.2,58.4,21.79
12673,37.2,58.4,21.79
12674,37.2,58.4,21.79
12675,37.2,58.4,21.79
12676,37.2,58.4,21.79
12677,37.2,58.4,21.78
12678,37.2,58.4,21.78
12679,37.2,58.4,21.78
12680,37.0,58.4,21.86
12681,37.0,58.4,21.86
12682,37.0,58.4,21.86
12683,37.0,58.4,21.86
12684,37.0,58.4,21.85
12685,37.0,58.4,21.85
12686,37.0,58.4,21.85
12687,37.0,58.4,21.85
12688,37.0,58.4,21.85
12689,37.0,58.4,21.85
12690,37.0,58.4,21.84
12691,37.0,58.4,21.84
12692,37.0,58.4,21.84
12693,37.0,58.4,21.84
12694,37.0,58.4,21.84
12695,37.0,58.4,21.84
12696,37.0,58.4,21.83
12697,37.0,58.4,21.83
12698,37.0,58.4,21.83
12699,37.0,58.4,21.83
12700,37.0,58.4,21.83
12701,37.0,58.4,21.83
12702,37.0,58.4,21.82
12703,37.0,58.4,21.82
12704,37.0,58.4,21.82
12705,37.0,58.4,21.82
12706,37.0,58.4,21.82
12707,37.0,58.4,21.81
12708,37.0,58.4,21.81
12709,37.0,58.4,21.81
12710,37.0,58.4,21.81
12711,37.0,58.4,21.81
12712,37.0,58.4,21.81
12713,37.0,58.4,21.8
12714,37.0,58.4,21.8
12715,37.0,58.4,21.8
12716,37.0,58.4,21.8
12717,37.0,58.4,21.8
12718,37.0,58.4,21.8
12719,37.0,58.4,21.79
12720,37.0,58.4,21.79
12721,37.0,58.4,21.79
12722,37.0,58.4,21.92
12723,37.0,58.4,21.92
12724,37.0,58.4,21.92
12725,37.0,58.4,21.91
12726,37.0,58.4,21.91
12727,37.0,58.4,21.91
12728,37.0,58.4,21.91
12729,37.0,58.4,21.91
12730,37.0,58.4,21.9
12731,37.0,58.4,21.9
12732,37.0,58.4,21.9
12733,37.0,58.4,21.9
12734,37.0,58.4,21.9
12735,37.0,58.4,21.9
12736,37.0,58.4,21.89
12737,37.0,58.4,21.89
12738,37.0,58.4,21.89
12739,37.0,58.4,21.89
12740,37.0,58.4,21.89
12741,37.0,58.4,21.89
12742,37.0,58.4,21.88
12743,37.0,58.4,21.88
12744,37.0,58.4,21.88
12745,37.0,58.4,21.88
12746,37.0,58.4,21.88
12747,37.0,58.4,21.88
12748,37.0,58.4,21.87
12749,37.0,58.4,21.87
12750,37.0,58.4,21.87
12751,37.0,58.4,21.87
12752,37.0,58.4,21.87
12753,37.0,58.4,21.87
12754,37.0,58.4,21.86
12755,37.0,58.4,21.86
12756,37.1,58.4,22.04
12757,37.1,58.4,22.04
12758,37.1,58.4,22.04
12759,37.1,58.4,22.04
12760,37.1,58.4,22.04
12761,37.1,58.4,22.04
12762,37.1,58.4,22.03
12763,37.1,58.4,22.03
12764,37.1,58.4,22.03
12765,37.1,58.4,22.03
12766,37.1,58.4,22.03
12767,37.1,58.4,22.03
12768,37.1,58.4,22.02
12769,37.1,58.4,22.02
12770,37.1,58.4,22.02
12771,37.1,58.4,22.02
12772,37.1,58.4,22.02
12773,37.1,58.4,22.02
12774,37.1,58.4,22.01
12775,37.1,58.4,22.01
12776,37.1,58.4,22.01
12777,37.1,58.4,22.01
12778,37.1,58.4,22.01
12779,37.1,58.4,22.0
12780,37.1,58.4,22.0
12781,37.1,58.4,22.0
12782,37.1,58.4,22.0
12783,37.1,58.4,22.0
12784,37.1,58.4,22.0
12785,37.1,58.4,21.99
12786,37.1,58.4,21.99
12787,37.1,58.4,21.99
12788,37.1,58.4,21.99
12789,37.1,58.4,21.99
12790,37.1,58.4,21.99
12791,37.1,58.4,21.98
12792,37.1,58.4,21.98
12793,37.1,58.4,21.98
12794,37.1,58.4,21.98
12795,37.1,58.4,21.98
12796,37.1,58.4,21.98
12797,37.1,58.4,21.97
12798,37.1,58.4,21.97
12799,37.1,58.4,21.97
12800,37.1,58.4,21.97
12801,37.1,58.4,21.97
12802,37.1,58.4,21.97
12803,37.1,58.4,21.96
12804,37.1,58.4,21.96
12805,37.1,58.4,21.96
12806,37.1,58.4,21.96
12807,37.1,58.4,21.96
12808,37.1,58.4,21.96
12809,37.1,58.4,21.95
12810,37.1,58.4,21.95
12811,37.1,58.4,21.95
12812,37.1,58.4,21.95
12813,37.1,58.4,21.95
12814,37.1,58.4,21.94
12815,37.1,58.4,21.94
12816,37.1,58.4,21.94
12817,37.1,58.4,21.94
12818,37.1,58.4,21.94
12819,37.1,58.4,21.94
12820,37.1,58.4,21.93
12821,37.1,58.4,21.93
12822,37.1,58.4,21.93
12823,37.1,58.4,21.93
12824,37.1,58.4,21.93
12825,37.1,58.4,21.93
12826,37.1,58.4,21.92
12827,37.1,58.4,21.92
12828,37.1,58.4,21.92
12829,37.1,58.4,22.11
12830,37.1,58.4,22.11
12831,37.1,58.5,22.11
12832,37.1,58.5,22.11
12833,37.1,58.5,22.11
12834,37.1,58.5,22.11
12835,37.1,58.5,22.1
12836,37.1,58.5,22.1
12837,37.1,58.5,22.1
12838,37.1,58.5,22.1
12839,37.1,58.5,22.1
12840,37.1,58.5,22.1
12841,37.1,58.4,22.09
12842,37.1,58.4,22.09
12843,37.1,58.4,22.09
12844,37.1,58.4,22.09
12845,37.1,58.4,22.09
12846,37.1,58.4,22.08
12847,37.1,58.4,22.08
12848,37.1,58.4,22.08
12849,37.1,58.4,22.08
12850,37.1,58.4,22.08
12851,37.1,58.4,22.08
12852,37.1,58.4,22.07
12853,37.1,58.4,22.07
12854,37.1,58.4,22.07
12855,37.1,58.4,22.07
12856,37.1,58.4,22.07
12857,37.1,58.4,22.07
12858,37.1,58.4,22.06
12859,37.1,58.4,22.06
12860,37.1,58.4,22.06
12861,37.1,58.4,22.06
12862,37.1,58.4,22.06
12863,37.1,58.4,22.06
12864,37.1,58.4,22.05
12865,37.1,58.4,22.05
12866,37.1,58.4,22.05
12867,37.1,58.4,22.05
12868,37.1,58.4,22.05
12869,37.1,58.4,22.05
12870,37.1,58.4,22.04
12871,37.1,58.4,22.04
12872,37.1,58.4,22.04
12873,37.1,58.4,22.04
12874,37.1,58.4,22.04
12875,37.1,58.4,22.03
12876,37.1,58.4,22.03
12877,37.1,58.4,22.03
12878,37.1,58.4,22.03
12879,37.1,58.4,22.03
12880,37.1,58.4,22.03
12881,37.1,58.5,22.02
12882,37.1,58.5,22.02
12883,37.1,58.4,22.02
12884,37.1,58.5,22.02
12885,37.1,58.5,22.02
12886,37.1,58.5,22.02
12887,37.1,58.4,22.01
12888,37.1,58.4,22.01
12889,37.1,58.5,22.01
12890,37.1,58.4,22.01
12891,37.1,58.5,22.01
12892,37.1,58.4,22.01
12893,37.1,58.5,22.0
12894,37.1,58.5,22.0
12895,37.1,58.4,22.0
12896,37.1,58.4,22.0
12897,37.1,58.4,22.0
12898,37.1,58.4,22.0
12899,37.1,58.4,21.99
12900,37.1,58.4,21.99
12901,37.1,58.4,21.99
12902,37.1,58.4,21.99
12903,37.1,58.4,21.99
12904,37.1,58.4,21.99
12905,37.1,58.4,21.98
12906,37.1,58.4,21.98
12907,37.1,58.4,21.98
12908,37.1,58.4,21.98
12909,37.1,58.4,21.98
12910,37.1,58.4,21.98
12911,37.1,58.4,21.97
12912,37.1,58.4,21.97
12913,37.1,58.4,21.97
12914,37.1,58.4,21.97
12915,37.1,58.4,21.97
12916,37.1,58.4,21.97
12917,37.1,58.4,21.96
12918,37.1,58.4,21.96
12919,37.1,58.4,21.96
12920,37.1,58.4,21.96
12921,37.1,58.4,21.96
12922,37.1,58.4,21.95
12923,37.1,58.4,21.95
12924,37.1,58.4,21.95
12925,37.1,58.4,21.95
12926,37.1,58.4,21.95
12927,37.1,58.4,21.95
12928,37.1,58.4,21.94
12929,37.1,58.4,21.94
12930,37.1,58.4,21.94
12931,37.1,58.4,21.94
12932,37.1,58.4,21.94
12933,37.1,58.4,21.94
12934,37.1,58.4,21.93
12935,37.1,58.4,21.93
12936,37.1,58.4,21.93
12937,37.1,58.4,21.93
12938,37.1,58.4,21.93
12939,37.1,58.4,21.93
12940,37.1,58.4,21.92
12941,37.1,58.4,21.92
12942,37.1,58.4,21.92
12943,37.1,58.4,21.92
12944,37.1,58.4,21.92
12945,37.1,58.4,21.92
12946,37.1,58.4,21.91
12947,37.1,58.4,21.91
12948,37.1,58.4,21.91
12949,37.1,58.4,21.91
12950,37.1,58.4,21.91
12951,37.1,58.4,21.91
12952,37.1,58.4,21.9
12953,37.1,58.4,21.9
12954,37.1,58.4,21.9
12955,37.1,58.4,21.9
12956,37.1,58.4,21.9
12957,37.1,58.4,21.9
12958,37.1,58.5,21.89
12959,37.1,58.4,21.89
12960,37.1,58.4,21.89
12961,37.1,58.4,21.89
12962,37.1,58.4,21.89
12963,37.1,58.4,21.89
12964,37.1,58.4,21.88
12965,37.1,58.4,21.88
12966,37.1,58.4,21.88
12967,37.1,58.4,21.88
12968,37.1,58.4,21.88
12969,37.1,58.4,21.88
12970,37.1,58.4,21.87
12971,37.1,58.4,21.87
12972,37.1,58.4,21.87
12973,37.1,58.4,21.87
12974,37.1,58.4,21.87
12975,37.1,58.4,21.87
12976,37.1,58.4,21.86
12977,37.1,58.4,21.86
12978,37.1,58.4,21.86
12979,37.1,58.4,21.86
12980,37.1,58.5,21.86
12981,37.1,58.5,21.86
12982,37.1,58.5,21.85
12983,37.1,58.5,21.85
12984,37.1,58.5,21.85
12985,37.1,58.5,21.85
12986,37.1,58.5,21.85
12987,37.1,58.5,21.84
12988,37.1,58.4,21.84
12989,37.1,58.4,21.84
12990,37.1,58.5,21.84
12991,37.1,58.4,21.84
12992,37.1,58.5,21.84
12993,37.1,58.4,21.83
12994,37.1,58.4,21.83
12995,37.1,58.4,21.83
12996,37.1,58.4,21.83
12997,37.1,58.4,21.83
12998,37.1,58.4,21.83
12999,37.1,58.4,21.82
13000,37.1,58.4,21.82
13001,37.1,58.4,21.82
13002,37.1,58.4,21.82
13003,37.1,58.4,21.82
13004,37.1,58.4,21.82
13005,37.1,58.4,21.81
13006,37.1,58.4,21.81
13007,37.1,58.4,21.81
13008,37.1,58.4,21.81
13009,37.1,58.4,21.81
13010,37.1,58.4,21.81
13011,37.1,58.4,21.8
13012,37.1,58.4,21.8
13013,37.1,58.4,21.8
13014,37.1,58.4,21.8
13015,37.1,58.4,21.8
13016,37.1,58.4,21.8
13017,37.1,58.4,21.79
13018,37.1,58.4,21.79
13019,37.1,58.4,21.79
13020,37.1,58.4,21.79
13021,37.1,58.4,21.79
13022,37.1,58.4,21.79
13023,37.1,58.4,21.78
13024,37.1,58.4,21.78
13025,37.1,58.4,21.78
13026,37.1,58.4,21.78
13027,37.1,58.4,21.78
13028,37.1,58.4,21.78
13029,37.1,58.4,21.77
13030,37.1,58.4,21.77
13031,37.1,58.4,21.77
13032,37.1,58.4,21.77
13033,37.1,58.4,21.77
13034,37.1,58.4,21.77
13035,37.1,58.4,21.76
13036,37.1,58.4,21.76
13037,37.1,58.4,21.76
13038,37.1,58.4,21.76
13039,37.1,58.4,21.76
13040,37.1,58.4,21.76
13041,37.1,58.4,21.75
13042,37.1,58.4,21.75
13043,37.1,58.4,21.75
13044,37.1,58.4,21.75
13045,37.1,58.4,21.75
13046,37.1,58.4,21.75
13047,37.1,58.4,21.74
13048,37.1,58.4,21.74
13049,37.1,58.4,21.74
13050,37.1,58.4,21.74
13051,37.1,58.4,21.74
13052,37.1,58.4,21.74
13053,37.1,58.4,21.73
13054,37.1,58.4,21.73
13055,37.1,58.4,21.73
13056,37.1,58.4,21.73
13057,37.1,58.4,21.73
13058,37.1,58.4,21.73
13059,37.1,58.4,21.72
13060,37.1,58.4,21.72
13061,37.1,58.4,21.72
13062,37.1,58.4,21.72
13063,37.1,58.4,21.72
13064,37.1,58.4,21.72
13065,37.1,58.4,21.71
13066,37.1,58.4,21.71
13067,37.1,58.4,21.71
13068,37.1,58.4,21.71
13069,37.1,58.4,21.71
13070,37.1,58.4,21.71
13071,37.1,58.4,21.7
13072,37.1,58.4,21.7
13073,37.1,58.4,21.7
13074,37.1,58.4,21.7
13075,37.1,58.4,21.7
13076,37.1,58.4,21.7
13077,37.1,58.4,21.69
13078,37.1,58.4,21.69
13079,37.1,58.4,21.69
13080,37.1,58.4,21.69
13081,37.1,58.4,21.69
13082,37.1,58.4,21.69
13083,37.1,58.4,21.68
13084,37.1,58.4,21.68
13085,37.1,58.4,21.68
13086,37.1,58.4,21.68
13087,37.1,58.4,21.68
13088,37.1,58.4,21.68
13089,37.1,58.4,21.67
13090,37.1,58.4,21.67
13091,37.1,58.4,21.67
13092,37.1,58.4,21.67
13093,37.1,58.4,21.67
13094,37.1,58.4,21.67
13095,37.1,58.4,21.66
13096,37.1,58.4,21.66
13097,37.1,58.4,21.66
13098,37.1,58.4,21.66
13099,37.1,58.4,21.66
13100,37.1,58.4,21.66
13101,37.1,58.4,21.65
13102,37.1,58.4,21.65
13103,37.1,58.4,21.65
13104,37.1,58.4,21.65
13105,37.1,58.4,21.65
13106,37.1,58.4,21.65
13107,37.1,58.4,21.64
13108,37.1,58.4,21.64
13109,37.1,58.4,21.64
13110,37.1,58.4,21.64
13111,37.1,58.4,21.64
13112,37.1,58.4,21.64
13113,37.1,58.4,21.64
13114,37.1,58.4,21.63
13115,37.1,58.4,21.63
13116,37.1,58.4,21.63
13117,37.1,58.4,21.63
13118,37.1,58.4,21.63
13119,37.1,58.4,21.63
13120,37.1,58.4,21.62
13121,37.1,58.4,21.62
13122,37.1,58.4,21.62
13123,37.1,58.4,21.62
13124,37.1,58.4,21.62
13125,37.1,58.4,21.62
13126,37.1,58.4,21.61
13127,37.1,58.4,21.61
13128,37.1,58.4,21.61
13129,37.1,58.4,21.61
13130,37.1,58.4,21.61
13131,37.1,58.4,21.61
13132,37.1,58.4,21.6
13133,37.1,58.4,21.6
13134,37.1,58.4,21.6
13135,37.1,58.4,21.6
13136,37.1,58.4,21.6
13137,37.1,58.4,21.6
13138,37.1,58.4,21.59
13139,37.1,58.4,21.59
13140,37.1,58.4,21.59
13141,37.1,58.4,21.59
13142,37.1,58.4,21.59
13143,37.1,58.4,21.59
13144,37.1,58.4,21.58
13145,37.1,58.4,21.58
13146,37.1,58.4,21.58
13147,37.1,58.4,21.58
13148,37.1,58.4,21.58
13149,37.1,58.4,21.58
13150,37.1,58.4,21.57
13151,37.1,58.4,21.57
13152,37.1,58.4,21.57
13153,37.1,58.4,21.57
13154,37.1,58.4,21.57
13155,37.1,58.4,21.57
13156,37.1,58.4,21.56
13157,37.1,58.4,21.56
13158,37.1,58.4,21.56
13159,37.1,58.4,21.56
13160,37.1,58.4,21.56
13161,37.1,58.4,21.56
13162,37.1,58.4,21.55
13163,37.1,58.4,21.55
13164,37.1,58.4,21.55
13165,37.1,58.4,21.55
13166,37.1,58.4,21.55
13167,37.1,58.4,21.55
13168,37.1,58.4,21.54
13169,37.1,58.4,21.54
13170,37.1,58.4,21.54
13171,37.1,58.4,21.54
13172,37.1,58.4,21.54
13173,37.1,58.4,21.54
13174,37.1,58.4,21.53
13175,37.1,58.4,21.53
13176,37.1,58.4,21.53
13177,37.1,58.4,21.53
13178,37.1,58.4,21.53
13179,37.1,58.4,21.53
13180,37.1,58.4,21.53
13181,37.1,58.3,21.52
13182,37.1,58.3,21.52
13183,37.1,58.3,21.52
13184,37.1,58.3,21.52
13185,37.1,58.3,21.52
13186,37.1,58.3,21.52
13187,37.1,58.3,21.51
13188,37.1,58.3,21.51
13189,37.1,58.3,21.51
13190,37.1,58.3,21.51
13191,37.1,58.3,21.51
13192,37.1,58.3,21.51
13193,37.1,58.3,21.5
13194,37.1,58.3,21.5
13195,37.2,58.3,21.69
13196,37.2,58.3,21.69
13197,37.2,58.3,21.69
13198,37.2,58.3,21.69
13199,37.2,58.3,21.69
13200,37.2,58.3,21.69
13201,37.2,58.3,21.68
13202,37.2,58.3,21.68
13203,37.2,58.3,21.68
13204,37.2,58.3,21.68
13205,37.2,58.3,21.68
13206,37.2,58.3,21.68
13207,37.2,58.3,21.67
13208,37.2,58.3,21.67
13209,37.2,58.3,21.67
13210,37.2,58.3,21.67
13211,37.2,58.3,21.67
13212,37.2,58.3,21.67
13213,37.2,58.3,21.66
13214,37.2,58.3,21.66
13215,37.2,58.3,21.66
13216,37.2,58.3,21.66
13217,37.2,58.3,21.66
13218,37.2,58.3,21.66
13219,37.2,58.3,21.65
13220,37.2,58.3,21.65
13221,37.2,58.3,21.65
13222,37.2,58.3,21.65
13223,37.2,58.3,21.65
13224,37.2,58.3,21.65
13225,37.2,58.3,21.64
13226,37.2,58.3,21.64
13227,37.2,58.3,21.64
13228,37.2,58.3,21.64
13229,37.2,58.3,21.64
13230,37.2,58.3,21.64
13231,37.2,58.3,21.63
13232,37.2,58.3,21.63
13233,37.2,58.3,21.63
13234,37.2,58.3,21.63
13235,37.2,58.3,21.63
13236,37.2,58.3,21.63
13237,37.2,58.3,21.62
13238,37.2,58.3,21.62
13239,37.2,58.3,21.62
13240,37.2,58.3,21.62
13241,37.2,58.3,21.62
13242,37.2,58.3,21.62
13243,37.2,58.3,21.62
13244,37.2,58.3,21.61
13245,37.2,58.3,21.61
13246,37.2,58.3,21.61
13247,37.2,58.3,21.61
13248,37.2,58.3,21.61
13249,37.2,58.3,21.61
13250,37.2,58.3,21.6
13251,37.2,58.3,21.6
13252,37.2,58.3,21.6
13253,37.2,58.3,21.6
13254,37.2,58.3,21.6
13255,37.2,58.3,21.6
13256,37.2,58.3,21.59
13257,37.2,58.3,21.59
13258,37.2,58.3,21.59
13259,37.2,58.3,21.59
13260,37.2,58.3,21.59
13261,37.2,58.3,21.59
13262,37.2,58.3,21.58
13263,37.2,58.3,21.58
13264,37.2,58.3,21.58
13265,37.2,58.3,21.58
13266,37.2,58.3,21.58
13267,37.2,58.3,21.58
13268,37.2,58.3,21.57
13269,37.2,58.3,21.57
13270,37.2,58.3,21.57
13271,37.2,58.3,21.57
13272,37.2,58.3,21.57
13273,37.2,58.3,21.57
13274,37.2,58.3,21.56
13275,37.2,58.3,21.56
13276,37.2,58.3,21.56
13277,37.2,58.3,21.56
13278,37.2,58.2,21.56
13279,37.2,58.2,21.56
13280,37.2,58.3,21.55
13281,37.2,58.2,21.55
13282,37.2,58.3,21.55
13283,37.2,58.2,21.55
13284,37.2,58.3,21.68
13285,37.2,58.2,21.67
13286,37.2,58.2,21.67
13287,37.2,58.2,21.67
13288,37.2,58.2,21.67
13289,37.2,58.3,21.67
13290,37.2,58.3,21.67
13291,37.2,58.2,21.67
13292,37.2,58.3,21.66
13293,37.2,58.2,21.66
13294,37.2,58.3,21.66
13295,37.2,58.3,21.66
13296,37.2,58.3,21.66
13297,37.2,58.3,21.66
13298,37.2,58.3,21.65
13299,37.2,58.3,21.65
13300,37.2,58.3,21.65
13301,37.2,58.3,21.65
13302,37.2,58.3,21.65
13303,37.2,58.3,21.65
13304,37.2,58.3,21.64
13305,37.2,58.3,21.64
13306,37.2,58.3,21.64
13307,37.2,58.3,21.64
13308,37.2,58.3,21.64
13309,37.2,58.3,21.64
13310,37.2,58.3,21.63
13311,37.2,58.3,21.63
13312,37.2,58.3,21.63
13313,37.2,58.3,21.63
13314,37.2,58.3,21.63
13315,37.2,58.3,21.63
13316,37.2,58.3,21.62
13317,37.2,58.3,21.62
13318,37.2,58.3,21.62
13319,37.2,58.3,21.62
13320,37.2,58.3,21.62
13321,37.2,58.3,21.62
13322,37.2,58.3,21.61
13323,37.2,58.3,21.61
13324,37.2,58.3,21.61
13325,37.2,58.3,21.61
13326,37.2,58.3,21.61
13327,37.2,58.3,21.61
13328,37.2,58.3,21.6
13329,37.2,58.3,21.6
13330,37.2,58.3,21.6
13331,37.2,58.3,21.6
13332,37.2,58.3,21.6
13333,37.1,58.3,21.72
13334,37.1,58.3,21.72
13335,37.1,58.3,21.72
13336,37.1,58.3,21.72
13337,37.3,58.3,21.97
13338,37.3,58.3,21.97
13339,37.3,58.3,21.97
13340,37.3,58.3,21.96
13341,37.3,58.3,21.96
13342,37.3,58.3,21.96
13343,37.3,58.3,21.96
13344,37.3,58.3,21.96
13345,37.3,58.3,21.96
13346,37.3,58.3,21.95
13347,37.3,58.3,21.95
13348,37.3,58.3,21.95
13349,37.3,58.3,21.95
13350,37.3,58.3,21.95
13351,37.3,58.3,21.95
13352,37.3,58.3,21.94
13353,37.3,58.3,21.94
13354,37.3,58.3,21.94
13355,37.3,58.3,21.94
13356,37.3,58.3,21.94
13357,37.3,58.3,21.94
13358,37.3,58.3,21.93
13359,37.3,58.3,21.93
13360,37.3,58.3,21.93
13361,37.3,58.3,21.93
13362,37.3,58.3,21.93
13363,37.3,58.3,21.93
13364,37.3,58.3,21.92
13365,37.3,58.3,21.92
13366,37.3,58.3,21.92
13367,37.3,58.3,21.92
13368,37.3,58.3,21.92
13369,37.3,58.3,21.92
13370,37.3,58.3,21.91
13371,37.3,58.3,21.91
13372,37.3,58.3,21.91
13373,37.3,58.3,21.91
13374,37.3,58.3,21.91
13375,37.3,58.3,21.91
13376,37.3,58.3,21.9
13377,37.3,58.3,21.9
13378,37.3,58.3,21.9
13379,37.3,58.3,21.9
13380,37.3,58.3,21.9
13381,37.3,58.3,21.9
13382,37.3,58.3,21.9
13383,37.3,58.3,21.89
13384,37.3,58.3,21.89
13385,37.3,58.3,21.89
13386,37.3,58.3,21.89
13387,37.3,58.3,21.89
13388,37.3,58.3,21.89
13389,37.3,58.3,21.88
13390,37.3,58.3,21.88
13391,37.3,58.3,21.88
13392,37.3,58.3,21.88
13393,37.3,58.3,21.88
13394,37.3,58.3,21.88
13395,37.3,58.3,21.87
13396,37.3,58.3,21.87
13397,37.3,58.3,21.87
13398,37.3,58.3,21.97
13399,37.3,58.3,21.97
13400,37.3,58.3,21.97
13401,37.3,58.3,21.97
13402,37.3,58.3,21.97
13403,37.3,58.3,21.97
13404,37.1,58.3,22.04
13405,37.1,58.3,22.04
13406,37.1,58.3,22.03
13407,37.1,58.3,22.03
13408,37.1,58.3,22.03
13409,37.1,58.3,22.03
13410,37.1,58.3,22.03
13411,37.1,58.3,22.03
13412,37.1,58.3,22.03
13413,37.1,58.3,22.02
13414,37.1,58.3,22.02
13415,37.1,58.3,22.02
13416,37.1,58.3,22.02
13417,37.1,58.3,22.02
13418,37.1,58.3,22.02
13419,37.1,58.3,22.01
13420,37.1,58.3,22.01
13421,37.1,58.3,22.01
13422,37.1,58.3,22.01
13423,37.1,58.3,22.01
13424,37.1,58.3,22.01
13425,37.1,58.3,22.0
13426,37.1,58.3,22.0
13427,37.1,58.3,22.0
13428,37.1,58.3,22.0
13429,37.1,58.3,22.0
13430,37.1,58.3,22.0
13431,37.1,58.3,21.99
13432,37.1,58.3,21.99
13433,37.1,58.3,21.99
13434,37.1,58.3,21.99
13435,37.1,58.3,21.99
13436,37.1,58.3,21.99
13437,37.1,58.3,21.98
13438,37.1,58.3,21.98
13439,37.1,58.3,21.98
13440,37.1,58.3,21.98
13441,37.1,58.3,21.98
13442,37.1,58.3,21.98
13443,37.1,58.3,21.97
13444,37.1,58.3,21.97
13445,37.1,58.3,21.97
13446,37.1,58.3,21.97
13447,37.1,58.3,21.97
13448,37.1,58.3,21.97
13449,37.1,58.3,21.96
13450,37.1,58.3,21.96
13451,37.1,58.3,21.96
13452,37.1,58.3,21.96
13453,37.1,58.3,21.96
13454,37.1,58.3,21.96
13455,37.1,58.3,21.95
13456,37.1,58.3,21.95
13457,37.1,58.3,21.95
13458,37.1,58.3,21.95
13459,37.1,58.3,21.95
13460,37.1,58.3,21.95
13461,37.1,58.3,21.94
13462,37.1,58.3,21.94
13463,37.1,58.3,21.94
13464,37.1,58.3,21.94
13465,37.1,58.3,21.94
13466,37.1,58.3,21.94
13467,37.1,58.3,21.94
13468,37.1,58.3,21.93
13469,37.1,58.3,21.93
13470,37.1,58.3,21.93
13471,37.1,58.3,21.93
13472,37.1,58.3,21.93
13473,37.1,58.3,21.93
13474,37.1,58.3,21.92
13475,37.1,58.3,21.92
13476,37.1,58.3,21.92
13477,37.1,58.3,21.92
13478,37.1,58.3,21.92
13479,37.1,58.3,21.92
13480,37.1,58.3,21.91
13481,37.1,58.3,21.91
13482,37.1,58.3,21.91
13483,37.1,58.3,21.91
13484,37.1,58.3,21.91
13485,37.1,58.3,21.91
13486,37.1,58.3,21.9
13487,37.1,58.3,21.9
13488,37.1,58.3,21.9
13489,37.1,58.3,21.9
13490,37.1,58.3,21.9
13491,37.1,58.3,21.9
13492,37.1,58.3,21.89
13493,37.1,58.3,21.89
13494,37.1,58.3,21.89
13495,37.1,58.3,21.89
13496,37.1,58.3,21.89
13497,37.1,58.3,21.89
13498,37.1,58.3,21.88
13499,37.1,58.3,21.88
13500,37.1,58.3,21.88
13501,37.1,58.3,21.88
13502,37.1,58.3,21.88
13503,37.1,58.3,21.88
13504,37.1,58.3,21.88
13505,37.1,58.3,21.87
13506,37.1,58.3,21.87
13507,37.1,58.3,21.87
13508,37.1,58.3,21.87
13509,37.1,58.3,21.87
13510,37.1,58.3,21.87
13511,37.1,58.3,21.86
13512,37.1,58.3,21.86
13513,37.1,58.3,21.86
13514,37.1,58.3,21.86
13515,37.1,58.3,21.86
13516,37.1,58.3,21.86
13517,37.1,58.3,21.85
13518,37.1,58.3,21.85
13519,37.1,58.3,21.85
13520,37.1,58.3,21.85
13521,37.1,58.3,21.85
13522,37.1,58.3,21.85
13523,37.1,58.3,21.84
13524,37.1,58.3,21.84
13525,37.1,58.3,21.84
13526,37.1,58.3,21.84
13527,37.1,58.3,21.84
13528,37.1,58.3,21.84
13529,37.1,58.3,21.83
13530,37.1,58.3,21.83
13531,37.1,58.3,21.83
13532,37.1,58.3,21.83
13533,37.1,58.3,21.83
13534,37.1,58.3,21.83
13535,37.1,58.3,21.82
13536,37.1,58.3,21.82
13537,37.1,58.3,21.82
13538,37.1,58.3,21.82
13539,37.1,58.3,21.82
13540,37.1,58.3,21.82
13541,37.1,58.3,21.94
13542,37.1,58.3,21.94
13543,37.1,58.3,21.94
13544,37.1,58.3,22.1
13545,37.1,58.3,22.1
13546,37.1,58.3,22.1
13547,37.1,58.3,22.09
13548,37.1,58.3,22.09
13549,37.1,58.3,22.09
13550,37.1,58.3,22.09
13551,37.1,58.3,22.09
13552,37.1,58.3,22.09
13553,37.1,58.3,22.08
13554,37.1,58.3,22.08
13555,37.1,58.3,22.08
13556,37.1,58.3,22.08
13557,37.1,58.3,22.08
13558,37.1,58.3,22.08
13559,37.1,58.3,22.07
13560,37.1,58.3,22.07
13561,37.1,58.3,22.07
13562,37.1,58.3,22.07
13563,37.1,58.3,22.07
13564,37.1,58.3,22.07
13565,37.1,58.3,22.06
13566,37.1,58.3,22.06
13567,37.1,58.3,22.06
13568,37.1,58.3,22.06
13569,37.1,58.3,22.06
13570,37.1,58.3,22.06
13571,37.1,58.3,22.05
13572,37.1,58.3,22.05
13573,37.1,58.4,22.05
13574,37.1,58.3,22.05
13575,37.1,58.3,22.05
13576,37.1,58.3,22.05
13577,37.1,58.3,22.04
13578,37.1,58.3,22.04
13579,37.3,58.3,22.28
13580,37.3,58.3,22.28
13581,37.3,58.3,22.27
13582,37.3,58.3,22.27
13583,37.3,58.3,22.27
13584,37.3,58.3,22.27
13585,37.3,58.3,22.27
13586,37.3,58.3,22.27
13587,37.3,58.3,22.26
13588,37.3,58.3,22.26
13589,37.3,58.3,22.26
13590,37.3,58.3,22.26
13591,37.3,58.3,22.26
13592,37.3,58.3,22.26
13593,37.3,58.3,22.25
13594,37.3,58.3,22.25
13595,37.3,58.3,22.25
13596,37.3,58.3,22.25
13597,37.3,58.3,22.25
13598,37.3,58.3,22.25
13599,37.3,58.3,22.24
13600,37.3,58.3,22.24
13601,37.3,58.3,22.24
13602,37.3,58.3,22.24
13603,37.3,58.3,22.24
13604,37.3,58.3,22.24
13605,37.3,58.3,22.23
13606,37.3,58.3,22.23
13607,37.3,58.3,22.23
13608,37.3,58.3,22.23
13609,37.3,58.3,22.23
13610,37.3,58.3,22.23
13611,37.3,58.3,22.22
13612,37.3,58.3,22.22
13613,37.3,58.3,22.22
13614,37.3,58.3,22.22
13615,37.3,58.3,22.22
13616,37.3,58.3,22.22
13617,37.3,58.3,22.21
13618,37.3,58.3,22.21
13619,37.3,58.4,22.21
13620,37.3,58.3,22.21
13621,37.3,58.4,22.21
13622,37.3,58.3,22.21
13623,37.3,58.3,22.21
13624,37.3,58.3,22.2
13625,37.3,58.3,22.2
13626,37.3,58.4,22.2
13627,37.3,58.3,22.2
13628,37.3,58.4,22.2
13629,37.3,58.3,22.2
13630,37.3,58.3,22.19
13631,37.3,58.4,22.19
13632,37.3,58.4,22.19
13633,37.3,58.4,22.19
13634,37.3,58.3,22.19
13635,37.3,58.3,22.19
13636,37.3,58.3,22.18
13637,37.3,58.3,22.18
13638,37.3,58.3,22.18
13639,37.3,58.3,22.18
13640,37.3,58.4,22.18
13641,37.3,58.4,22.18
13642,37.2,58.3,22.28
13643,37.2,58.4,22.28
13644,37.2,58.4,22.28
13645,37.2,58.4,22.28
13646,37.2,58.4,22.27
13647,37.2,58.4,22.27
13648,37.2,58.4,22.27
13649,37.2,58.4,22.27
13650,37.2,58.4,22.27
13651,37.2,58.4,22.27
13652,37.2,58.4,22.26
13653,37.2,58.4,22.26
13654,37.2,58.4,22.26
13655,37.2,58.4,22.26
13656,37.2,58.4,22.26
13657,37.2,58.4,22.26
13658,37.2,58.4,22.25
13659,37.2,58.4,22.25
13660,37.2,58.4,22.25
13661,37.2,58.4,22.25
13662,37.2,58.4,22.25
13663,37.2,58.4,22.25
13664,37.2,58.4,22.24
13665,37.2,58.4,22.24
13666,37.2,58.4,22.24
13667,37.2,58.4,22.24
13668,37.2,58.4,22.24
13669,37.2,58.4,22.24
13670,37.2,58.4,22.23
13671,37.2,58.4,22.23
13672,37.2,58.4,22.23
13673,37.2,58.4,22.23
13674,37.2,58.4,22.23
13675,37.2,58.4,22.23
13676,37.2,58.4,22.23
13677,37.2,58.4,22.22
13678,37.2,58.4,22.22
13679,37.2,58.4,22.22
13680,37.2,58.4,22.22
13681,37.2,58.4,22.22
13682,37.2,58.4,22.22
13683,37.2,58.4,22.21
13684,37.2,58.4,22.21
13685,37.2,58.4,22.21
13686,37.2,58.4,22.21
13687,37.2,58.4,22.21
13688,37.2,58.4,22.21
13689,37.2,58.4,22.2
13690,37.2,58.4,22.2
13691,37.2,58.4,22.2
13692,37.2,58.4,22.2
13693,37.2,58.4,22.2
13694,37.2,58.4,22.2
13695,37.2,58.4,22.19
13696,37.2,58.4,22.19
13697,37.2,58.4,22.19
13698,37.2,58.4,22.19
13699,37.2,58.4,22.19
13700,37.2,58.4,22.19
13701,37.2,58.4,22.18
13702,37.2,58.4,22.18
13703,37.2,58.4,22.18
13704,37.2,58.4,22.18
13705,37.2,58.4,22.18
13706,37.2,58.4,22.18
13707,37.2,58.4,22.17
13708,37.2,58.4,22.17
13709,37.2,58.4,22.17
13710,37.2,58.4,22.17
13711,37.2,58.4,22.17
13712,37.2,58.4,22.17
13713,37.2,58.4,22.17
13714,37.2,58.4,22.16
13715,37.2,58.4,22.16
13716,37.2,58.4,22.16
13717,37.2,58.4,22.16
13718,37.2,58.4,22.16
13719,37.2,58.4,22.16
13720,37.2,58.4,22.15
13721,37.2,58.4,22.15
13722,37.2,58.4,22.15
13723,37.2,58.4,22.15
13724,37.2,58.4,22.15
13725,37.2,58.4,22.15
13726,37.2,58.4,22.14
13727,37.2,58.4,22.14
13728,37.2,58.4,22.14
13729,37.2,58.4,22.14
13730,37.2,58.4,22.14
13731,37.2,58.4,22.14
13732,37.2,58.4,22.13
13733,37.2,58.4,22.13
13734,37.2,58.4,22.13
13735,37.2,58.4,22.13
13736,37.2,58.4,22.13
13737,37.2,58.4,22.13
13738,37.2,58.4,22.12
13739,37.2,58.4,22.12
13740,37.2,58.4,22.12
13741,37.2,58.4,22.12
13742,37.2,58.4,22.12
13743,37.2,58.4,22.12
13744,37.2,58.4,22.12
13745,37.2,58.4,22.11
13746,37.2,58.4,22.11
13747,37.2,58.4,22.11
13748,37.2,58.5,22.11
13749,37.2,58.5,22.11
13750,37.2,58.5,22.11
13751,37.2,58.5,22.1
13752,37.2,58.5,22.1
13753,37.2,58.5,22.1
13754,37.2,58.5,22.1
13755,37.2,58.5,22.1
13756,37.2,58.5,22.1
13757,37.2,58.5,22.09
13758,37.2,58.5,22.09
13759,37.2,58.5,22.09
13760,37.2,58.5,22.09
13761,37.2,58.5,22.09
13762,37.2,58.5,22.09
13763,37.2,58.5,22.08
13764,37.2,58.5,22.08
13765,37.2,58.5,22.08
13766,37.2,58.5,22.08
13767,37.2,58.5,22.08
13768,37.2,58.5,22.08
13769,37.2,58.5,22.07
13770,37.2,58.5,22.07
13771,37.2,58.5,22.07
13772,37.2,58.5,22.07
13773,37.2,58.5,22.07
13774,37.2,58.5,22.07
13775,37.2,58.5,22.07
13776,37.2,58.5,22.06
13777,37.2,58.5,22.06
13778,37.2,58.5,22.06
13779,37.2,58.5,22.06
13780,37.2,58.5,22.06
13781,37.2,58.5,22.06
13782,37.2,58.5,22.05
13783,37.2,58.5,22.05
13784,37.2,58.5,22.05
13785,37.2,58.5,22.05
13786,37.2,58.5,22.05
13787,37.2,58.5,22.05
13788,37.2,58.5,22.04
13789,37.2,58.5,22.04
13790,37.2,58.5,22.04
13791,37.2,58.5,22.04
13792,37.2,58.5,22.04
13793,37.2,58.5,22.04
13794,37.2,58.5,22.03
13795,37.2,58.5,22.03
13796,37.2,58.5,22.03
13797,37.2,58.5,22.03
13798,37.2,58.5,22.03
13799,37.2,58.5,22.03
13800,37.2,58.5,22.03
13801,37.2,58.5,22.02
13802,37.2,58.5,22.02
13803,37.2,58.5,22.02
13804,37.2,58.5,22.02
13805,37.2,58.5,22.02
13806,37.2,58.5,22.02
13807,37.2,58.5,22.01
13808,37.2,58.5,22.01
13809,37.2,58.5,22.01
13810,37.2,58.5,22.01
13811,37.2,58.5,22.01
13812,37.2,58.5,22.01
13813,37.2,58.5,22.0
13814,37.2,58.5,22.0
13815,37.2,58.5,22.0
13816,37.2,58.5,22.0
13817,37.2,58.5,22.0
13818,37.2,58.5,22.0
13819,37.2,58.5,22.0
13820,37.2,58.5,21.99
13821,37.2,58.5,21.99
13822,37.2,58.5,21.99
13823,37.2,58.5,21.99
13824,37.2,58.5,21.99
13825,37.2,58.5,21.99
13826,37.2,58.5,21.98
13827,37.2,58.5,21.98
13828,37.2,58.5,21.98
13829,37.2,58.5,21.98
13830,37.2,58.5,21.98
13831,37.2,58.5,21.98
13832,37.2,58.5,21.97
13833,37.2,58.5,21.97
13834,37.2,58.5,21.97
13835,37.2,58.5,21.97
13836,37.2,58.6,21.97
13837,37.2,58.6,21.97
13838,37.1,58.5,22.03
13839,37.1,58.6,22.03
13840,37.1,58.6,22.03
13841,37.1,58.6,22.03
13842,37.1,58.5,22.02
13843,37.1,58.5,22.02
13844,37.1,58.6,22.02
13845,37.1,58.6,22.02
13846,37.1,58.6,22.02
13847,37.1,58.6,22.02
13848,37.1,58.6,22.01
13849,37.1,58.6,22.01
13850,37.1,58.6,22.01
13851,37.1,58.6,22.01
13852,37.1,58.5,22.01
13853,37.1,58.5,22.01
13854,37.1,58.5,22.0
13855,37.1,58.5,22.0
13856,37.1,58.5,22.0
13857,37.1,58.5,22.0
13858,37.1,58.5,22.0
13859,37.1,58.5,22.0
13860,37.1,58.5,21.99
13861,37.1,58.5,21.99
13862,37.1,58.5,21.99
13863,37.1,58.5,21.99
13864,37.1,58.5,21.99
13865,37.1,58.5,21.99
13866,37.1,58.5,21.99
13867,37.1,58.5,21.98
13868,37.1,58.5,21.98
13869,37.1,58.5,21.98
13870,37.1,58.5,21.98
13871,37.1,58.5,21.98
13872,37.0,58.5,22.07
13873,37.0,58.5,22.07
13874,37.0,58.5,22.07
13875,37.0,58.5,22.06
13876,37.0,58.5,22.06
13877,37.0,58.5,22.06
13878,37.0,58.5,22.06
13879,37.0,58.5,22.06
13880,37.0,58.5,22.06
13881,37.0,58.5,22.06
13882,37.0,58.5,22.05
13883,37.0,58.5,22.05
13884,37.0,58.5,22.05
13885,37.0,58.5,22.05
13886,37.0,58.5,22.05
13887,37.0,58.5,22.05
13888,37.0,58.5,22.04
13889,37.0,58.5,22.04
13890,37.0,58.5,22.04
13891,37.0,58.5,22.04
13892,37.0,58.5,22.04
13893,37.0,58.5,22.04
13894,37.0,58.5,22.03
13895,37.0,58.5,22.03
13896,37.0,58.5,22.03
13897,37.0,58.5,22.03
13898,37.0,58.5,22.03
13899,37.0,58.5,22.03
13900,37.0,58.5,22.03
13901,37.0,58.5,22.02
13902,37.0,58.5,22.02
13903,37.0,58.5,22.02
13904,37.0,58.5,22.02
13905,37.0,58.5,22.02
13906,37.0,58.5,22.02
13907,37.0,58.5,22.01
13908,37.0,58.5,22.01
13909,37.0,58.5,22.01
13910,37.0,58.5,22.01
13911,37.0,58.5,22.01
13912,37.0,58.5,22.01
13913,37.0,58.5,22.0
13914,37.0,58.5,22.0
13915,37.0,58.5,22.0
13916,37.0,58.5,22.0
13917,37.0,58.5,22.0
13918,37.0,58.5,22.0
13919,37.0,58.5,22.0
13920,37.0,58.5,21.99
13921,37.0,58.5,21.99
13922,37.0,58.5,21.99
13923,37.0,58.5,21.99
13924,37.0,58.5,21.99
13925,37.0,58.5,21.99
13926,37.0,58.5,21.98
13927,37.0,58.5,21.98
13928,37.0,58.5,21.98
13929,37.0,58.5,21.98
13930,37.0,58.5,21.98
13931,37.0,58.5,21.98
13932,37.0,58.5,21.97
13933,37.0,58.5,21.97
13934,37.0,58.5,21.97
13935,37.0,58.5,21.97
13936,37.0,58.5,21.97
13937,37.0,58.5,21.97
13938,37.0,58.5,21.97
13939,37.0,58.5,21.96
13940,37.0,58.5,21.96
13941,37.0,58.5,21.96
13942,37.0,58.5,21.96
13943,37.0,58.5,21.96
13944,37.0,58.5,21.96
13945,37.0,58.5,21.95
13946,37.0,58.5,21.95
13947,37.0,58.5,21.95
13948,37.0,58.5,21.95
13949,37.0,58.5,21.95
13950,37.0,58.5,21.95
13951,37.0,58.5,21.94
13952,37.0,58.5,21.94
13953,37.0,58.5,21.94
13954,37.0,58.5,21.94
13955,37.0,58.5,21.94
13956,37.0,58.5,21.94
13957,37.0,58.5,21.94
13958,37.0,58.5,21.93
13959,37.0,58.5,21.93
13960,37.0,58.5,21.93
13961,37.0,58.5,21.93
13962,37.0,58.5,21.93
13963,37.0,58.5,21.93
13964,37.0,58.5,21.92
13965,37.0,58.5,21.92
13966,37.0,58.5,21.92
13967,37.0,58.5,21.92
13968,37.0,58.5,21.92
13969,37.0,58.5,21.92
13970,37.0,58.5,21.91
13971,37.0,58.5,21.91
13972,37.0,58.5,21.91
13973,37.0,58.5,21.91
13974,37.0,58.5,21.91
13975,37.0,58.5,21.91
13976,37.0,58.5,21.91
13977,37.0,58.5,21.9
13978,37.0,58.5,21.9
13979,37.0,58.5,21.9
13980,37.0,58.5,21.9
13981,37.0,58.5,21.9
13982,37.0,58.5,21.9
13983,37.0,58.5,21.89
13984,37.0,58.5,21.89
13985,37.0,58.5,21.89
13986,37.0,58.5,21.89
13987,37.0,58.5,21.89
13988,37.0,58.5,21.89
13989,37.0,58.5,21.89
13990,37.0,58.5,21.88
13991,37.0,58.5,21.88
13992,37.0,58.5,21.88
13993,37.0,58.5,21.88
13994,37.0,58.5,21.88
13995,37.0,58.5,21.88
13996,37.0,58.5,21.87
13997,37.0,58.5,21.87
13998,37.0,58.5,21.87
13999,37.0,58.5,21.87
14000,37.0,58.5,21.87
14001,37.0,58.5,21.87
14002,37.0,58.5,21.86
14003,37.0,58.5,21.86
14004,37.0,58.5,21.86
14005,37.0,58.5,21.86
14006,37.0,58.5,21.86
14007,37.0,58.5,21.86
14008,37.0,58.5,21.86
14009,37.0,58.5,21.85
14010,37.0,58.5,21.85
14011,37.0,58.5,21.85
14012,37.0,58.5,21.85
14013,37.0,58.5,21.85
14014,37.0,58.5,21.85
14015,37.0,58.5,21.84
14016,37.0,58.5,21.84
14017,37.0,58.5,21.84
14018,37.0,58.5,21.84
14019,37.0,58.5,21.84
14020,37.0,58.5,21.84
14021,37.0,58.5,21.84
14022,37.0,58.5,21.83
14023,37.0,58.5,21.83
14024,37.0,58.5,21.83
14025,37.0,58.5,21.83
14026,37.0,58.5,21.83
14027,37.0,58.5,21.83
14028,37.0,58.5,21.82
14029,37.0,58.5,21.82
14030,37.0,58.5,21.82
14031,37.0,58.5,21.82
14032,37.0,58.5,21.82
14033,37.0,58.5,21.82
14034,37.0,58.5,21.81
14035,37.0,58.5,21.81
14036,37.0,58.5,21.81
14037,37.0,58.5,21.81
14038,37.0,58.5,21.81
14039,37.0,58.5,21.81
14040,37.0,58.5,21.81
14041,37.0,58.5,21.8
14042,37.0,58.5,21.8
14043,37.0,58.5,21.8
14044,37.0,58.5,21.8
14045,37.0,58.5,21.8
14046,37.0,58.5,21.8
14047,37.0,58.5,21.79
14048,37.0,58.5,21.79
14049,37.0,58.5,21.79
14050,37.0,58.5,21.79
14051,37.0,58.5,21.79
14052,37.0,58.5,21.79
14053,37.0,58.5,21.79
14054,37.0,58.5,21.78
14055,37.0,58.5,21.78
14056,37.0,58.5,21.78
14057,37.0,58.5,21.78
14058,37.0,58.5,21.78
14059,37.0,58.5,21.78
14060,37.0,58.5,21.77
14061,37.0,58.5,21.77
14062,37.0,58.5,21.77
14063,37.0,58.5,21.77
14064,37.0,58.5,21.77
14065,37.0,58.5,21.77
14066,37.0,58.5,21.77
14067,37.0,58.5,21.76
14068,37.0,58.5,21.76
14069,37.0,58.5,21.76
14070,37.0,58.5,21.76
14071,37.0,58.5,21.76
14072,37.0,58.5,21.76
14073,37.0,58.5,21.75
14074,37.0,58.5,21.75
14075,37.0,58.5,21.75
14076,37.0,58.5,21.75
14077,37.0,58.5,21.75
14078,37.0,58.5,21.75
14079,37.0,58.5,21.75
14080,37.0,58.5,21.74
14081,37.0,58.5,21.74
14082,37.0,58.5,21.74
14083,37.0,58.5,21.74
14084,37.0,58.5,21.74
14085,37.0,58.5,21.74
14086,37.0,58.5,21.73
14087,37.0,58.5,21.73
14088,37.0,58.5,21.73
14089,37.0,58.5,21.73
14090,37.0,58.5,21.73
14091,37.0,58.5,21.73
14092,37.0,58.5,21.73
14093,37.0,58.5,21.72
14094,37.0,58.5,21.72
14095,37.0,58.5,21.72
14096,37.0,58.5,21.72
14097,37.0,58.5,21.72
14098,37.0,58.5,21.72
14099,37.0,58.5,21.71
14100,37.0,58.5,21.71
14101,37.0,58.5,21.71
14102,37.0,58.5,21.71
14103,37.0,58.5,21.71
14104,37.0,58.5,21.71
14105,37.0,58.5,21.71
14106,37.0,58.5,21.7
14107,37.0,58.5,21.7
14108,37.0,58.5,21.7
14109,37.0,58.5,21.7
14110,37.0,58.5,21.7
14111,37.0,58.5,21.7
14112,37.0,58.5,21.69
14113,37.0,58.5,21.69
14114,37.0,58.5,21.69
14115,37.0,58.5,21.69
14116,37.0,58.5,21.69
14117,37.0,58.5,21.69
14118,37.0,58.5,21.69
14119,37.0,58.5,21.83
14120,37.0,58.5,21.83
14121,37.0,58.5,21.83
14122,37.0,58.5,21.83
14123,37.0,58.5,21.83
14124,37.0,58.5,21.82
14125,37.0,58.5,21.82
14126,37.0,58.5,21.82
14127,37.0,58.5,21.82
14128,37.0,58.5,21.82
14129,37.0,58.5,21.82
14130,37.0,58.5,21.82
14131,37.0,58.5,21.81
14132,37.0,58.5,21.81
14133,37.0,58.5,21.81
14134,37.0,58.5,21.81
14135,37.0,58.5,21.81
14136,37.0,58.5,21.81
14137,37.0,58.5,21.8
14138,37.0,58.5,21.8
14139,37.0,58.5,21.8
14140,37.0,58.5,21.8
14141,37.0,58.5,21.8
14142,37.0,58.5,21.92
14143,37.0,58.5,21.92
14144,37.0,58.5,21.92
14145,37.0,58.5,21.92
14146,37.0,58.5,21.91
14147,37.0,58.5,21.91
14148,37.0,58.5,21.91
14149,37.0,58.5,21.91
14150,37.0,58.5,21.91
14151,37.0,58.5,21.91
14152,37.0,58.5,21.91
14153,37.0,58.5,21.9
14154,37.0,58.5,21.9
14155,37.0,58.5,21.9
14156,37.0,58.5,21.9
14157,37.0,58.5,21.9
14158,37.0,58.5,21.9
14159,37.0,58.5,21.89
14160,37.0,58.5,21.89
14161,37.0,58.5,21.89
14162,37.0,58.5,21.89
14163,37.0,58.5,21.89
14164,37.0,58.5,21.89
14165,37.0,58.5,21.88
14166,37.0,58.5,21.88
14167,37.0,58.5,21.88
14168,37.0,58.5,21.88
14169,37.0,58.5,21.88
14170,37.0,58.5,21.88
14171,37.0,58.5,21.88
14172,37.0,58.5,21.87
14173,37.0,58.5,21.87
14174,37.0,58.5,21.87
14175,37.0,58.5,21.87
14176,37.0,58.5,21.87
14177,37.0,58.5,21.87
14178,37.0,58.5,21.86
14179,37.0,58.5,21.86
14180,37.0,58.4,21.86
14181,37.0,58.4,21.86
14182,37.0,58.4,21.86
14183,37.0,58.4,21.86
14184,37.0,58.4,21.86
14185,37.0,58.4,21.85
14186,37.0,58.4,21.85
14187,37.0,58.4,21.85
14188,37.0,58.4,21.85
14189,37.0,58.4,21.85
14190,37.0,58.4,21.85
14191,37.0,58.4,21.84
14192,37.0,58.4,21.84
14193,37.0,58.4,21.84
14194,37.0,58.4,21.84
14195,37.0,58.4,21.84
14196,37.0,58.4,21.84
14197,37.0,58.4,21.84
14198,37.0,58.4,21.83
14199,37.0,58.4,21.83
14200,37.0,58.4,21.83
14201,37.0,58.4,21.83
14202,37.0,58.4,21.83
14203,37.0,58.4,21.83
14204,37.0,58.4,21.82
14205,37.0,58.5,21.82
14206,37.0,58.5,21.82
14207,37.0,58.5,21.82
14208,37.0,58.5,21.82
14209,37.0,58.5,21.82
14210,37.0,58.5,21.82
14211,37.0,58.5,21.81
14212,37.0,58.5,21.81
14213,37.0,58.4,21.81
14214,37.0,58.4,21.81
14215,37.0,58.4,21.81
14216,37.0,58.4,21.81
14217,37.0,58.5,21.8
14218,37.0,58.5,21.8
14219,37.0,58.4,21.8
14220,37.0,58.4,21.8
14221,37.0,58.4,21.8
14222,37.0,58.4,21.8
14223,37.0,58.4,21.8
14224,37.0,58.5,21.79
14225,37.0,58.5,21.79
14226,37.0,58.5,21.79
14227,37.0,58.5,21.79
14228,37.0,58.5,21.79
14229,37.0,58.5,21.79
14230,37.0,58.5,21.78
14231,37.0,58.5,21.78
14232,37.0,58.5,21.78
14233,37.0,58.5,21.78
14234,37.0,58.5,21.78
14235,37.0,58.5,21.78
14236,37.0,58.5,21.78
14237,37.0,58.5,21.77
14238,37.0,58.4,21.77
14239,37.0,58.5,21.77
14240,37.0,58.5,21.77
14241,37.0,58.5,21.77
14242,37.0,58.5,21.77
14243,37.0,58.5,21.77
14244,37.0,58.5,21.76
14245,37.0,58.5,21.76
14246,37.0,58.5,21.76
14247,37.0,58.5,21.76
14248,37.0,58.5,21.76
14249,37.0,58.5,21.76
14250,37.0,58.5,21.75
14251,36.9,58.5,21.84
14252,36.9,58.5,21.84
14253,36.9,58.5,21.84
14254,36.9,58.5,21.84
14255,36.9,58.5,21.83
14256,36.9,58.5,21.83
14257,36.9,58.5,21.83
14258,36.9,58.5,21.83
14259,36.9,58.5,21.83
14260,36.9,58.5,21.83
14261,36.9,58.5,21.83
14262,36.9,58.5,21.82
14263,36.9,58.5,21.82
14264,36.9,58.5,21.82
14265,36.9,58.5,21.82
14266,36.9,58.5,21.82
14267,36.9,58.5,21.82
14268,36.9,58.5,21.81
14269,36.9,58.5,21.81
14270,36.9,58.5,21.81
14271,36.9,58.5,21.81
14272,36.9,58.5,21.81
14273,36.9,58.5,21.81
14274,36.9,58.5,21.81
14275,36.9,58.5,21.8
14276,36.9,58.5,21.8
14277,36.9,58.5,21.8
14278,36.9,58.5,21.8
14279,36.9,58.5,21.8
14280,36.9,58.5,21.8
14281,36.9,58.5,21.79
14282,36.9,58.5,21.79
14283,36.9,58.5,21.79
14284,36.9,58.5,21.79
14285,36.9,58.5,21.79
14286,36.9,58.5,21.79
14287,36.9,58.5,21.79
14288,36.9,58.5,21.78
14289,36.9,58.5,21.78
14290,36.9,58.5,21.78
14291,36.9,58.5,21.78
14292,36.9,58.5,21.78
14293,36.9,58.5,21.78
14294,36.9,58.5,21.77
14295,36.9,58.5,21.77
14296,36.9,58.5,21.77
14297,36.9,58.5,21.77
14298,36.9,58.5,21.77
14299,36.9,58.5,21.77
14300,36.9,58.5,21.77
14301,36.9,58.5,21.76
14302,36.9,58.5,21.76
14303,36.9,58.5,21.76
14304,36.9,58.5,21.76
14305,36.9,58.5,21.76
14306,36.9,58.5,21.76
14307,36.9,58.5,21.76
14308,36.9,58.4,21.75
14309,36.9,58.4,21.75
14310,36.9,58.4,21.75
14311,36.9,58.4,21.75
14312,36.9,58.4,21.75
14313,36.9,58.4,21.75
14314,36.9,58.4,21.74
14315,36.9,58.4,21.74
14316,36.9,58.4,21.74
14317,36.9,58.4,21.86
14318,36.9,58.4,21.86
14319,36.9,58.4,21.86
14320,36.9,58.4,21.85
14321,36.9,58.4,21.85
14322,36.9,58.4,21.85
14323,36.9,58.4,21.85
14324,36.9,58.4,21.85
14325,36.9,58.4,21.85
14326,36.9,58.4,21.84
14327,36.9,58.4,21.84
14328,36.9,58.4,21.84
14329,36.9,58.4,21.84
14330,36.9,58.4,21.84
14331,36.9,58.4,21.84
14332,36.9,58.4,21.84
14333,36.9,58.4,21.83
14334,36.9,58.4,21.83
14335,36.9,58.4,21.83
14336,36.9,58.4,21.83
14337,36.9,58.4,21.83
14338,36.9,58.4,21.83
14339,36.9,58.4,21.83
14340,36.9,58.4,21.82
14341,36.9,58.4,21.82
14342,36.9,58.4,21.82
14343,36.9,58.4,21.82
14344,36.9,58.4,21.82
14345,36.9,58.4,21.82
14346,36.9,58.4,21.81
14347,36.9,58.4,21.81
14348,36.9,58.4,21.81
14349,36.9,58.4,21.81
14350,36.9,58.4,21.81
14351,36.9,58.4,21.81
14352,36.9,58.4,21.81
14353,36.9,58.4,21.8
14354,36.9,58.4,21.8
14355,36.9,58.4,21.8
14356,36.9,58.4,21.8
14357,36.9,58.4,21.8
14358,36.9,58.4,21.8
14359,36.9,58.4,21.79
14360,36.9,58.4,21.79
14361,36.9,58.4,21.79
14362,36.9,58.4,21.79
14363,36.9,58.4,21.79
14364,36.9,58.4,21.79
14365,36.9,58.4,21.79
14366,36.9,58.4,21.78
14367,36.9,58.4,21.78
14368,36.9,58.4,21.78
14369,36.9,58.4,21.78
14370,36.9,58.4,21.78
14371,36.9,58.4,21.78
14372,36.9,58.4,21.77
14373,36.9,58.4,21.77
14374,36.9,58.4,21.77
14375,36.9,58.4,21.77
14376,36.9,58.4,21.77
14377,36.9,58.4,21.77
14378,36.9,58.4,21.77
14379,36.9,58.4,21.76
14380,36.9,58.4,21.76
14381,36.9,58.4,21.76
14382,36.9,58.4,21.76
14383,36.9,58.4,21.76
14384,36.9,58.4,21.76
14385,36.9,58.4,21.76
14386,36.9,58.4,21.75
14387,36.9,58.4,21.75
14388,36.9,58.4,21.75
14389,36.9,58.4,21.75
14390,36.9,58.4,21.75
14391,36.9,58.4,21.75
14392,36.9,58.4,21.74
14393,36.9,58.4,21.74
14394,36.9,58.4,21.74
14395,36.9,58.4,21.74
14396,36.9,58.4,21.74
14397,36.9,58.4,21.74
14398,36.9,58.4,21.74
14399,36.9,58.4,21.73
14400,36.9,58.4,21.73
14401,36.9,58.4,21.73
14402,36.9,58.4,21.73
14403,36.9,58.4,21.73
14404,36.9,58.4,21.73
14405,36.9,58.4,21.73
14406,36.9,58.4,21.72
14407,36.9,58.4,21.72
14408,36.9,58.4,21.72
14409,36.9,58.4,21.72
14410,36.9,58.4,21.72
14411,36.9,58.4,21.72
14412,36.9,58.4,21.71
14413,36.9,58.4,21.71
14414,36.9,58.4,21.71
14415,36.9,58.4,21.71
14416,36.9,58.4,21.71
14417,36.9,58.4,21.71
14418,36.9,58.4,21.71
14419,36.9,58.4,21.7
14420,36.9,58.4,21.7
14421,36.9,58.4,21.7
14422,36.9,58.4,21.7
14423,36.9,58.4,21.7
14424,36.9,58.4,21.7
14425,36.9,58.4,21.69
14426,36.9,58.4,21.69
14427,36.9,58.4,21.69
14428,36.9,58.4,21.69
14429,36.9,58.4,21.69
14430,36.9,58.4,21.69
14431,36.9,58.4,21.69
14432,36.9,58.4,21.68
14433,36.9,58.4,21.68
14434,36.9,58.4,21.68
14435,36.9,58.4,21.68
14436,36.9,58.4,21.68
14437,36.9,58.4,21.68
14438,36.9,58.4,21.68
14439,36.9,58.4,21.67
14440,36.9,58.4,21.67
14441,36.9,58.4,21.67
14442,36.9,58.4,21.67
14443,36.9,58.4,21.67
14444,36.9,58.4,21.67
14445,36.9,58.4,21.66
14446,36.9,58.4,21.66
14447,36.9,58.4,21.66
14448,36.9,58.4,21.66
14449,36.9,58.4,21.66
14450,36.9,58.4,21.66
14451,36.9,58.4,21.66
14452,36.9,58.4,21.65
14453,36.9,58.4,21.65
14454,36.9,58.4,21.65
14455,36.9,58.4,21.65
14456,36.9,58.4,21.65
14457,36.9,58.4,21.65
14458,36.9,58.4,21.65
14459,36.9,58.4,21.64
14460,36.9,58.3,21.64
14461,36.9,58.3,21.64
14462,36.9,58.3,21.64
14463,36.9,58.3,21.64
14464,36.9,58.4,21.64
14465,36.9,58.4,21.63
14466,36.9,58.4,21.63
14467,36.9,58.3,21.63
14468,36.9,58.3,21.63
14469,36.9,58.3,21.63
14470,36.9,58.3,21.63
14471,36.9,58.4,21.63
14472,36.9,58.4,21.62
14473,36.9,58.4,21.62
14474,36.9,58.4,21.62
14475,36.9,58.4,21.62
14476,36.9,58.4,21.62
14477,36.9,58.3,21.62
14478,36.9,58.4,21.62
14479,36.9,58.3,21.61
14480,36.9,58.3,21.61
14481,36.9,58.3,21.61
14482,36.9,58.3,21.61
14483,36.9,58.3,21.61
14484,36.9,58.3,21.61
14485,36.9,58.3,21.61
14486,36.9,58.3,21.6
14487,36.9,58.3,21.6
14488,36.8,58.3,21.7
14489,36.8,58.3,21.7
14490,36.8,58.3,21.7
14491,36.8,58.3,21.7
14492,36.8,58.3,21.7
14493,36.8,58.3,21.7
14494,36.8,58.3,21.7
14495,36.8,58.3,21.69
14496,36.8,58.3,21.69
14497,36.8,58.3,21.69
14498,36.8,58.3,21.69
14499,36.8,58.3,21.69
14500,36.8,58.3,21.69
14501,36.8,58.3,21.68
14502,36.8,58.3,21.68
14503,36.8,58.3,21.68
14504,36.8,58.3,21.68
14505,36.8,58.3,21.68
14506,36.8,58.3,21.68
14507,36.8,58.3,21.68
14508,36.8,58.3,21.67
14509,36.8,58.3,21.67
14510,36.8,58.3,21.67
14511,36.8,58.3,21.67
14512,36.8,58.3,21.67
14513,36.8,58.3,21.67
14514,36.8,58.3,21.67
14515,36.8,58.3,21.66
14516,36.8,58.3,21.66
14517,36.8,58.3,21.66
14518,36.8,58.3,21.66
14519,36.8,58.3,21.66
14520,36.8,58.3,21.66
14521,36.8,58.3,21.65
14522,36.8,58.3,21.65
14523,36.8,58.3,21.65
14524,36.8,58.3,21.65
14525,36.8,58.3,21.65
14526,36.8,58.3,21.65
14527,36.8,58.3,21.65
14528,36.8,58.3,21.64
14529,36.8,58.3,21.64
14530,36.8,58.3,21.64
14531,36.8,58.3,21.64
14532,36.8,58.3,21.64
14533,36.8,58.3,21.64
14534,36.8,58.3,21.64
14535,36.8,58.3,21.63
14536,36.8,58.3,21.63
14537,36.8,58.3,21.63
14538,36.8,58.3,21.63
14539,36.8,58.3,21.63
14540,36.8,58.3,21.73
14541,36.8,58.3,21.73
14542,36.8,58.3,21.73
14543,36.8,58.3,21.73
14544,36.8,58.3,21.73
14545,36.8,58.3,21.73
14546,36.8,58.3,21.72
14547,36.8,58.3,21.72
14548,36.8,58.3,21.72
14549,36.8,58.3,21.72
14550,36.8,58.3,21.72
14551,36.8,58.3,21.72
14552,36.8,58.3,21.72
14553,36.8,58.3,21.71
14554,36.8,58.3,21.71
14555,36.8,58.3,21.71
14556,36.8,58.3,21.71
14557,36.8,58.3,21.71
14558,36.8,58.3,21.71
14559,36.8,58.3,21.7
14560,36.8,58.3,21.7
14561,36.8,58.3,21.7
14562,36.8,58.3,21.7
14563,36.8,58.3,21.7
14564,36.8,58.3,21.7
14565,36.8,58.3,21.7
14566,36.8,58.3,21.69
14567,36.8,58.3,21.69
14568,36.8,58.3,21.69
14569,36.8,58.3,21.69
14570,36.8,58.3,21.69
14571,36.8,58.3,21.69
14572,36.8,58.3,21.69
14573,36.8,58.3,21.68
14574,36.8,58.3,21.68
14575,36.8,58.3,21.68
14576,36.8,58.3,21.68
14577,36.8,58.3,21.68
14578,36.8,58.3,21.68
14579,36.8,58.3,21.68
14580,36.8,58.3,21.67
14581,36.8,58.3,21.67
14582,36.8,58.3,21.67
14583,36.8,58.3,21.67
14584,36.8,58.3,21.67
14585,36.8,58.3,21.67
14586,36.8,58.3,21.66
14587,36.8,58.3,21.66
14588,36.8,58.3,21.66
14589,36.8,58.3,21.66
14590,36.8,58.3,21.66
14591,36.8,58.3,21.66
14592,36.8,58.3,21.66
14593,36.8,58.3,21.65
14594,36.8,58.3,21.65
14595,36.8,58.3,21.65
14596,36.8,58.3,21.65
14597,36.8,58.3,21.65
14598,36.8,58.3,21.65
14599,36.8,58.3,21.65
14600,36.8,58.3,21.64
14601,36.8,58.3,21.64
14602,36.8,58.3,21.64
14603,36.8,58.3,21.64
14604,36.8,58.3,21.64
14605,36.8,58.3,21.64
14606,36.8,58.3,21.63
14607,36.8,58.3,21.63
14608,36.8,58.3,21.63
14609,36.8,58.3,21.63
14610,36.8,58.3,21.63
14611,36.8,58.3,21.63
14612,36.8,58.3,21.63
14613,36.8,58.3,21.62
14614,36.8,58.3,21.62
14615,36.8,58.3,21.62
14616,36.8,58.3,21.62
14617,36.8,58.3,21.62
14618,36.8,58.3,21.62
14619,36.8,58.3,21.62
14620,36.8,58.3,21.61
14621,36.8,58.3,21.61
14622,36.8,58.3,21.61
14623,36.8,58.3,21.61
14624,36.8,58.3,21.61
14625,36.8,58.3,21.61
14626,36.8,58.3,21.61
14627,36.8,58.3,21.6
14628,36.8,58.3,21.6
14629,36.8,58.3,21.6
14630,36.8,58.3,21.6
14631,36.8,58.3,21.6
14632,36.8,58.3,21.6
14633,36.8,58.3,21.6
14634,36.8,58.3,21.59
14635,36.8,58.3,21.59
14636,36.8,58.3,21.59
14637,36.8,58.3,21.59
14638,36.9,58.3,21.8
14639,36.9,58.3,21.8
14640,36.9,58.3,21.8
14641,36.9,58.3,21.79
14642,36.9,58.3,21.79
14643,36.9,58.3,21.79
14644,36.9,58.3,21.79
14645,36.9,58.3,21.79
14646,36.9,58.3,21.79
14647,36.9,58.3,21.79
14648,36.9,58.3,21.78
14649,36.9,58.3,21.78
14650,36.9,58.3,21.78
14651,36.9,58.3,21.78
14652,36.9,58.3,21.78
14653,36.9,58.3,21.78
14654,36.9,58.3,21.78
14655,36.9,58.3,21.77
14656,36.9,58.3,21.77
14657,36.9,58.3,21.77
14658,36.9,58.3,21.77
14659,36.9,58.3,21.77
14660,37.0,58.3,21.95
14661,37.0,58.3,21.95
14662,37.0,58.3,21.95
14663,37.0,58.3,21.95
14664,37.0,58.3,21.94
14665,37.0,58.3,21.94
14666,37.0,58.3,21.94
14667,37.0,58.3,21.94
14668,37.0,58.3,21.94
14669,37.0,58.3,21.94
14670,37.0,58.3,21.94
14671,37.0,58.3,21.93
14672,37.0,58.3,21.93
14673,37.0,58.3,21.93
14674,37.0,58.3,21.93
14675,37.0,58.3,21.93
14676,37.0,58.3,21.93
14677,37.0,58.3,21.93
14678,37.0,58.3,21.92
14679,37.0,58.3,21.92
14680,37.0,58.3,21.92
14681,37.0,58.3,21.92
14682,37.0,58.3,21.92
14683,37.0,58.3,21.92
14684,37.0,58.3,21.92
14685,37.0,58.3,21.91
14686,37.0,58.3,21.91
14687,37.0,58.3,21.91
14688,37.0,58.3,21.91
14689,37.0,58.3,21.91
14690,37.0,58.3,21.91
14691,37.0,58.3,21.9
14692,37.0,58.3,21.9
14693,37.0,58.3,21.9
14694,37.0,58.3,21.9
14695,37.0,58.3,21.9
14696,37.0,58.3,21.9
14697,37.0,58.3,21.9
14698,37.0,58.3,21.89
14699,37.0,58.3,21.89
14700,37.0,58.3,21.89
14701,37.0,58.3,21.89
14702,37.0,58.3,21.89
14703,37.0,58.3,21.89
14704,37.0,58.3,21.89
14705,37.0,58.3,21.88
14706,37.0,58.3,21.88
14707,37.0,58.3,21.88
14708,37.0,58.2,21.88
14709,37.0,58.3,21.88
14710,37.0,58.3,21.88
14711,37.0,58.3,21.87
14712,37.0,58.3,21.87
14713,37.0,58.3,21.87
14714,37.0,58.3,21.87
14715,37.0,58.3,21.87
14716,37.0,58.3,21.87
14717,37.0,58.3,21.87
14718,37.0,58.3,21.86
14719,37.0,58.3,21.86
14720,37.0,58.3,21.86
14721,37.0,58.3,21.86
14722,37.0,58.3,21.86
14723,37.0,58.3,21.86
14724,37.0,58.3,21.86
14725,37.0,58.3,21.85
14726,37.0,58.3,21.85
14727,37.0,58.3,21.85
14728,37.0,58.3,21.85
14729,37.0,58.3,21.85
14730,37.0,58.3,21.85
14731,37.0,58.3,21.85
14732,37.0,58.3,21.84
14733,37.0,58.3,21.84
14734,37.0,58.3,21.84
14735,37.0,58.3,21.84
14736,37.0,58.3,21.84
14737,37.0,58.3,21.84
14738,37.0,58.3,21.83
14739,37.0,58.3,21.83
14740,37.0,58.3,21.83
14741,37.0,58.3,21.83
14742,37.0,58.3,21.83
14743,37.0,58.3,21.83
14744,37.0,58.3,21.83
14745,37.0,58.3,21.82
14746,37.0,58.3,21.82
14747,37.0,58.3,21.82
14748,37.0,58.3,21.82
14749,37.0,58.3,21.82
14750,37.0,58.3,21.82
14751,37.0,58.3,21.82
14752,37.0,58.3,21.81
14753,37.0,58.3,21.81
14754,37.0,58.3,21.81
14755,37.0,58.3,21.81
14756,37.0,58.3,21.81
14757,37.0,58.3,21.81
14758,37.2,58.3,22.05
14759,37.2,58.3,22.05
14760,37.2,58.3,22.05
14761,37.2,58.3,22.04
14762,37.2,58.3,22.04
14763,37.2,58.3,22.15
14764,37.2,58.3,22.15
14765,37.2,58.3,22.14
14766,37.2,58.3,22.14
14767,37.2,58.3,22.14
14768,37.2,58.3,22.28
14769,37.2,58.3,22.28
14770,37.2,58.3,22.27
14771,37.2,58.3,22.27
14772,37.2,58.3,22.27
14773,37.2,58.3,22.27
14774,37.2,58.3,22.27
14775,37.2,58.3,22.27
14776,37.2,58.3,22.27
14777,37.2,58.3,22.26
14778,37.2,58.3,22.26
14779,37.2,58.3,22.26
14780,37.2,58.3,22.26
14781,37.2,58.3,22.26
14782,37.2,58.3,22.26
14783,37.2,58.3,22.26
14784,37.2,58.3,22.25
14785,37.2,58.3,22.25
14786,37.2,58.3,22.25
14787,37.2,58.3,22.25
14788,37.2,58.3,22.25
14789,37.2,58.3,22.25
14790,37.2,58.3,22.24
14791,37.2,58.3,22.24
14792,37.2,58.3,22.24
14793,37.2,58.3,22.24
14794,37.2,58.3,22.24
14795,37.2,58.3,22.24
14796,37.2,58.3,22.24
14797,37.2,58.3,22.23
14798,37.2,58.3,22.23
14799,37.2,58.3,22.23
14800,37.2,58.3,22.23
14801,37.2,58.3,22.23
14802,37.2,58.3,22.23
14803,37.2,58.3,22.23
14804,37.2,58.3,22.22
14805,37.2,58.3,22.22
14806,37.2,58.3,22.22
14807,37.2,58.3,22.22
14808,37.2,58.3,22.22
14809,37.2,58.3,22.22
14810,37.2,58.3,22.21
14811,37.2,58.3,22.21
14812,37.2,58.3,22.21
14813,37.2,58.3,22.21
14814,37.2,58.3,22.21
14815,37.2,58.3,22.21
14816,37.2,58.3,22.21
14817,37.2,58.3,22.2
14818,37.2,58.3,22.2
14819,37.2,58.3,22.2
14820,37.2,58.3,22.2
14821,37.2,58.3,22.2
14822,37.2,58.3,22.2
14823,37.2,58.3,22.2
14824,37.2,58.3,22.19
14825,37.2,58.3,22.19
14826,37.2,58.3,22.19
14827,37.2,58.3,22.19
14828,37.2,58.3,22.19
14829,37.2,58.3,22.19
14830,37.2,58.3,22.18
14831,37.2,58.3,22.18
14832,37.2,58.3,22.18
14833,37.2,58.3,22.18
14834,37.2,58.3,22.18
14835,37.2,58.3,22.18
14836,37.2,58.3,22.18
14837,37.2,58.3,22.17
14838,37.2,58.3,22.17
14839,37.2,58.3,22.17
14840,37.2,58.3,22.17
14841,37.2,58.3,22.17
14842,37.2,58.3,22.17
14843,37.2,58.3,22.17
14844,37.2,58.3,22.16
14845,37.2,58.3,22.16
14846,37.2,58.3,22.16
14847,37.2,58.3,22.16
14848,37.2,58.3,22.16
14849,37.2,58.3,22.16
14850,37.2,58.3,22.15
14851,37.2,58.3,22.15
14852,37.2,58.3,22.15
14853,37.2,58.3,22.15
14854,37.2,58.3,22.15
14855,37.2,58.3,22.15
14856,37.2,58.3,22.15
14857,37.2,58.3,22.14
14858,37.2,58.3,22.14
14859,37.2,58.3,22.14
14860,37.2,58.3,22.14
14861,37.2,58.3,22.14
14862,37.2,58.3,22.14
14863,37.2,58.3,22.14
14864,37.2,58.3,22.13
14865,37.2,58.3,22.13
14866,37.2,58.3,22.13
14867,37.2,58.3,22.13
14868,37.2,58.3,22.13
14869,37.2,58.3,22.13
14870,37.2,58.3,22.13
14871,37.2,58.3,22.12
14872,37.2,58.3,22.12
14873,37.2,58.3,22.12
14874,37.2,58.3,22.12
14875,37.2,58.3,22.12
14876,37.2,58.3,22.12
14877,37.2,58.3,22.11
14878,37.2,58.3,22.11
14879,37.2,58.3,22.11
14880,37.2,58.3,22.11
14881,37.2,58.3,22.11
14882,37.2,58.3,22.11
14883,37.2,58.3,22.11
14884,37.2,58.3,22.1
14885,37.2,58.3,22.1
14886,37.2,58.3,22.1
14887,37.2,58.3,22.1
14888,37.2,58.3,22.1
14889,37.2,58.3,22.1
14890,37.2,58.3,22.1
14891,37.2,58.3,22.09
14892,37.2,58.3,22.09
14893,37.2,58.3,22.09
14894,37.2,58.3,22.09
14895,37.2,58.3,22.09
14896,37.2,58.3,22.09
14897,37.2,58.3,22.08
14898,37.2,58.3,22.08
14899,37.2,58.3,22.08
14900,37.2,58.3,22.08
14901,37.2,58.3,22.08
14902,37.2,58.3,22.08
14903,37.2,58.3,22.08
14904,37.2,58.3,22.07
14905,37.2,58.3,22.07
14906,37.2,58.3,22.07
14907,37.2,58.3,22.07
14908,37.2,58.3,22.07
14909,37.2,58.3,22.07
14910,37.2,58.3,22.07
14911,37.2,58.3,22.06
14912,37.2,58.3,22.06
14913,37.2,58.3,22.06
14914,37.2,58.3,22.06
14915,37.2,58.3,22.06
14916,37.2,58.3,22.06
14917,37.2,58.3,22.06
14918,37.2,58.3,22.05
14919,37.2,58.3,22.05
14920,37.2,58.3,22.05
14921,37.2,58.3,22.05
14922,37.2,58.3,22.05
14923,37.2,58.3,22.05
14924,37.2,58.3,22.05
14925,37.2,58.3,22.04
14926,37.2,58.3,22.04
14927,37.2,58.3,22.04
14928,37.2,58.3,22.04
14929,37.2,58.3,22.04
14930,37.2,58.3,22.04
14931,37.2,58.3,22.03
14932,37.2,58.3,22.03
14933,37.2,58.3,22.03
14934,37.2,58.3,22.03
14935,37.2,58.3,22.03
14936,37.2,58.3,22.03
14937,37.2,58.3,22.03
14938,37.2,58.3,22.02
14939,37.2,58.3,22.02
14940,37.1,58.3,22.13
14941,37.1,58.3,22.12
14942,37.1,58.3,22.12
14943,37.1,58.3,22.12
14944,37.1,58.3,22.12
14945,37.1,58.3,22.12
14946,37.1,58.3,22.12
14947,37.1,58.3,22.11
14948,37.1,58.3,22.11
14949,37.1,58.3,22.11
14950,37.1,58.3,22.11
14951,37.1,58.3,22.11
14952,37.1,58.3,22.11
14953,37.1,58.3,22.11
14954,37.1,58.3,22.1
14955,37.1,58.3,22.1
14956,37.1,58.3,22.1
14957,37.1,58.3,22.1
14958,37.1,58.3,22.1
14959,37.1,58.3,22.1
14960,37.1,58.3,22.1
14961,37.1,58.3,22.19
14962,37.1,58.3,22.19
14963,37.1,58.3,22.19
14964,37.1,58.3,22.19
14965,37.1,58.3,22.19
14966,37.1,58.3,22.32
14967,37.1,58.3,22.32
14968,37.1,58.3,22.31
14969,37.1,58.3,22.31
14970,37.1,58.3,22.31
14971,37.1,58.3,22.31
14972,37.1,58.3,22.31
14973,37.1,58.3,22.31
14974,37.1,58.3,22.31
14975,37.1,58.3,22.3
14976,37.1,58.3,22.3
14977,37.1,58.3,22.3
14978,37.1,58.3,22.3
14979,37.1,58.3,22.3
14980,37.1,58.3,22.3
14981,37.1,58.2,22.29
14982,37.1,58.2,22.29
14983,37.1,58.2,22.29
14984,37.1,58.2,22.29
14985,37.1,58.2,22.29
14986,37.1,58.2,22.29
14987,37.1,58.2,22.29
14988,37.1,58.2,22.28
14989,37.1,58.2,22.28
14990,37.1,58.2,22.28
14991,37.1,58.2,22.28
14992,37.1,58.2,22.28
14993,37.1,58.2,22.28
14994,37.1,58.2,22.28
14995,37.1,58.2,22.27
14996,37.1,58.2,22.27
14997,37.1,58.2,22.27
14998,37.1,58.2,22.27
14999,37.1,58.2,22.27
15000,37.1,58.2,22.27
15001,37.1,58.2,22.27
15002,37.1,58.2,22.26
15003,37.1,58.2,22.26
15004,37.1,58.2,22.26
15005,37.1,58.2,22.26
15006,37.1,58.2,22.26
15007,37.1,58.2,22.26
15008,37.1,58.2,22.25
15009,37.1,58.2,22.25
15010,37.1,58.2,22.25
15011,37.1,58.2,22.25
15012,37.1,58.2,22.25
15013,37.1,58.2,22.25
15014,37.1,58.2,22.25
15015,37.1,58.2,22.24
15016,37.1,58.2,22.24
15017,37.1,58.2,22.24
15018,37.1,58.2,22.24
15019,37.1,58.2,22.24
15020,37.1,58.2,22.24
15021,37.1,58.2,22.24
15022,37.1,58.2,22.23
15023,37.1,58.2,22.23
15024,37.1,58.2,22.23
15025,37.1,58.2,22.23
15026,37.1,58.2,22.23
15027,37.1,58.2,22.23
15028,37.1,58.2,22.23
15029,37.1,58.2,22.22
15030,37.1,58.2,22.22
15031,37.1,58.2,22.22
15032,37.1,58.2,22.22
15033,37.1,58.2,22.22
15034,37.1,58.2,22.22
15035,37.1,58.2,22.21
15036,37.1,58.2,22.21
15037,37.1,58.2,22.21
15038,37.1,58.2,22.21
15039,37.1,58.2,22.21
15040,37.1,58.2,22.21
15041,37.1,58.2,22.21
15042,37.1,58.2,22.2
15043,37.1,58.2,22.2
15044,37.1,58.2,22.2
15045,37.1,58.2,22.2
15046,37.1,58.2,22.2
15047,37.1,58.2,22.2
15048,37.1,58.2,22.2
15049,37.1,58.2,22.19
15050,37.1,58.2,22.19
15051,37.1,58.2,22.19
15052,37.1,58.2,22.19
15053,37.1,58.2,22.19
15054,37.1,58.2,22.19
15055,37.1,58.2,22.19
15056,37.1,58.2,22.18
15057,37.1,58.2,22.18
15058,37.1,58.2,22.18
15059,37.1,58.2,22.18
15060,37.1,58.2,22.18
15061,37.1,58.2,22.18
15062,37.1,58.2,22.18
15063,37.1,58.2,22.17
15064,37.1,58.2,22.17
15065,37.1,58.2,22.17
15066,37.1,58.2,22.17
15067,37.1,58.2,22.17
15068,37.1,58.2,22.17
15069,37.1,58.2,22.16
15070,37.1,58.2,22.16
15071,37.1,58.2,22.16
15072,37.1,58.2,22.16
15073,37.1,58.2,22.16
15074,37.1,58.2,22.16
15075,37.1,58.2,22.16
15076,37.1,58.2,22.15
15077,37.1,58.2,22.15
15078,37.1,58.2,22.15
15079,37.1,58.2,22.15
15080,37.1,58.2,22.15
15081,37.1,58.2,22.15
15082,37.1,58.2,22.15
15083,37.1,58.2,22.14
15084,37.1,58.2,22.14
15085,37.1,58.2,22.14
15086,37.1,58.2,22.14
15087,37.1,58.2,22.14
15088,37.1,58.2,22.14
15089,37.1,58.2,22.14
15090,37.1,58.2,22.13
15091,37.1,58.2,22.13
15092,37.1,58.2,22.13
15093,37.1,58.2,22.13
15094,37.1,58.2,22.13
15095,37.1,58.2,22.13
15096,37.1,58.2,22.13
15097,37.1,58.2,22.12
15098,37.1,58.2,22.12
15099,37.1,58.2,22.12
15100,37.1,58.2,22.12
15101,37.1,58.2,22.12
15102,37.1,58.2,22.12
15103,37.1,58.2,22.11
15104,37.1,58.2,22.11
15105,37.1,58.2,22.11
15106,37.1,58.2,22.11
15107,37.1,58.2,22.11
15108,37.1,58.2,22.11
15109,37.1,58.2,22.11
15110,37.1,58.2,22.1
15111,37.1,58.2,22.1
15112,37.1,58.2,22.1
15113,37.1,58.2,22.1
15114,37.1,58.2,22.1
15115,37.1,58.2,22.1
15116,37.1,58.2,22.1
15117,37.1,58.2,22.09
15118,37.1,58.2,22.09
15119,37.1,58.2,22.09
15120,37.1,58.2,22.09
15121,37.1,58.2,22.09
15122,37.1,58.2,22.09
15123,37.1,58.2,22.09
15124,37.1,58.2,22.08
15125,37.1,58.2,22.08
15126,37.1,58.2,22.08
15127,37.1,58.2,22.08
15128,37.1,58.2,22.08
15129,37.1,58.2,22.08
15130,37.1,58.2,22.08
15131,37.1,58.2,22.07
15132,37.1,58.2,22.07
15133,37.1,58.2,22.07
15134,37.1,58.2,22.07
15135,37.1,58.2,22.07
15136,37.1,58.2,22.07
15137,37.1,58.2,22.07
15138,37.1,58.2,22.06
15139,37.1,58.2,22.06
15140,37.1,58.2,22.06
15141,37.1,58.2,22.06
15142,37.1,58.2,22.06
15143,37.1,58.2,22.06
15144,37.1,58.2,22.05
15145,37.1,58.2,22.05
15146,37.1,58.2,22.05
15147,37.1,58.2,22.05
15148,37.1,58.2,22.05
15149,37.1,58.2,22.05
15150,37.1,58.2,22.05
15151,37.1,58.2,22.17
15152,37.1,58.2,22.17
15153,37.1,58.2,22.16
15154,37.1,58.2,22.16
15155,37.1,58.2,22.16
15156,37.1,58.2,22.16
15157,37.1,58.2,22.16
15158,37.1,58.2,22.16
15159,37.1,58.2,22.16
15160,37.1,58.2,22.15
15161,37.1,58.2,22.15
15162,37.1,58.2,22.15
15163,37.1,58.2,22.15
15164,37.1,58.2,22.15
15165,37.1,58.2,22.15
15166,37.1,58.2,22.14
15167,37.1,58.2,22.14
15168,37.1,58.2,22.14
15169,37.1,58.2,22.14
15170,37.1,58.2,22.14
15171,37.1,58.2,22.14
15172,37.1,58.2,22.14
15173,37.1,58.2,22.13
15174,37.1,58.2,22.13
15175,37.1,58.2,22.13
15176,37.1,58.2,22.13
15177,37.1,58.2,22.13
15178,37.1,58.2,22.13
15179,37.1,58.2,22.13
15180,37.1,58.2,22.12
15181,37.1,58.2,22.12
15182,37.1,58.2,22.12
15183,37.1,58.2,22.12
15184,37.1,58.2,22.12
15185,37.1,58.2,22.12
15186,37.1,58.2,22.12
15187,37.1,58.2,22.11
15188,37.1,58.2,22.11
15189,37.1,58.2,22.11
15190,37.1,58.2,22.11
15191,37.1,58.2,22.11
15192,37.1,58.2,22.11
15193,37.1,58.2,22.11
15194,37.1,58.2,22.1
15195,37.1,58.2,22.1
15196,37.1,58.2,22.1
15197,37.1,58.2,22.1
15198,37.1,58.2,22.1
15199,37.1,58.2,22.1
15200,37.1,58.2,22.1
15201,37.1,58.2,22.09
15202,37.1,58.2,22.09
15203,37.1,58.2,22.09
15204,37.1,58.2,22.09
15205,37.1,58.2,22.09
15206,37.1,58.2,22.09
15207,37.1,58.2,22.09
15208,37.1,58.2,22.08
15209,37.1,58.2,22.08
15210,37.1,58.2,22.08
15211,37.1,58.2,22.08
15212,37.1,58.2,22.08
15213,37.1,58.2,22.08
15214,37.1,58.2,22.08
15215,37.1,58.2,22.07
15216,37.1,58.2,22.07
15217,37.1,58.2,22.07
15218,37.1,58.2,22.07
15219,37.1,58.2,22.07
15220,37.1,58.2,22.07
15221,37.1,58.2,22.06
15222,37.1,58.2,22.06
15223,37.1,58.2,22.06
15224,37.1,58.2,22.06
15225,37.1,58.2,22.06
15226,37.1,58.2,22.06
15227,37.1,58.2,22.06
15228,37.1,58.2,22.05
15229,37.1,58.2,22.05
15230,37.1,58.2,22.05
15231,37.1,58.2,22.05
15232,37.1,58.2,22.05
15233,37.1,58.2,22.05
15234,37.1,58.2,22.05
15235,37.1,58.2,22.04
15236,37.1,58.2,22.04
15237,37.1,58.2,22.04
15238,37.1,58.2,22.04
15239,37.1,58.2,22.04
15240,37.1,58.2,22.04
15241,37.1,58.2,22.04
15242,37.1,58.2,22.03
15243,37.1,58.2,22.03
15244,37.1,58.2,22.03
15245,37.1,58.2,22.03
15246,37.1,58.2,22.03
15247,37.1,58.2,22.03
15248,37.1,58.2,22.03
15249,37.1,58.2,22.02
15250,37.1,58.2,22.02
15251,37.1,58.2,22.02
15252,37.1,58.2,22.02
15253,37.1,58.2,22.02
15254,37.1,58.2,22.02
15255,37.1,58.2,22.02
15256,37.1,58.2,22.01
15257,37.1,58.2,22.01
15258,37.1,58.2,22.01
15259,37.1,58.2,22.01
15260,37.1,58.2,22.01
15261,37.1,58.2,22.01
15262,37.1,58.2,22.01
15263,37.1,58.2,22.0
15264,37.1,58.2,22.0
15265,37.1,58.2,22.0
15266,37.1,58.2,22.0
15267,37.1,58.2,22.0
15268,37.1,58.2,22.0
15269,37.1,58.2,22.0
15270,37.1,58.2,21.99
15271,37.1,58.2,21.99
15272,37.1,58.2,21.99
15273,37.1,58.2,21.99
15274,37.1,58.2,21.99
15275,37.1,58.1,21.99
15276,37.1,58.2,21.99
15277,37.1,58.1,21.98
15278,37.1,58.1,21.98
15279,37.1,58.1,21.98
15280,37.1,58.1,21.98
15281,37.1,58.2,21.98
15282,37.1,58.2,21.98
15283,37.1,58.2,21.98
15284,37.1,58.2,21.97
15285,37.1,58.2,21.97
15286,37.1,58.2,21.97
15287,37.1,58.2,21.97
15288,37.1,58.2,21.97
15289,37.1,58.2,21.97
15290,37.1,58.2,21.97
15291,37.1,58.2,21.96
15292,37.1,58.2,21.96
15293,37.1,58.2,21.96
15294,37.1,58.2,21.96
15295,37.1,58.2,21.96
15296,37.1,58.2,21.96
15297,37.1,58.2,21.96
15298,37.1,58.2,21.95
15299,37.1,58.2,21.95
15300,37.1,58.2,21.95
15301,37.1,58.2,21.95
15302,37.1,58.2,21.95
15303,37.1,58.2,21.95
15304,37.1,58.1,21.95
15305,37.1,58.2,21.94
15306,37.1,58.1,22.08
15307,37.1,58.1,22.08
15308,37.1,58.1,22.08
15309,37.1,58.1,22.08
15310,37.1,58.1,22.07
15311,37.1,58.1,22.07
15312,37.1,58.1,22.07
15313,37.1,58.1,22.07
15314,37.1,58.1,22.07
15315,37.1,58.1,22.07
15316,37.1,58.1,22.07
15317,37.1,58.1,22.06
15318,37.1,58.1,22.06
15319,37.1,58.2,22.06
15320,37.1,58.1,22.06
15321,37.1,58.1,22.06
15322,37.1,58.1,22.06
15323,37.1,58.1,22.06
15324,37.1,58.2,22.05
15325,37.1,58.2,22.05
15326,37.1,58.2,22.05
15327,37.1,58.2,22.05
15328,37.1,58.2,22.05
15329,37.1,58.2,22.05
15330,37.1,58.1,22.05
15331,37.0,58.1,22.14
15332,37.0,58.1,22.14
15333,37.0,58.1,22.14
15334,37.0,58.1,22.14
15335,37.0,58.1,22.14
15336,37.0,58.1,22.14
15337,37.0,58.1,22.14
15338,37.0,58.1,22.13
15339,37.0,58.1,22.13
15340,37.0,58.1,22.13
15341,37.0,58.1,22.13
15342,37.0,58.1,22.13
15343,37.0,58.1,22.13
15344,37.0,58.1,22.13
15345,37.0,58.1,22.12
15346,37.0,58.1,22.12
15347,37.0,58.1,22.12
15348,37.0,58.1,22.12
15349,37.0,58.1,22.12
15350,37.0,58.1,22.12
15351,37.0,58.2,22.12
15352,37.0,58.1,22.11
15353,37.0,58.1,22.11
15354,37.0,58.1,22.11
15355,37.0,58.2,22.11
15356,37.0,58.1,22.11
15357,37.0,58.1,22.11
15358,37.0,58.1,22.11
15359,37.0,58.1,22.1
15360,37.0,58.1,22.1
15361,37.0,58.1,22.1
15362,37.0,58.1,22.1
15363,37.0,58.1,22.1
15364,37.0,58.1,22.1
15365,37.0,58.1,22.1
15366,37.0,58.1,22.09
15367,37.0,58.1,22.09
15368,37.0,58.1,22.09
15369,37.0,58.1,22.09
15370,37.0,58.1,22.09
15371,37.0,58.1,22.09
15372,37.0,58.1,22.09
15373,36.9,58.1,22.16
15374,36.9,58.1,22.15
15375,36.9,58.1,22.15
15376,36.9,58.1,22.15
15377,36.9,58.1,22.15
15378,36.9,58.1,22.15
15379,36.9,58.1,22.15
15380,36.9,58.1,22.15
15381,36.9,58.1,22.14
15382,36.9,58.1,22.14
15383,36.9,58.1,22.14
15384,36.9,58.1,22.14
15385,36.9,58.1,22.14
15386,36.9,58.1,22.14
15387,36.9,58.1,22.14
15388,36.9,58.1,22.13
15389,36.9,58.1,22.13
15390,36.9,58.1,22.13
15391,36.9,58.1,22.13
15392,36.9,58.1,22.13
15393,36.9,58.1,22.23
15394,36.9,58.1,22.23
15395,36.9,58.1,22.22
15396,36.9,58.1,22.22
15397,36.9,58.1,22.22
15398,36.9,58.1,22.22
15399,36.9,58.1,22.22
15400,36.9,58.1,22.22
15401,36.9,58.1,22.22
15402,36.9,58.1,22.21
15403,36.9,58.1,22.21
15404,36.9,58.1,22.21
15405,36.9,58.1,22.21
15406,36.9,58.1,22.21
15407,36.9,58.1,22.21
15408,36.9,58.1,22.21
15409,36.9,58.1,22.2
15410,36.9,58.1,22.2
15411,36.9,58.1,22.2
15412,36.9,58.1,22.2
15413,36.9,58.1,22.2
15414,36.9,58.1,22.2
15415,36.9,58.1,22.2
15416,36.9,58.1,22.19
15417,36.9,58.2,22.19
15418,36.9,58.2,22.19
15419,36.9,58.2,22.19
15420,36.9,58.2,22.19
15421,36.9,58.2,22.19
15422,36.9,58.2,22.19
15423,36.9,58.2,22.18
15424,36.9,58.2,22.18
15425,36.9,58.2,22.18
15426,36.9,58.1,22.18
15427,36.9,58.1,22.18
15428,36.9,58.1,22.18
15429,36.9,58.2,22.18
15430,36.9,58.2,22.17
15431,36.9,58.2,22.17
15432,36.9,58.2,22.17
15433,36.9,58.2,22.17
15434,36.9,58.2,22.17
15435,36.9,58.1,22.17
15436,36.9,58.1,22.17
15437,36.9,58.1,22.16
15438,36.9,58.1,22.16
15439,36.9,58.2,22.16
15440,36.9,58.1,22.16
15441,36.9,58.1,22.16
15442,36.9,58.1,22.16
15443,36.9,58.1,22.16
15444,36.8,58.1,22.25
15445,36.7,58.1,22.31
15446,36.7,58.1,22.31
15447,36.7,58.1,22.31
15448,36.7,58.1,22.3
15449,36.7,58.1,22.3
15450,36.7,58.1,22.3
15451,36.7,58.1,22.3
15452,36.7,58.1,22.3
15453,36.7,58.1,22.3
15454,36.7,58.1,22.3
15455,36.7,58.1,22.29
15456,36.7,58.1,22.29
15457,36.7,58.1,22.29
15458,36.7,58.1,22.29
15459,36.7,58.1,22.29
15460,36.7,58.1,22.29
15461,36.7,58.1,22.29
15462,36.7,58.1,22.28
15463,36.7,58.1,22.28
15464,36.7,58.1,22.28
15465,36.7,58.1,22.28
15466,36.7,58.1,22.28
15467,36.7,58.1,22.28
15468,36.7,58.1,22.28
15469,36.7,58.1,22.27
15470,36.7,58.2,22.27
15471,36.7,58.1,22.27
15472,36.7,58.1,22.27
15473,36.7,58.1,22.27
15474,36.7,58.1,22.27
15475,36.7,58.2,22.26
15476,36.7,58.2,22.26
15477,36.7,58.2,22.26
15478,36.7,58.1,22.26
15479,36.7,58.1,22.26
15480,36.7,58.2,22.26
15481,36.7,58.1,22.26
15482,36.7,58.2,22.25
15483,36.7,58.2,22.25
15484,36.7,58.2,22.25
15485,36.7,58.2,22.25
15486,36.7,58.2,22.25
15487,36.7,58.2,22.25
15488,36.7,58.2,22.25
15489,36.7,58.2,22.24
15490,36.7,58.2,22.24
15491,36.7,58.2,22.24
15492,36.7,58.2,22.24
15493,36.7,58.2,22.24
15494,36.7,58.2,22.24
15495,36.7,58.2,22.24
15496,36.7,58.2,22.23
15497,36.7,58.2,22.23
15498,36.7,58.2,22.23
15499,36.7,58.2,22.23
15500,36.7,58.2,22.23
15501,36.7,58.2,22.23
15502,36.7,58.2,22.23
15503,36.7,58.2,22.22
15504,36.7,58.1,22.22
15505,36.7,58.1,22.22
15506,36.7,58.2,22.22
15507,36.7,58.2,22.22
15508,36.7,58.2,22.33
15509,36.7,58.1,22.33
15510,36.7,58.1,22.33
15511,36.7,58.1,22.33
15512,36.7,58.1,22.32
15513,36.7,58.1,22.32
15514,36.7,58.1,22.32
15515,36.7,58.1,22.32
15516,36.7,58.1,22.32
15517,36.7,58.1,22.32
15518,36.7,58.1,22.32
15519,36.7,58.1,22.31
15520,36.7,58.1,22.31
15521,36.7,58.1,22.31
15522,36.7,58.1,22.31
15523,36.7,58.1,22.31
15524,36.7,58.1,22.31
15525,36.7,58.1,22.31
15526,36.7,58.1,22.3
15527,36.7,58.1,22.3
15528,36.7,58.1,22.3
15529,36.7,58.1,22.3
15530,36.7,58.1,22.3
15531,36.7,58.1,22.3
15532,36.7,58.1,22.3
15533,36.7,58.1,22.29
15534,36.7,58.1,22.29
15535,36.7,58.1,22.29
15536,36.7,58.1,22.29
15537,36.7,58.1,22.29
15538,36.7,58.1,22.29
15539,36.7,58.1,22.29
15540,36.7,58.1,22.4
15541,36.7,58.1,22.4
15542,36.7,58.1,22.4
15543,36.7,58.1,22.4
15544,36.7,58.1,22.4
15545,36.7,58.1,22.4
15546,36.7,58.1,22.39
15547,36.7,58.1,22.39
15548,36.7,58.1,22.39
15549,36.7,58.2,22.39
15550,36.7,58.2,22.39
15551,36.7,58.2,22.39
15552,36.7,58.2,22.39
15553,36.7,58.2,22.38
15554,36.7,58.2,22.38
15555,36.7,58.2,22.38
15556,36.7,58.2,22.38
15557,36.7,58.2,22.38
15558,36.7,58.2,22.38
15559,36.7,58.2,22.38
15560,36.7,58.2,22.37
15561,36.7,58.2,22.37
15562,36.7,58.2,22.37
15563,36.7,58.2,22.37
15564,36.7,58.2,22.37
15565,36.6,58.2,22.45
15566,36.6,58.2,22.45
15567,36.6,58.2,22.45
15568,36.6,58.2,22.45
15569,36.6,58.2,22.45
15570,36.6,58.2,22.45
15571,36.6,58.2,22.45
15572,36.6,58.2,22.44
15573,36.6,58.2,22.44
15574,36.6,58.2,22.44
15575,36.6,58.2,22.44
15576,36.6,58.2,22.44
15577,36.6,58.2,22.44
15578,36.6,58.2,22.44
15579,36.6,58.2,22.43
15580,36.6,58.2,22.43
15581,36.6,58.2,22.43
15582,36.6,58.2,22.43
15583,36.6,58.2,22.43
15584,36.6,58.2,22.43
15585,36.6,58.2,22.43
15586,36.6,58.2,22.42
15587,36.6,58.2,22.42
15588,36.6,58.2,22.42
15589,36.6,58.2,22.42
15590,36.6,58.2,22.42
15591,36.6,58.2,22.42
15592,36.6,58.2,22.42
15593,36.6,58.2,22.41
15594,36.6,58.2,22.41
15595,36.6,58.2,22.41
15596,36.6,58.2,22.41
15597,36.6,58.2,22.41
15598,36.6,58.2,22.41
15599,36.6,58.2,22.41
15600,36.6,58.2,22.4
15601,36.6,58.2,22.4
15602,36.6,58.2,22.4
15603,36.6,58.2,22.4
15604,36.6,58.2,22.4
15605,36.6,58.2,22.4
15606,36.6,58.2,22.4
15607,36.6,58.2,22.39
15608,36.6,58.2,22.39
15609,36.6,58.2,22.39
15610,36.6,58.2,22.39
15611,36.6,58.2,22.39
15612,36.6,58.2,22.39
15613,36.6,58.2,22.39
15614,36.6,58.2,22.38
15615,36.6,58.2,22.38
15616,36.6,58.2,22.38
15617,36.6,58.2,22.38
15618,36.6,58.2,22.38
15619,36.6,58.2,22.38
15620,36.6,58.2,22.38
15621,36.6,58.2,22.37
15622,36.6,58.2,22.37
15623,36.6,58.2,22.37
15624,36.6,58.2,22.37
15625,36.6,58.2,22.37
15626,36.6,58.2,22.37
15627,36.6,58.2,22.37
15628,36.6,58.2,22.36
15629,36.6,58.2,22.36
15630,36.6,58.2,22.36
15631,36.6,58.2,22.36
15632,36.6,58.2,22.36
15633,36.6,58.2,22.36
15634,36.6,58.2,22.36
15635,36.6,58.2,22.35
15636,36.6,58.2,22.47
15637,36.6,58.2,22.47
15638,36.6,58.2,22.46
15639,36.6,58.2,22.46
15640,36.6,58.2,22.46
15641,36.6,58.2,22.46
15642,36.6,58.2,22.46
15643,36.6,58.2,22.46
15644,36.6,58.2,22.46
15645,36.6,58.2,22.45
15646,36.6,58.2,22.45
15647,36.6,58.2,22.45
15648,36.6,58.2,22.45
15649,36.6,58.2,22.45
15650,36.6,58.2,22.45
15651,36.6,58.2,22.45
15652,36.6,58.2,22.44
15653,36.6,58.2,22.44
15654,36.6,58.2,22.44
15655,36.6,58.2,22.44
15656,36.6,58.2,22.44
15657,36.6,58.2,22.44
15658,36.6,58.2,22.44
15659,36.6,58.2,22.43
15660,36.6,58.2,22.43
15661,36.6,58.2,22.43
15662,36.6,58.2,22.43
15663,36.6,58.2,22.43
15664,36.6,58.2,22.43
15665,36.6,58.2,22.43
15666,36.6,58.2,22.42
15667,36.6,58.2,22.42
15668,36.6,58.2,22.42
15669,36.6,58.2,22.42
15670,36.6,58.2,22.42
15671,36.6,58.2,22.42
15672,36.6,58.2,22.42
15673,36.6,58.2,22.41
15674,36.6,58.2,22.41
15675,36.6,58.2,22.41
15676,36.6,58.2,22.41
15677,36.6,58.2,22.41
15678,36.6,58.2,22.41
15679,36.6,58.2,22.41
15680,36.6,58.2,22.4
15681,36.6,58.2,22.4
15682,36.6,58.2,22.4
15683,36.6,58.2,22.4
15684,36.6,58.2,22.4
15685,36.6,58.2,22.4
15686,36.6,58.2,22.4
15687,36.6,58.2,22.39
15688,36.6,58.2,22.39
15689,36.6,58.2,22.39
15690,36.6,58.2,22.39
15691,36.6,58.2,22.39
15692,36.6,58.2,22.39
15693,36.6,58.2,22.39
15694,36.6,58.2,22.38
15695,36.6,58.2,22.38
15696,36.6,58.2,22.38
15697,36.6,58.2,22.38
15698,36.6,58.2,22.38
15699,36.6,58.2,22.38
15700,36.6,58.2,22.38
15701,36.6,58.2,22.37
15702,36.6,58.2,22.37
15703,36.6,58.2,22.37
15704,36.6,58.2,22.37
15705,36.6,58.2,22.37
15706,36.6,58.2,22.37
15707,36.6,58.2,22.37
15708,36.6,58.2,22.36
15709,36.6,58.2,22.36
15710,36.6,58.2,22.36
15711,36.6,58.2,22.36
15712,36.6,58.2,22.36
15713,36.6,58.2,22.36
15714,36.6,58.2,22.36
15715,36.6,58.2,22.35
15716,36.6,58.2,22.35
15717,36.6,58.2,22.35
15718,36.6,58.2,22.35
15719,36.6,58.2,22.35
15720,36.6,58.2,22.35
15721,36.6,58.2,22.35
15722,36.6,58.2,22.34
15723,36.6,58.2,22.34
15724,36.6,58.2,22.34
15725,36.6,58.2,22.34
15726,36.6,58.2,22.34
15727,36.6,58.2,22.34
15728,36.6,58.2,22.34
15729,36.6,58.2,22.33
15730,36.6,58.2,22.33
15731,36.6,58.2,22.33
15732,36.6,58.2,22.33
15733,36.6,58.2,22.33
15734,36.6,58.2,22.33
15735,36.6,58.2,22.33
15736,36.6,58.2,22.32
15737,36.6,58.2,22.32
15738,36.6,58.2,22.32
15739,36.6,58.2,22.32
15740,36.6,58.2,22.32
15741,36.6,58.2,22.32
15742,36.6,58.2,22.32
15743,36.6,58.2,22.31
15744,36.6,58.2,22.31
15745,36.6,58.2,22.31
15746,36.6,58.2,22.31
15747,36.6,58.2,22.31
15748,36.6,58.2,22.31
15749,36.6,58.2,22.31
15750,36.6,58.2,22.3
15751,36.6,58.2,22.3
15752,36.6,58.2,22.3
15753,36.6,58.2,22.3
15754,36.6,58.2,22.3
15755,36.6,58.2,22.3
15756,36.6,58.2,22.3
15757,36.6,58.2,22.29
15758,36.6,58.2,22.29
15759,36.6,58.2,22.29
15760,36.6,58.2,22.29
15761,36.6,58.3,22.29
15762,36.6,58.2,22.29
15763,36.6,58.3,22.29
15764,36.6,58.3,22.28
15765,36.6,58.3,22.28
15766,36.6,58.3,22.28
15767,36.6,58.3,22.28
15768,36.6,58.3,22.28
15769,36.6,58.3,22.28
15770,36.6,58.3,22.28
15771,36.6,58.3,22.28
15772,36.6,58.3,22.27
15773,36.6,58.3,22.27
15774,36.6,58.3,22.27
15775,36.6,58.3,22.27
15776,36.6,58.3,22.27
15777,36.6,58.3,22.27
15778,36.6,58.3,22.27
15779,36.6,58.3,22.26
15780,36.6,58.3,22.26
15781,36.6,58.3,22.26
15782,36.6,58.3,22.26
15783,36.6,58.3,22.26
15784,36.6,58.3,22.26
15785,36.6,58.3,22.26
15786,36.6,58.3,22.25
15787,36.6,58.3,22.25
15788,36.6,58.3,22.25
15789,36.6,58.3,22.25
15790,36.6,58.3,22.25
15791,36.6,58.3,22.25
15792,36.6,58.3,22.25
15793,36.6,58.2,22.24
15794,36.6,58.2,22.24
15795,36.6,58.2,22.24
15796,36.6,58.2,22.24
15797,36.6,58.2,22.24
15798,36.6,58.2,22.24
15799,36.6,58.2,22.24
15800,36.6,58.2,22.23
15801,36.6,58.2,22.23
15802,36.6,58.2,22.23
15803,36.6,58.2,22.23
15804,36.6,58.2,22.23
15805,36.6,58.2,22.23
15806,36.6,58.2,22.23
15807,36.6,58.2,22.22
15808,36.6,58.2,22.22
15809,36.6,58.2,22.22
15810,36.6,58.2,22.22
15811,36.6,58.2,22.22
15812,36.6,58.2,22.22
15813,36.6,58.2,22.22
15814,36.6,58.2,22.21
15815,36.6,58.2,22.21
15816,36.6,58.2,22.21
15817,36.6,58.2,22.21
15818,36.6,58.2,22.21
15819,36.6,58.2,22.21
15820,36.6,58.2,22.21
15821,36.6,58.2,22.2
15822,36.6,58.2,22.2
15823,36.6,58.3,22.2
15824,36.6,58.3,22.2
15825,36.6,58.2,22.2
15826,36.6,58.3,22.2
15827,36.6,58.2,22.2
15828,36.6,58.3,22.19
15829,36.6,58.3,22.19
15830,36.6,58.3,22.19
15831,36.6,58.3,22.19
15832,36.6,58.2,22.19
15833,36.6,58.3,22.19
15834,36.6,58.3,22.19
15835,36.6,58.3,22.19
15836,36.6,58.2,22.18
15837,36.6,58.2,22.18
15838,36.6,58.2,22.18
15839,36.6,58.2,22.18
15840,36.6,58.2,22.18
15841,36.6,58.2,22.18
15842,36.6,58.3,22.18
15843,36.6,58.3,22.17
15844,36.6,58.3,22.17
15845,36.6,58.3,22.17
15846,36.6,58.3,22.17
15847,36.6,58.3,22.17
15848,36.6,58.3,22.17
15849,36.6,58.3,22.17
15850,36.6,58.3,22.16
15851,36.6,58.2,22.16
15852,36.6,58.2,22.16
15853,36.6,58.2,22.16
15854,36.6,58.2,22.16
15855,36.6,58.2,22.16
15856,36.6,58.2,22.16
15857,36.6,58.2,22.15
15858,36.6,58.2,22.15
15859,36.6,58.3,22.15
15860,36.6,58.3,22.15
15861,36.6,58.2,22.15
15862,36.6,58.3,22.15
15863,36.6,58.2,22.15
15864,36.6,58.3,22.14
15865,36.6,58.3,22.14
15866,36.6,58.3,22.14
15867,36.6,58.3,22.14
15868,36.6,58.2,22.14
15869,36.6,58.3,22.14
15870,36.6,58.2,22.14
15871,36.6,58.3,22.13
15872,36.6,58.3,22.13
15873,36.6,58.2,22.13
15874,36.6,58.3,22.13
15875,36.6,58.3,22.13
15876,36.5,58.3,22.2
15877,36.5,58.3,22.2
15878,36.5,58.3,22.19
15879,36.5,58.3,22.19
15880,36.5,58.2,22.19
15881,36.5,58.3,22.19
15882,36.5,58.2,22.19
15883,36.5,58.2,22.19
15884,36.5,58.2,22.19
15885,36.5,58.2,22.18
15886,36.5,58.2,22.18
15887,36.5,58.2,22.18
15888,36.5,58.2,22.18
15889,36.5,58.2,22.18
15890,36.5,58.2,22.18
15891,36.5,58.2,22.18
15892,36.5,58.2,22.17
15893,36.5,58.3,22.17
15894,36.5,58.3,22.17
15895,36.5,58.3,22.17
15896,36.5,58.3,22.17
15897,36.5,58.3,22.17
15898,36.5,58.3,22.17
15899,36.5,58.3,22.16
15900,36.5,58.3,22.16
15901,36.5,58.2,22.16
15902,36.5,58.2,22.16
15903,36.5,58.2,22.16
15904,36.5,58.2,22.16
15905,36.5,58.3,22.16
15906,36.5,58.2,22.16
15907,36.5,58.2,22.15
15908,36.5,58.2,22.15
15909,36.5,58.3,22.15
15910,36.5,58.3,22.15
15911,36.5,58.2,22.15
15912,36.5,58.3,22.15
15913,36.5,58.3,22.15
15914,36.5,58.3,22.14
15915,36.5,58.3,22.14
15916,36.5,58.3,22.14
15917,36.5,58.3,22.14
15918,36.5,58.3,22.14
15919,36.5,58.3,22.14
15920,36.5,58.3,22.14
15921,36.5,58.3,22.13
15922,36.5,58.3,22.13
15923,36.5,58.3,22.13
15924,36.5,58.3,22.13
15925,36.5,58.3,22.13
15926,36.5,58.3,22.13
15927,36.5,58.3,22.13
15928,36.5,58.3,22.12
15929,36.5,58.3,22.12
15930,36.5,58.3,22.12
15931,36.5,58.3,22.12
15932,36.5,58.3,22.12
15933,36.5,58.3,22.12
15934,36.5,58.3,22.12
15935,36.5,58.2,22.11
15936,36.5,58.3,22.11
15937,36.5,58.2,22.11
15938,36.5,58.3,22.11
15939,36.5,58.3,22.11
15940,36.5,58.3,22.11
15941,36.5,58.3,22.11
15942,36.5,58.2,22.11
15943,36.5,58.3,22.1
15944,36.5,58.2,22.1
15945,36.5,58.2,22.1
15946,36.5,58.2,22.1
15947,36.5,58.2,22.1
15948,36.5,58.2,22.1
15949,36.5,58.2,22.1
15950,36.5,58.2,22.09
15951,36.5,58.2,22.09
15952,36.5,58.2,22.09
15953,36.5,58.2,22.09
15954,36.5,58.2,22.09
15955,36.5,58.2,22.09
15956,36.5,58.2,22.09
15957,36.5,58.2,22.08
15958,36.5,58.2,22.2
15959,36.5,58.2,22.2
15960,36.5,58.2,22.2
15961,36.5,58.2,22.19
15962,36.5,58.2,22.19
15963,36.5,58.2,22.19
15964,36.5,58.2,22.19
15965,36.5,58.2,22.19
15966,36.5,58.2,22.19
15967,36.5,58.2,22.19
15968,36.5,58.2,22.18
15969,36.5,58.2,22.18
15970,36.5,58.2,22.18
15971,36.5,58.2,22.18
15972,36.5,58.2,22.18
15973,36.5,58.2,22.18
15974,36.5,58.2,22.18
15975,36.5,58.2,22.18
15976,36.5,58.2,22.17
15977,36.5,58.2,22.17
15978,36.5,58.2,22.17
15979,36.5,58.2,22.17
15980,36.5,58.2,22.17
15981,36.5,58.2,22.17
15982,36.5,58.2,22.17
15983,36.5,58.2,22.16
15984,36.5,58.2,22.16
15985,36.5,58.2,22.16
15986,36.5,58.2,22.16
15987,36.5,58.2,22.16
15988,36.5,58.2,22.16
15989,36.5,58.2,22.16
15990,36.5,58.2,22.15
15991,36.5,58.2,22.15
15992,36.5,58.2,22.15
15993,36.5,58.3,22.15
15994,36.5,58.3,22.15
15995,36.5,58.2,22.15
15996,36.5,58.3,22.15
15997,36.5,58.3,22.14
15998,36.5,58.3,22.14
15999,36.5,58.3,22.14
16000,36.5,58.3,22.14
16001,36.5,58.3,22.14
16002,36.5,58.3,22.14
16003,36.5,58.3,22.14
16004,36.5,58.3,22.14
16005,36.5,58.3,22.13
16006,36.5,58.3,22.13
16007,36.5,58.3,22.13
16008,36.5,58.3,22.13
16009,36.5,58.2,22.13
16010,36.5,58.3,22.13
16011,36.5,58.3,22.13
16012,36.5,58.3,22.12
16013,36.5,58.3,22.12
16014,36.5,58.3,22.12
16015,36.5,58.3,22.12
16016,36.5,58.2,22.12
16017,36.5,58.3,22.12
16018,36.5,58.2,22.12
16019,36.5,58.2,22.11
16020,36.5,58.3,22.11
16021,36.5,58.3,22.11
16022,36.5,58.3,22.11
16023,36.5,58.3,22.11
16024,36.5,58.3,22.11
16025,36.5,58.3,22.11
16026,36.5,58.3,22.1
16027,36.5,58.3,22.1
16028,36.5,58.3,22.1
16029,36.5,58.3,22.1
16030,36.5,58.3,22.1
16031,36.5,58.3,22.1
16032,36.5,58.3,22.1
16033,36.5,58.3,22.1
16034,36.5,58.3,22.09
16035,36.5,58.3,22.09
16036,36.5,58.3,22.09
16037,36.5,58.3,22.09
16038,36.5,58.3,22.09
16039,36.5,58.3,22.09
16040,36.5,58.3,22.09
16041,36.5,58.3,22.08
16042,36.5,58.3,22.08
16043,36.5,58.3,22.08
16044,36.5,58.3,22.08
16045,36.5,58.3,22.08
16046,36.5,58.3,22.08
16047,36.5,58.3,22.08
16048,36.5,58.3,22.07
16049,36.5,58.3,22.07
16050,36.5,58.3,22.07
16051,36.5,58.3,22.07
16052,36.5,58.3,22.07
16053,36.5,58.3,22.07
16054,36.5,58.3,22.07
16055,36.5,58.3,22.06
16056,36.5,58.3,22.06
16057,36.5,58.3,22.06
16058,36.5,58.3,22.06
16059,36.5,58.3,22.06
16060,36.5,58.3,22.06
16061,36.5,58.3,22.06
16062,36.5,58.3,22.06
16063,36.5,58.3,22.05
16064,36.5,58.3,22.05
16065,36.5,58.3,22.05
16066,36.5,58.3,22.05
16067,36.5,58.3,22.05
16068,36.5,58.3,22.05
16069,36.5,58.3,22.05
16070,36.5,58.3,22.04
16071,36.5,58.3,22.04
16072,36.5,58.3,22.04
16073,36.5,58.3,22.04
16074,36.5,58.3,22.04
16075,36.5,58.3,22.04
16076,36.5,58.3,22.04
16077,36.5,58.3,22.03
16078,36.5,58.3,22.03
16079,36.5,58.3,22.03
16080,36.5,58.3,22.03
16081,36.5,58.3,22.03
16082,36.5,58.3,22.03
16083,36.5,58.3,22.03
16084,36.5,58.3,22.02
16085,36.5,58.3,22.02
16086,36.5,58.3,22.02
16087,36.5,58.3,22.02
16088,36.5,58.3,22.02
16089,36.5,58.3,22.02
16090,36.5,58.3,22.02
16091,36.5,58.3,22.02
16092,36.5,58.3,22.01
16093,36.5,58.3,22.01
16094,36.5,58.3,22.01
16095,36.5,58.3,22.01
16096,36.5,58.3,22.01
16097,36.5,58.3,22.01
16098,36.5,58.3,22.01
16099,36.5,58.3,22.0
16100,36.5,58.3,22.0
16101,36.5,58.3,22.0
16102,36.5,58.3,22.0
16103,36.5,58.3,22.0
16104,36.5,58.3,22.0
16105,36.5,58.3,22.0
16106,36.5,58.3,21.99
16107,36.5,58.3,21.99
16108,36.5,58.3,21.99
16109,36.5,58.3,21.99
16110,36.5,58.3,21.99
16111,36.5,58.3,21.99
16112,36.5,58.3,21.99
16113,36.5,58.3,21.99
16114,36.5,58.3,21.98
16115,36.5,58.3,21.98
16116,36.5,58.3,21.98
16117,36.5,58.3,21.98
16118,36.5,58.3,21.98
16119,36.5,58.3,21.98
16120,36.5,58.3,21.98
16121,36.5,58.3,21.97
16122,36.5,58.3,21.97
16123,36.5,58.3,21.97
16124,36.5,58.3,21.97
16125,36.5,58.3,21.97
16126,36.5,58.3,21.97
16127,36.5,58.3,21.97
16128,36.5,58.2,21.96
16129,36.5,58.2,21.96
16130,36.5,58.3,21.96
16131,36.5,58.2,21.96
16132,36.5,58.3,21.96
16133,36.5,58.3,21.96
16134,36.5,58.2,21.96
16135,36.5,58.3,21.96
16136,36.5,58.3,21.95
16137,36.5,58.3,21.95
16138,36.5,58.3,21.95
16139,36.5,58.3,21.95
16140,36.5,58.3,21.95
16141,36.5,58.3,21.95
16142,36.5,58.3,21.95
16143,36.5,58.2,21.94
16144,36.5,58.3,21.94
16145,36.5,58.2,21.94
16146,36.5,58.2,21.94
16147,36.5,58.3,21.94
16148,36.5,58.3,21.94
16149,36.5,58.3,21.94
16150,36.5,58.3,21.93
16151,36.5,58.3,21.93
16152,36.5,58.3,21.93
16153,36.5,58.3,21.93
16154,36.5,58.3,21.93
16155,36.5,58.3,21.93
16156,36.5,58.3,21.93
16157,36.5,58.3,21.93
16158,36.5,58.3,21.92
16159,36.5,58.3,21.92
16160,36.5,58.3,21.92
16161,36.5,58.3,21.92
16162,36.5,58.3,21.92
16163,36.5,58.3,21.92
16164,36.5,58.3,21.92
16165,36.5,58.3,21.91
16166,36.5,58.3,21.91
16167,36.5,58.3,21.91
16168,36.5,58.3,21.91
16169,36.5,58.3,21.91
16170,36.5,58.3,21.91
16171,36.5,58.3,21.91
16172,36.5,58.3,21.91
16173,36.5,58.3,21.9
16174,36.5,58.3,21.9
16175,36.5,58.3,21.9
16176,36.5,58.3,21.9
16177,36.5,58.3,21.9
16178,36.5,58.3,21.9
16179,36.5,58.3,21.9
16180,36.5,58.3,21.89
16181,36.5,58.3,21.89
16182,36.5,58.3,21.89
16183,36.5,58.3,21.89
16184,36.5,58.3,21.89
16185,36.5,58.3,21.89
16186,36.5,58.3,21.89
16187,36.5,58.3,21.88
16188,36.5,58.3,21.88
16189,36.5,58.3,21.88
16190,36.5,58.3,21.88
16191,36.5,58.3,21.88
16192,36.5,58.3,21.88
16193,36.5,58.3,21.88
16194,36.5,58.3,21.88
16195,36.5,58.3,21.87
16196,36.5,58.3,21.98
16197,36.5,58.3,21.98
16198,36.5,58.3,21.97
16199,36.5,58.3,21.97
16200,36.5,58.3,21.97
16201,36.5,58.3,21.97
16202,36.5,58.3,21.97
16203,36.5,58.3,21.97
16204,36.5,58.3,21.97
16205,36.5,58.3,21.97
16206,36.5,58.3,21.96
16207,36.5,58.3,21.96
16208,36.5,58.3,21.96
16209,36.5,58.3,21.96
16210,36.5,58.3,21.96
16211,36.5,58.3,21.96
16212,36.5,58.3,21.96
16213,36.5,58.3,21.95
16214,36.5,58.3,21.95
16215,36.5,58.3,21.95
16216,36.5,58.3,21.95
16217,36.5,58.3,21.95
16218,36.5,58.3,21.95
16219,36.5,58.3,21.95
16220,36.5,58.3,21.95
16221,36.5,58.3,21.94
16222,36.5,58.3,21.94
16223,36.5,58.3,22.09
16224,36.5,58.2,22.09
16225,36.5,58.2,22.09
16226,36.5,58.2,22.09
16227,36.5,58.2,22.09
16228,36.5,58.2,22.09
16229,36.5,58.2,22.08
16230,36.5,58.2,22.08
16231,36.5,58.2,22.08
16232,36.5,58.2,22.08
16233,36.5,58.2,22.08
16234,36.5,58.2,22.08
16235,36.5,58.2,22.08
16236,36.5,58.2,22.07
16237,36.5,58.2,22.07
16238,36.5,58.2,22.07
16239,36.5,58.2,22.07
16240,36.5,58.2,22.07
16241,36.5,58.2,22.07
16242,36.5,58.2,22.07
16243,36.5,58.2,22.06
16244,36.5,58.2,22.06
16245,36.5,58.2,22.06
16246,36.5,58.2,22.17
16247,36.5,58.2,22.16
16248,36.5,58.2,22.16
16249,36.5,58.2,22.16
16250,36.5,58.2,22.16
16251,36.5,58.2,22.16
16252,36.5,58.2,22.16
16253,36.5,58.2,22.16
16254,36.5,58.2,22.15
16255,36.5,58.2,22.15
16256,36.4,58.2,22.23
16257,36.4,58.2,22.23
16258,36.4,58.2,22.23
16259,36.4,58.2,22.23
16260,36.4,58.2,22.23
16261,36.4,58.2,22.22
16262,36.4,58.2,22.22
16263,36.4,58.2,22.22
16264,36.4,58.2,22.22
16265,36.4,58.2,22.22
16266,36.4,58.2,22.22
16267,36.4,58.2,22.22
16268,36.4,58.2,22.22
16269,36.4,58.2,22.21
16270,36.4,58.2,22.21
16271,36.4,58.2,22.21
16272,36.4,58.2,22.21
16273,36.4,58.2,22.21
16274,36.4,58.2,22.21
16275,36.4,58.2,22.21
16276,36.4,58.2,22.2
16277,36.4,58.2,22.2
16278,36.4,58.2,22.2
16279,36.4,58.2,22.2
16280,36.4,58.2,22.2
16281,36.4,58.2,22.2
16282,36.4,58.2,22.2
16283,36.4,58.2,22.19
16284,36.4,58.2,22.19
16285,36.4,58.2,22.19
16286,36.4,58.2,22.19
16287,36.4,58.2,22.19
16288,36.4,58.2,22.19
16289,36.4,58.2,22.19
16290,36.4,58.2,22.19
16291,36.4,58.2,22.18
16292,36.4,58.2,22.18
16293,36.4,58.2,22.18
16294,36.4,58.2,22.18
16295,36.4,58.2,22.18
16296,36.4,58.2,22.18
16297,36.4,58.2,22.18
16298,36.4,58.2,22.17
16299,36.4,58.2,22.17
16300,36.4,58.2,22.17
16301,36.4,58.2,22.17
16302,36.4,58.2,22.17
16303,36.4,58.2,22.17
16304,36.4,58.2,22.17
16305,36.4,58.2,22.16
16306,36.4,58.2,22.16
16307,36.4,58.2,22.16
16308,36.4,58.2,22.16
16309,36.4,58.2,22.16
16310,36.4,58.2,22.16
16311,36.4,58.2,22.16
16312,36.4,58.2,22.16
16313,36.4,58.2,22.15
16314,36.4,58.2,22.15
16315,36.4,58.2,22.15
16316,36.4,58.2,22.15
16317,36.4,58.2,22.15
16318,36.4,58.2,22.15
16319,36.4,58.2,22.15
16320,36.4,58.2,22.14
16321,36.4,58.2,22.14
16322,36.4,58.2,22.14
16323,36.4,58.2,22.14
16324,36.4,58.2,22.14
16325,36.4,58.2,22.14
16326,36.4,58.2,22.14
16327,36.4,58.2,22.14
16328,36.4,58.2,22.13
16329,36.4,58.2,22.13
16330,36.4,58.2,22.13
16331,36.4,58.2,22.13
16332,36.4,58.2,22.13
16333,36.4,58.2,22.22
16334,36.4,58.2,22.22
16335,36.4,58.2,22.22
16336,36.4,58.2,22.22
16337,36.4,58.2,22.22
16338,36.4,58.2,22.22
16339,36.4,58.2,22.22
16340,36.4,58.2,22.22
16341,36.4,58.2,22.21
16342,36.4,58.2,22.21
16343,36.4,58.2,22.21
16344,36.4,58.2,22.21
16345,36.4,58.2,22.21
16346,36.4,58.2,22.21
16347,36.4,58.2,22.21
16348,36.4,58.2,22.2
16349,36.4,58.2,22.2
16350,36.4,58.2,22.2
16351,36.4,58.2,22.2
16352,36.4,58.2,22.2
16353,36.4,58.2,22.2
16354,36.4,58.2,22.2
16355,36.4,58.2,22.2
16356,36.4,58.2,22.19
16357,36.4,58.2,22.19
16358,36.4,58.2,22.19
16359,36.4,58.2,22.19
16360,36.4,58.2,22.19
16361,36.4,58.2,22.19
16362,36.4,58.2,22.19
16363,36.4,58.2,22.18
16364,36.4,58.2,22.18
16365,36.4,58.2,22.18
16366,36.4,58.2,22.18
16367,36.4,58.2,22.18
16368,36.4,58.2,22.18
16369,36.4,58.2,22.18
16370,36.4,58.2,22.17
16371,36.4,58.2,22.17
16372,36.4,58.2,22.17
16373,36.4,58.2,22.17
16374,36.4,58.2,22.17
16375,36.4,58.2,22.17
16376,36.4,58.2,22.17
16377,36.4,58.3,22.17
16378,36.4,58.3,22.16
16379,36.4,58.3,22.28
16380,36.4,58.2,22.28
16381,36.4,58.3,22.28
16382,36.4,58.3,22.28
16383,36.4,58.3,22.28
16384,36.4,58.3,22.28
16385,36.4,58.3,22.28
16386,36.4,58.3,22.28
16387,36.4,58.3,22.27
16388,36.4,58.3,22.27
16389,36.4,58.3,22.27
16390,36.4,58.2,22.27
16391,36.4,58.3,22.27
16392,36.4,58.2,22.27
16393,36.4,58.3,22.27
16394,36.4,58.2,22.26
16395,36.4,58.2,22.26
16396,36.4,58.2,22.26
16397,36.4,58.2,22.26
16398,36.4,58.3,22.26
16399,36.4,58.3,22.26
16400,36.4,58.2,22.26
16401,36.4,58.3,22.25
16402,36.4,58.2,22.25
16403,36.4,58.2,22.25
16404,36.4,58.2,22.25
16405,36.4,58.3,22.25
16406,36.4,58.2,22.25
16407,36.4,58.2,22.25
16408,36.4,58.3,22.25
16409,36.4,58.3,22.24
16410,36.4,58.3,22.24
16411,36.4,58.3,22.24
16412,36.4,58.3,22.24
16413,36.4,58.3,22.24
16414,36.4,58.3,22.24
16415,36.4,58.3,22.24
16416,36.4,58.3,22.23
16417,36.4,58.3,22.23
16418,36.4,58.3,22.23
16419,36.4,58.3,22.23
16420,36.4,58.3,22.23
16421,36.4,58.3,22.23
16422,36.4,58.3,22.23
16423,36.4,58.3,22.22
16424,36.4,58.3,22.22
16425,36.4,58.3,22.22
16426,36.4,58.3,22.22
16427,36.4,58.3,22.22
16428,36.4,58.3,22.22
16429,36.4,58.3,22.22
16430,36.4,58.3,22.22
16431,36.4,58.3,22.21
16432,36.4,58.3,22.21
16433,36.4,58.3,22.21
16434,36.4,58.3,22.21
16435,36.4,58.3,22.21
16436,36.4,58.3,22.21
16437,36.4,58.3,22.21
16438,36.4,58.3,22.2
16439,36.4,58.3,22.2
16440,36.4,58.3,22.2
16441,36.4,58.3,22.2
16442,36.4,58.3,22.2
16443,36.4,58.3,22.2
16444,36.4,58.3,22.2
16445,36.4,58.3,22.2
16446,36.4,58.3,22.19
16447,36.4,58.3,22.19
16448,36.4,58.3,22.19
16449,36.4,58.3,22.19
16450,36.4,58.3,22.19
16451,36.4,58.3,22.19
16452,36.4,58.3,22.19
16453,36.4,58.3,22.18
16454,36.4,58.3,22.18
16455,36.4,58.3,22.18
16456,36.4,58.3,22.18
16457,36.4,58.3,22.18
16458,36.4,58.3,22.18
16459,36.4,58.3,22.18
16460,36.4,58.3,22.17
16461,36.4,58.3,22.17
16462,36.4,58.3,22.17
16463,36.4,58.3,22.17
16464,36.4,58.3,22.17
16465,36.4,58.3,22.17
16466,36.4,58.3,22.17
16467,36.4,58.3,22.17
16468,36.4,58.3,22.16
16469,36.4,58.3,22.16
16470,36.4,58.3,22.16
16471,36.4,58.3,22.16
16472,36.4,58.3,22.16
16473,36.4,58.3,22.16
16474,36.4,58.3,22.16
16475,36.4,58.3,22.15
16476,36.4,58.3,22.15
16477,36.4,58.3,22.15
16478,36.4,58.3,22.15
16479,36.4,58.3,22.15
16480,36.4,58.3,22.15
16481,36.4,58.3,22.15
16482,36.4,58.3,22.15
16483,36.4,58.3,22.14
16484,36.4,58.3,22.14
16485,36.4,58.3,22.14
16486,36.4,58.3,22.14
16487,36.4,58.3,22.14
16488,36.4,58.3,22.14
16489,36.4,58.3,22.14
16490,36.4,58.3,22.13
16491,36.4,58.3,22.13
16492,36.4,58.3,22.13
16493,36.4,58.3,22.13
16494,36.4,58.3,22.13
16495,36.4,58.3,22.13
16496,36.4,58.3,22.13
16497,36.4,58.3,22.13
16498,36.4,58.3,22.12
16499,36.4,58.3,22.12
16500,36.4,58.3,22.12
16501,36.4,58.3,22.12
16502,36.4,58.3,22.12
16503,36.4,58.3,22.12
16504,36.4,58.3,22.12
16505,36.4,58.3,22.11
16506,36.4,58.3,22.11
16507,36.4,58.3,22.11
16508,36.4,58.3,22.11
16509,36.4,58.3,22.11
16510,36.4,58.3,22.11
16511,36.4,58.3,22.11
16512,36.4,58.3,22.11
16513,36.4,58.3,22.1
16514,36.4,58.3,22.1
16515,36.4,58.3,22.1
16516,36.4,58.3,22.1
16517,36.4,58.3,22.1
16518,36.4,58.3,22.1
16519,36.4,58.3,22.1
16520,36.4,58.3,22.09
16521,36.4,58.3,22.09
16522,36.4,58.3,22.09
16523,36.4,58.3,22.09
16524,36.4,58.3,22.09
16525,36.4,58.3,22.09
16526,36.4,58.3,22.09
16527,36.4,58.3,22.09
16528,36.4,58.3,22.08
16529,36.4,58.3,22.08
16530,36.4,58.3,22.08
16531,36.4,58.3,22.08
16532,36.4,58.3,22.08
16533,36.4,58.3,22.08
16534,36.4,58.3,22.08
16535,36.4,58.3,22.07
16536,36.4,58.3,22.07
16537,36.4,58.3,22.07
16538,36.4,58.3,22.07
16539,36.4,58.3,22.07
16540,36.4,58.3,22.07
16541,36.4,58.3,22.07
16542,36.4,58.3,22.07
16543,36.4,58.3,22.06
16544,36.4,58.3,22.06
16545,36.4,58.3,22.06
16546,36.4,58.3,22.06
16547,36.4,58.3,22.06
16548,36.4,58.3,22.06
16549,36.4,58.3,22.06
16550,36.4,58.3,22.05
16551,36.4,58.3,22.05
16552,36.4,58.3,22.05
16553,36.4,58.3,22.05
16554,36.4,58.3,22.05
16555,36.4,58.3,22.05
16556,36.4,58.3,22.05
16557,36.4,58.3,22.05
16558,36.4,58.3,22.04
16559,36.4,58.3,22.04
16560,36.4,58.3,22.04
16561,36.4,58.3,22.04
16562,36.4,58.3,22.04
16563,36.4,58.3,22.04
16564,36.4,58.3,22.04
16565,36.4,58.3,22.03
16566,36.4,58.3,22.03
16567,36.4,58.3,22.03
16568,36.4,58.3,22.03
16569,36.4,58.3,22.03
16570,36.4,58.3,22.03
16571,36.4,58.3,22.03
16572,36.4,58.3,22.03
16573,36.4,58.3,22.02
16574,36.4,58.3,22.02
16575,36.4,58.3,22.02
16576,36.4,58.3,22.02
16577,36.4,58.3,22.02
16578,36.4,58.3,22.02
16579,36.4,58.3,22.02
16580,36.4,58.3,22.01
16581,36.4,58.3,22.01
16582,36.4,58.3,22.01
16583,36.4,58.3,22.01
16584,36.4,58.3,22.01
16585,36.4,58.3,22.01
16586,36.4,58.3,22.01
16587,36.4,58.3,22.01
16588,36.4,58.3,22.0
16589,36.4,58.3,22.0
16590,36.4,58.3,22.0
16591,36.4,58.3,22.0
16592,36.4,58.3,22.0
16593,36.4,58.3,22.0
16594,36.4,58.3,22.0
16595,36.4,58.3,21.99
16596,36.4,58.3,21.99
16597,36.4,58.3,21.99
16598,36.4,58.3,21.99
16599,36.4,58.3,21.99
16600,36.4,58.3,21.99
16601,36.4,58.3,21.99
16602,36.4,58.3,21.99
16603,36.4,58.3,21.98
16604,36.4,58.3,21.98
16605,36.4,58.3,21.98
16606,36.4,58.3,21.98
16607,36.4,58.3,21.98
16608,36.4,58.3,21.98
16609,36.4,58.3,21.98
16610,36.4,58.3,21.97
16611,36.4,58.3,21.97
16612,36.4,58.3,21.97
16613,36.4,58.3,21.97
16614,36.4,58.3,21.97
16615,36.4,58.3,21.97
16616,36.4,58.3,21.97
16617,36.4,58.3,21.97
16618,36.4,58.3,21.96
16619,36.4,58.3,21.96
16620,36.4,58.3,21.96
16621,36.4,58.3,21.96
16622,36.4,58.3,21.96
16623,36.4,58.3,21.96
16624,36.4,58.3,21.96
16625,36.4,58.3,21.95
16626,36.4,58.3,21.95
16627,36.4,58.3,21.95
16628,36.4,58.3,21.95
16629,36.4,58.3,21.95
16630,36.4,58.3,21.95
16631,36.4,58.3,21.95
16632,36.4,58.3,21.95
16633,36.4,58.3,21.94
16634,36.4,58.3,21.94
16635,36.4,58.3,21.94
16636,36.4,58.3,21.94
16637,36.4,58.3,21.94
16638,36.4,58.3,21.94
16639,36.4,58.3,21.94
16640,36.4,58.3,21.94
16641,36.4,58.3,21.93
16642,36.4,58.3,21.93
16643,36.4,58.3,21.93
16644,36.4,58.3,21.93
16645,36.4,58.3,21.93
16646,36.4,58.3,21.93
16647,36.4,58.3,21.93
16648,36.4,58.3,21.92
16649,36.4,58.3,21.92
16650,36.4,58.3,21.92
16651,36.4,58.3,21.92
16652,36.4,58.3,21.92
16653,36.4,58.3,21.92
16654,36.4,58.3,21.92
16655,36.4,58.3,21.92
16656,36.4,58.3,21.91
16657,36.4,58.3,21.91
16658,36.4,58.3,21.91
16659,36.4,58.3,21.91
16660,36.4,58.3,21.91
16661,36.4,58.3,21.91
16662,36.4,58.3,21.91
16663,36.4,58.3,21.9
16664,36.4,58.3,21.9
16665,36.4,58.3,21.9
16666,36.4,58.3,21.9
16667,36.4,58.3,21.9
16668,36.4,58.3,21.9
16669,36.4,58.3,21.9
16670,36.4,58.3,21.9
16671,36.4,58.3,21.89
16672,36.4,58.3,21.89
16673,36.4,58.3,21.89
16674,36.4,58.3,21.89
16675,36.4,58.3,21.89
16676,36.4,58.3,21.89
16677,36.4,58.3,21.89
16678,36.4,58.3,21.89
16679,36.4,58.3,21.88
16680,36.4,58.3,21.88
16681,36.4,58.3,21.88
16682,36.4,58.3,21.88
16683,36.4,58.3,21.88
16684,36.4,58.3,21.88
16685,36.4,58.3,21.88
16686,36.4,58.3,21.87
16687,36.4,58.3,21.87
16688,36.4,58.3,21.87
16689,36.4,58.3,21.87
16690,36.4,58.3,21.87
16691,36.4,58.3,21.87
16692,36.4,58.3,21.87
16693,36.4,58.3,21.87
16694,36.4,58.3,21.86
16695,36.4,58.3,21.86
16696,36.4,58.3,21.86
16697,36.4,58.3,21.86
16698,36.4,58.3,21.86
16699,36.4,58.3,21.86
16700,36.4,58.3,21.86
16701,36.4,58.3,21.85
16702,36.4,58.3,21.85
16703,36.4,58.3,21.85
16704,36.4,58.3,21.85
16705,36.4,58.3,21.97
16706,36.4,58.3,21.97
16707,36.4,58.3,21.97
16708,36.4,58.3,21.97
16709,36.4,58.3,21.96
16710,36.4,58.3,21.96
16711,36.4,58.3,21.96
16712,36.4,58.3,21.96
16713,36.4,58.3,21.96
16714,36.4,58.3,21.96
16715,36.4,58.3,21.96
16716,36.4,58.3,21.96
16717,36.4,58.3,21.95
16718,36.4,58.3,21.95
16719,36.4,58.3,21.95
16720,36.4,58.3,21.95
16721,36.4,58.3,21.95
16722,36.4,58.3,21.95
16723,36.4,58.3,21.95
16724,36.4,58.3,21.94
16725,36.4,58.3,21.94
16726,36.4,58.3,21.94
16727,36.4,58.3,21.94
16728,36.4,58.3,21.94
16729,36.4,58.3,21.94
16730,36.4,58.3,21.94
16731,36.4,58.3,21.94
16732,36.4,58.3,21.93
16733,36.4,58.3,21.93
16734,36.4,58.2,21.93
16735,36.4,58.2,21.93
16736,36.4,58.3,21.93
16737,36.4,58.2,21.93
16738,36.4,58.3,21.93
16739,36.4,58.3,21.92
16740,36.4,58.3,21.92
16741,36.4,58.3,21.92
16742,36.4,58.3,21.92
16743,36.4,58.3,21.92
16744,36.4,58.3,21.92
16745,36.4,58.3,21.92
16746,36.4,58.3,21.92
16747,36.4,58.3,21.91
16748,36.4,58.3,21.91
16749,36.4,58.3,21.91
16750,36.4,58.3,21.91
16751,36.4,58.2,21.91
16752,36.4,58.2,21.91
16753,36.4,58.2,21.91
16754,36.4,58.2,21.91
16755,36.4,58.2,21.9
16756,36.4,58.2,21.9
16757,36.4,58.2,21.9
16758,36.4,58.2,21.9
16759,36.4,58.2,21.9
16760,36.4,58.3,21.9
16761,36.4,58.3,21.9
16762,36.4,58.3,21.89
16763,36.4,58.3,21.89
16764,36.4,58.3,21.89
16765,36.4,58.3,21.89
16766,36.4,58.3,21.89
16767,36.4,58.3,21.89
16768,36.4,58.3,21.89
16769,36.4,58.3,21.89
16770,36.4,58.3,21.88
16771,36.4,58.3,21.88
16772,36.4,58.3,21.88
16773,36.4,58.3,21.88
16774,36.4,58.3,21.88
16775,36.4,58.3,21.88
16776,36.4,58.3,21.88
16777,36.4,58.3,21.88
16778,36.4,58.3,21.87
16779,36.4,58.3,21.87
16780,36.4,58.3,21.87
16781,36.4,58.3,21.87
16782,36.4,58.3,21.87
16783,36.4,58.3,21.87
16784,36.4,58.3,21.87
16785,36.4,58.3,21.86
16786,36.4,58.3,21.86
16787,36.4,58.3,21.86
16788,36.4,58.3,21.86
16789,36.4,58.3,21.86
16790,36.4,58.3,21.86
16791,36.4,58.3,21.86
16792,36.4,58.3,21.86
16793,36.4,58.3,21.85
16794,36.4,58.3,21.85
16795,36.4,58.3,21.85
16796,36.4,58.3,21.85
16797,36.4,58.3,21.85
16798,36.4,58.3,21.85
16799,36.4,58.3,21.85
16800,36.4,58.3,21.85
16801,36.4,58.3,21.84
16802,36.4,58.3,21.84
16803,36.4,58.3,21.84
16804,36.4,58.3,21.84
16805,36.4,58.3,21.84
16806,36.4,58.3,21.84
16807,36.4,58.3,21.84
16808,36.4,58.3,21.83
16809,36.4,58.3,21.83
16810,36.4,58.3,21.83
16811,36.4,58.3,21.83
16812,36.4,58.3,21.83
16813,36.4,58.3,21.83
16814,36.4,58.3,21.83
16815,36.4,58.3,21.83
16816,36.4,58.3,21.82
16817,36.4,58.3,21.82
16818,36.4,58.3,21.82
16819,36.4,58.3,21.82
16820,36.4,58.3,21.82
16821,36.4,58.3,21.82
16822,36.4,58.3,21.82
16823,36.4,58.3,21.82
16824,36.4,58.3,21.81
16825,36.4,58.3,21.81
16826,36.4,58.3,21.81
16827,36.4,58.3,21.81
16828,36.4,58.3,21.81
16829,36.4,58.3,21.81
16830,36.4,58.3,21.81
16831,36.4,58.3,21.81
16832,36.4,58.3,21.8
16833,36.4,58.3,21.8
16834,36.4,58.3,21.8
16835,36.4,58.3,21.8
16836,36.4,58.3,21.8
16837,36.4,58.3,21.8
16838,36.4,58.3,21.8
16839,36.4,58.3,21.79
16840,36.4,58.3,21.79
16841,36.4,58.3,21.79
16842,36.4,58.3,21.79
16843,36.4,58.3,21.79
16844,36.4,58.3,21.79
16845,36.4,58.3,21.79
16846,36.4,58.3,21.79
16847,36.4,58.3,21.78
16848,36.4,58.3,21.78
16849,36.4,58.3,21.78
16850,36.4,58.3,21.78
16851,36.4,58.3,21.78
16852,36.4,58.3,21.78
16853,36.4,58.3,21.78
16854,36.4,58.3,21.78
16855,36.4,58.3,21.77
16856,36.4,58.3,21.77
16857,36.4,58.3,21.77
16858,36.4,58.3,21.77
16859,36.4,58.3,21.77
16860,36.4,58.3,21.77
16861,36.4,58.3,21.77
16862,36.4,58.3,21.76
16863,36.4,58.3,21.76
16864,36.4,58.3,21.76
16865,36.4,58.3,21.76
16866,36.4,58.3,21.76
16867,36.4,58.3,21.76
16868,36.4,58.3,21.76
16869,36.4,58.3,21.76
16870,36.4,58.3,21.75
16871,36.4,58.3,21.75
16872,36.4,58.3,21.75
16873,36.4,58.3,21.75
16874,36.4,58.3,21.75
16875,36.4,58.3,21.75
16876,36.4,58.3,21.75
16877,36.4,58.3,21.75
16878,36.4,58.2,21.74
16879,36.4,58.2,21.74
16880,36.4,58.2,21.74
16881,36.4,58.2,21.74
16882,36.4,58.2,21.74
16883,36.4,58.2,21.74
16884,36.4,58.3,21.74
16885,36.4,58.2,21.74
16886,36.4,58.2,21.73
16887,36.4,58.2,21.73
16888,36.4,58.2,21.73
16889,36.4,58.2,21.73
16890,36.4,58.2,21.73
16891,36.4,58.2,21.73
16892,36.4,58.2,21.73
16893,36.4,58.2,21.72
16894,36.4,58.2,21.72
16895,36.4,58.2,21.72
16896,36.4,58.3,21.72
16897,36.4,58.2,21.72
16898,36.4,58.2,21.72
16899,36.4,58.2,21.72
16900,36.4,58.2,21.72
16901,36.4,58.2,21.71
16902,36.4,58.2,21.71
16903,36.4,58.2,21.82
16904,36.4,58.2,21.82
16905,36.4,58.2,21.82
16906,36.4,58.2,21.82
16907,36.4,58.2,21.82
16908,36.4,58.2,21.82
16909,36.4,58.2,21.81
16910,36.4,58.2,21.81
16911,36.4,58.2,21.81
16912,36.4,58.2,21.81
16913,36.4,58.2,21.81
16914,36.4,58.2,21.81
16915,36.4,58.2,21.81
16916,36.4,58.2,21.8
16917,36.4,58.2,21.8
16918,36.4,58.2,21.8
16919,36.4,58.2,21.8
16920,36.4,58.2,21.8
16921,36.4,58.2,21.8
16922,36.4,58.2,21.91
16923,36.4,58.2,21.91
16924,36.4,58.2,21.91
16925,36.4,58.2,21.91
16926,36.4,58.2,21.91
16927,36.4,58.2,21.91
16928,36.4,58.2,21.9
16929,36.4,58.2,21.9
16930,36.4,58.2,21.9
16931,36.4,58.2,21.9
16932,36.4,58.2,21.9
16933,36.4,58.2,21.9
16934,36.4,58.2,21.9
16935,36.4,58.2,21.9
16936,36.4,58.2,21.89
16937,36.4,58.2,21.89
16938,36.4,58.2,21.89
16939,36.4,58.2,21.89
16940,36.4,58.2,21.89
16941,36.4,58.2,21.89
16942,36.4,58.2,21.89
16943,36.4,58.2,21.89
16944,36.4,58.2,21.88
16945,36.4,58.2,21.88
16946,36.4,58.2,21.88
16947,36.4,58.2,21.88
16948,36.4,58.2,21.88
16949,36.4,58.2,21.88
16950,36.4,58.2,21.88
16951,36.4,58.2,21.87
16952,36.4,58.2,21.87
16953,36.4,58.2,21.87
16954,36.4,58.2,21.87
16955,36.4,58.2,21.87
16956,36.4,58.2,21.87
16957,36.4,58.2,21.87
16958,36.4,58.2,21.87
16959,36.4,58.2,21.86
16960,36.4,58.2,21.86
16961,36.4,58.2,21.86
16962,36.4,58.2,21.86
16963,36.4,58.2,21.86
16964,36.4,58.2,21.86
16965,36.4,58.2,21.86
16966,36.4,58.2,21.86
16967,36.4,58.2,21.85
16968,36.4,58.2,21.85
16969,36.4,58.2,21.85
16970,36.4,58.2,21.85
16971,36.4,58.2,21.85
16972,36.4,58.2,21.85
16973,36.4,58.2,21.85
16974,36.4,58.2,21.85
16975,36.4,58.2,21.84
16976,36.4,58.2,21.84
16977,36.5,58.2,21.97
16978,36.5,58.2,21.97
16979,36.5,58.2,21.97
16980,36.5,58.2,21.97
16981,36.5,58.2,21.97
16982,36.5,58.2,21.97
16983,36.5,58.2,21.97
16984,36.5,58.2,21.96
16985,36.5,58.2,21.96
16986,36.5,58.2,21.96
16987,36.5,58.2,21.96
16988,36.5,58.2,21.96
16989,36.5,58.2,21.96
16990,36.5,58.2,21.96
16991,36.5,58.2,21.96
16992,36.5,58.2,21.95
16993,36.5,58.2,21.95
16994,36.5,58.2,21.95
16995,36.5,58.2,21.95
16996,36.5,58.2,21.95
16997,36.5,58.2,21.95
16998,36.5,58.2,21.95
16999,36.5,58.2,21.95
17000,36.5,58.2,21.94
17001,36.5,58.2,21.94
17002,36.5,58.2,21.94
17003,36.5,58.2,21.94
17004,36.5,58.2,21.94
17005,36.5,58.2,21.94
17006,36.5,58.2,21.94
17007,36.5,58.2,21.94
17008,36.5,58.2,21.93
17009,36.5,58.2,21.93
17010,36.5,58.2,21.93
17011,36.5,58.2,21.93
17012,36.5,58.2,21.93
17013,36.5,58.2,21.93
17014,36.5,58.2,21.93
17015,36.5,58.2,21.92
17016,36.5,58.2,21.92
17017,36.5,58.2,21.92
17018,36.5,58.2,21.92
17019,36.5,58.2,21.92
17020,36.5,58.2,21.92
17021,36.5,58.2,21.92
17022,36.5,58.2,21.92
17023,36.5,58.2,21.91
17024,36.5,58.2,21.91
17025,36.5,58.2,21.91
17026,36.5,58.2,21.91
17027,36.5,58.2,21.91
17028,36.5,58.2,21.91
17029,36.5,58.2,21.91
17030,36.5,58.2,21.91
17031,36.5,58.2,21.9
17032,36.5,58.2,21.9
17033,36.5,58.2,21.9
17034,36.5,58.2,21.9
17035,36.5,58.2,21.9
17036,36.5,58.2,21.9
17037,36.5,58.2,21.9
17038,36.5,58.2,21.9
17039,36.5,58.2,21.89
17040,36.5,58.2,21.89
17041,36.5,58.2,21.89
17042,36.5,58.2,21.89
17043,36.5,58.2,21.89
17044,36.5,58.2,21.89
17045,36.5,58.2,21.89
17046,36.5,58.2,21.88
17047,36.5,58.2,21.88
17048,36.5,58.2,21.88
17049,36.5,58.2,21.88
17050,36.5,58.2,21.88
17051,36.5,58.2,21.88
17052,36.5,58.2,21.88
17053,36.5,58.2,21.88
17054,36.5,58.2,21.87
17055,36.5,58.2,21.87
17056,36.5,58.2,21.87
17057,36.5,58.2,21.87
17058,36.5,58.2,21.87
17059,36.5,58.2,21.87
17060,36.5,58.2,21.87
17061,36.5,58.2,21.87
17062,36.5,58.2,21.86
17063,36.5,58.2,21.86
17064,36.5,58.2,21.86
17065,36.5,58.2,21.86
17066,36.5,58.2,21.86
17067,36.5,58.2,21.86
17068,36.5,58.2,21.86
17069,36.5,58.2,21.86
17070,36.5,58.2,21.85
17071,36.5,58.2,21.85
17072,36.5,58.2,21.85
17073,36.5,58.2,21.85
17074,36.5,58.2,21.85
17075,36.5,58.2,21.85
17076,36.5,58.2,21.85
17077,36.5,58.2,21.85
17078,36.5,58.2,21.84
17079,36.5,58.2,21.84
17080,36.4,58.2,21.91
17081,36.4,58.2,21.91
17082,36.4,58.2,21.91
17083,36.4,58.2,21.91
17084,36.4,58.2,21.91
17085,36.4,58.2,21.91
17086,36.4,58.2,21.9
17087,36.4,58.2,21.9
17088,36.4,58.2,21.9
17089,36.4,58.2,21.9
17090,36.4,58.2,21.9
17091,36.4,58.2,21.9
17092,36.4,58.2,21.9
17093,36.4,58.2,21.89
17094,36.4,58.2,21.89
17095,36.4,58.2,21.89
17096,36.4,58.2,21.89
17097,36.4,58.2,21.89
17098,36.4,58.2,21.89
17099,36.4,58.2,21.89
17100,36.4,58.2,21.89
17101,36.4,58.2,21.88
17102,36.4,58.2,21.88
17103,36.4,58.2,21.88
17104,36.4,58.2,21.88
17105,36.4,58.2,21.88
17106,36.4,58.2,21.88
17107,36.4,58.2,21.88
17108,36.4,58.2,21.88
17109,36.4,58.2,21.87
17110,36.4,58.2,21.87
17111,36.4,58.2,21.87
17112,36.4,58.2,21.87
17113,36.4,58.2,21.87
17114,36.4,58.2,21.87
17115,36.4,58.2,21.87
17116,36.4,58.2,21.87
17117,36.4,58.2,21.86
17118,36.4,58.2,21.86
17119,36.4,58.2,21.86
17120,36.4,58.2,21.86
17121,36.4,58.2,21.86
17122,36.4,58.2,21.86
17123,36.4,58.2,21.86
17124,36.4,58.2,21.86
17125,36.4,58.2,21.85
17126,36.4,58.2,21.85
17127,36.4,58.2,21.85
17128,36.4,58.2,21.85
17129,36.4,58.2,21.85
17130,36.4,58.2,21.85
17131,36.4,58.2,21.85
17132,36.4,58.2,21.85
17133,36.4,58.2,21.84
17134,36.4,58.2,21.84
17135,36.4,58.2,21.84
17136,36.4,58.2,21.84
17137,36.4,58.2,21.84
17138,36.4,58.2,21.84
17139,36.4,58.2,21.84
17140,36.4,58.2,21.83
17141,36.4,58.2,21.83
17142,36.4,58.2,21.83
17143,36.4,58.2,21.83
17144,36.4,58.2,21.83
17145,36.4,58.2,21.83
17146,36.4,58.2,21.83
17147,36.4,58.2,21.83
17148,36.4,58.2,21.82
17149,36.4,58.2,21.82
17150,36.4,58.2,21.82
17151,36.4,58.2,21.82
17152,36.4,58.2,21.82
17153,36.4,58.2,21.82
17154,36.4,58.2,21.82
17155,36.4,58.2,21.82
17156,36.4,58.2,21.81
17157,36.4,58.2,21.81
17158,36.4,58.2,21.81
17159,36.4,58.2,21.81
17160,36.4,58.2,21.93
17161,36.4,58.2,21.93
17162,36.4,58.2,21.93
17163,36.4,58.2,21.93
17164,36.4,58.2,21.93
17165,36.4,58.2,21.93
17166,36.4,58.2,21.93
17167,36.4,58.2,21.93
17168,36.4,58.2,21.92
17169,36.4,58.2,21.92
17170,36.4,58.2,21.92
17171,36.4,58.2,21.92
17172,36.4,58.2,21.92
17173,36.4,58.2,21.92
17174,36.4,58.2,21.92
17175,36.4,58.2,21.92
17176,36.4,58.2,21.91
17177,36.4,58.2,21.91
17178,36.4,58.2,21.91
17179,36.4,58.2,21.91
17180,36.4,58.2,21.91
17181,36.4,58.2,21.91
17182,36.4,58.2,21.91
17183,36.4,58.2,21.91
17184,36.4,58.2,21.9
17185,36.4,58.2,21.9
17186,36.4,58.2,21.9
17187,36.4,58.2,21.9
17188,36.4,58.2,21.9
17189,36.5,58.2,22.07
17190,36.5,58.2,22.07
17191,36.5,58.2,22.07
17192,36.5,58.2,22.07
17193,36.5,58.2,22.07
17194,36.5,58.2,22.07
17195,36.5,58.2,22.06
17196,36.5,58.2,22.06
17197,36.5,58.2,22.06
17198,36.5,58.2,22.06
17199,36.5,58.2,22.06
17200,36.5,58.2,22.06
17201,36.5,58.2,22.06
17202,36.5,58.2,22.06
17203,36.5,58.2,22.05
17204,36.5,58.2,22.05
17205,36.5,58.2,22.05
17206,36.5,58.2,22.05
17207,36.5,58.2,22.05
17208,36.5,58.2,22.05
17209,36.5,58.2,22.05
17210,36.5,58.2,22.05
17211,36.5,58.2,22.04
17212,36.5,58.2,22.04
17213,36.5,58.2,22.04
17214,36.5,58.2,22.04
17215,36.5,58.2,22.04
17216,36.5,58.2,22.04
17217,36.5,58.2,22.04
17218,36.5,58.1,22.04
17219,36.5,58.2,22.03
17220,36.5,58.1,22.03
17221,36.5,58.1,22.03
17222,36.5,58.2,22.03
17223,36.5,58.2,22.03
17224,36.5,58.2,22.03
17225,36.5,58.2,22.03
17226,36.5,58.2,22.02
17227,36.5,58.2,22.02
17228,36.5,58.1,22.02
17229,36.5,58.2,22.02
17230,36.5,58.2,22.02
17231,36.5,58.2,22.02
17232,36.5,58.2,22.02
17233,36.5,58.2,22.02
17234,36.5,58.1,22.01
17235,36.5,58.1,22.01
17236,36.5,58.1,22.01
17237,36.5,58.1,22.01
17238,36.5,58.1,22.01
17239,36.5,58.1,22.01
17240,36.5,58.1,22.01
17241,36.5,58.1,22.01
17242,36.5,58.1,22.0
17243,36.5,58.2,22.0
17244,36.5,58.2,22.0
17245,36.5,58.2,22.0
17246,36.5,58.2,22.0
17247,36.5,58.2,22.0
17248,36.5,58.2,22.0
17249,36.5,58.2,22.0
17250,36.5,58.2,21.99
17251,36.5,58.2,21.99
17252,36.5,58.2,21.99
17253,36.5,58.2,21.99
17254,36.5,58.2,21.99
17255,36.5,58.2,21.99
17256,36.5,58.2,21.99
17257,36.5,58.2,21.99
17258,36.5,58.2,21.98
17259,36.5,58.2,21.98
17260,36.5,58.2,21.98
17261,36.5,58.2,21.98
17262,36.5,58.2,21.98
17263,36.5,58.2,21.98
17264,36.5,58.2,21.98
17265,36.5,58.2,21.98
17266,36.5,58.2,21.97
17267,36.5,58.2,21.97
17268,36.5,58.2,21.97
17269,36.5,58.2,21.97
17270,36.5,58.2,21.97
17271,36.5,58.2,21.97
17272,36.5,58.2,21.97
17273,36.5,58.2,21.96
17274,36.5,58.2,21.96
17275,36.5,58.2,21.96
17276,36.5,58.2,21.96
17277,36.5,58.2,21.96
17278,36.5,58.2,21.96
17279,36.5,58.2,21.96
17280,36.5,58.2,21.96
17281,36.5,58.2,21.95
17282,36.5,58.2,21.95
17283,36.5,58.2,21.95
17284,36.5,58.2,21.95
17285,36.5,58.2,21.95
17286,36.5,58.2,21.95
17287,36.5,58.2,21.95
17288,36.5,58.2,21.95
17289,36.5,58.2,21.94
17290,36.5,58.2,21.94
17291,36.5,58.2,21.94
17292,36.5,58.2,21.94
17293,36.5,58.2,21.94
17294,36.5,58.2,21.94
17295,36.5,58.2,21.94
17296,36.5,58.2,21.94
17297,36.5,58.2,21.93
17298,36.5,58.2,21.93
17299,36.5,58.2,21.93
17300,36.5,58.2,21.93
17301,36.5,58.2,21.93
17302,36.5,58.2,21.93
17303,36.5,58.2,21.93
17304,36.5,58.2,21.93
17305,36.5,58.2,21.92
17306,36.5,58.2,21.92
17307,36.5,58.2,21.92
17308,36.5,58.2,21.92
17309,36.5,58.2,21.92
17310,36.5,58.2,21.92
17311,36.5,58.2,21.92
17312,36.5,58.2,21.92
17313,36.5,58.2,21.91
17314,36.5,58.2,21.91
17315,36.5,58.2,21.91
17316,36.5,58.2,21.91
17317,36.5,58.2,21.91
17318,36.5,58.2,21.91
17319,36.5,58.2,21.91
17320,36.5,58.2,21.91
17321,36.5,58.2,21.9
17322,36.5,58.2,21.9
17323,36.5,58.2,21.9
17324,36.5,58.2,21.9
17325,36.5,58.2,21.9
17326,36.5,58.2,21.9
17327,36.5,58.2,21.9
17328,36.5,58.2,21.9
17329,36.5,58.2,21.89
17330,36.5,58.2,21.89
17331,36.5,58.2,21.89
17332,36.7,58.2,22.11
17333,36.7,58.2,22.11
17334,36.7,58.2,22.11
17335,36.7,58.2,22.11
17336,36.7,58.2,22.1
17337,36.7,58.2,22.1
17338,36.7,58.2,22.1
17339,36.7,58.2,22.1
17340,36.7,58.2,22.1
17341,36.7,58.2,22.1
17342,36.7,58.2,22.1
17343,36.7,58.2,22.1
17344,36.7,58.2,22.09
17345,36.7,58.2,22.09
17346,36.7,58.2,22.09
17347,36.7,58.2,22.09
17348,36.7,58.2,22.09
17349,36.7,58.2,22.09
17350,36.7,58.2,22.09
17351,36.7,58.2,22.09
17352,36.7,58.2,22.08
17353,36.7,58.2,22.08
17354,36.7,58.2,22.08
17355,36.7,58.2,22.08
17356,36.7,58.2,22.08
17357,36.7,58.2,22.08
17358,36.7,58.2,22.08
17359,36.7,58.2,22.08
17360,36.7,58.2,22.07
17361,36.7,58.2,22.07
17362,36.7,58.2,22.07
17363,36.7,58.2,22.07
17364,36.7,58.2,22.07
17365,36.7,58.2,22.07
17366,36.7,58.2,22.07
17367,36.7,58.2,22.06
17368,36.7,58.2,22.06
17369,36.7,58.2,22.06
17370,36.7,58.2,22.06
17371,36.7,58.2,22.06
17372,36.7,58.2,22.06
17373,36.7,58.2,22.06
17374,36.7,58.2,22.06
17375,36.7,58.2,22.05
17376,36.7,58.2,22.05
17377,36.7,58.2,22.05
17378,36.7,58.2,22.05
17379,36.7,58.2,22.05
17380,36.7,58.2,22.05
17381,36.7,58.2,22.05
17382,36.7,58.2,22.05
17383,36.7,58.2,22.04
17384,36.7,58.2,22.04
17385,36.7,58.2,22.04
17386,36.7,58.2,22.04
17387,36.7,58.2,22.04
17388,36.7,58.2,22.04
17389,36.7,58.2,22.04
17390,36.7,58.2,22.04
17391,36.7,58.2,22.03
17392,36.7,58.2,22.03
17393,36.7,58.2,22.03
17394,36.7,58.2,22.03
17395,36.7,58.2,22.03
17396,36.7,58.2,22.03
17397,36.7,58.2,22.03
17398,36.7,58.2,22.03
17399,36.7,58.2,22.02
17400,36.7,58.2,22.02
17401,36.7,58.2,22.02
17402,36.7,58.2,22.02
17403,36.7,58.2,22.02
17404,36.7,58.2,22.02
17405,36.7,58.2,22.02
17406,36.7,58.2,22.02
17407,36.7,58.2,22.01
17408,36.7,58.2,22.01
17409,36.7,58.2,22.01
17410,36.7,58.2,22.01
17411,36.7,58.2,22.01
17412,36.7,58.2,22.01
17413,36.7,58.2,22.01
17414,36.7,58.2,22.01
17415,36.7,58.2,22.0
17416,36.7,58.2,22.0
17417,36.7,58.2,22.0
17418,36.7,58.2,22.0
17419,36.7,58.2,22.0
17420,36.7,58.2,22.0
17421,36.7,58.2,22.0
17422,36.7,58.2,22.0
17423,36.7,58.2,21.99
17424,36.7,58.2,21.99
17425,36.7,58.2,21.99
17426,36.7,58.2,21.99
17427,36.7,58.2,21.99
17428,36.7,58.2,21.99
17429,36.7,58.2,21.99
17430,36.7,58.2,21.99
17431,36.7,58.2,21.98
17432,36.7,58.2,21.98
17433,36.7,58.2,21.98
17434,36.7,58.2,21.98
17435,36.7,58.2,21.98
17436,36.7,58.2,21.98
17437,36.7,58.2,21.98
17438,36.7,58.2,21.97
17439,36.7,58.2,21.97
17440,36.7,58.2,21.97
17441,36.7,58.2,21.97
17442,36.7,58.2,21.97
17443,36.7,58.2,21.97
17444,36.7,58.2,21.97
17445,36.7,58.2,21.97
17446,36.7,58.2,21.96
17447,36.7,58.2,21.96
17448,36.7,58.2,21.96
17449,36.7,58.2,21.96
17450,36.7,58.2,21.96
17451,36.7,58.2,21.96
17452,36.7,58.2,21.96
17453,36.7,58.2,21.96
17454,36.7,58.2,21.95
17455,36.7,58.2,21.95
17456,36.7,58.2,21.95
17457,36.7,58.2,21.95
17458,36.7,58.2,21.95
17459,36.7,58.2,21.95
17460,36.7,58.2,21.95
17461,36.7,58.2,21.95
17462,36.7,58.2,21.94
17463,36.7,58.2,21.94
17464,36.7,58.2,21.94
17465,36.8,58.2,22.08
17466,36.8,58.2,22.08
17467,36.8,58.2,22.08
17468,36.8,58.2,22.08
17469,36.8,58.2,22.08
17470,36.8,58.2,22.07
17471,36.8,58.2,22.07
17472,36.8,58.2,22.07
17473,36.8,58.2,22.07
17474,36.8,58.2,22.07
17475,36.8,58.2,22.07
17476,36.8,58.2,22.07
17477,36.8,58.2,22.07
17478,36.8,58.2,22.06
17479,36.8,58.2,22.06
17480,36.8,58.2,22.06
17481,36.8,58.2,22.06
17482,36.8,58.2,22.06
17483,36.8,58.2,22.06
17484,36.8,58.2,22.06
17485,36.8,58.2,22.06
17486,36.8,58.2,22.05
17487,36.8,58.2,22.05
17488,36.8,58.2,22.05
17489,36.8,58.2,22.05
17490,36.8,58.2,22.05
17491,36.8,58.2,22.05
17492,36.8,58.2,22.05
17493,36.8,58.2,22.05
17494,36.8,58.2,22.04
17495,36.8,58.2,22.04
17496,36.8,58.2,22.04
17497,36.8,58.2,22.04
17498,36.8,58.2,22.04
17499,36.8,58.2,22.04
17500,36.8,58.2,22.04
17501,36.8,58.2,22.04
17502,36.8,58.2,22.18
17503,36.8,58.2,22.18
17504,36.8,58.2,22.17
17505,36.8,58.2,22.17
17506,36.8,58.2,22.17
17507,36.8,58.2,22.17
17508,36.8,58.2,22.17
17509,36.8,58.2,22.17
17510,36.8,58.2,22.17
17511,36.8,58.2,22.17
17512,36.8,58.2,22.16
17513,36.8,58.2,22.16
17514,36.8,58.2,22.16
17515,36.8,58.2,22.16
17516,36.8,58.2,22.16
17517,36.8,58.2,22.16
17518,36.8,58.2,22.16
17519,36.8,58.2,22.16
17520,36.8,58.2,22.15
17521,36.8,58.2,22.15
17522,36.8,58.2,22.15
17523,36.8,58.2,22.15
17524,36.8,58.2,22.15
17525,36.8,58.2,22.15
17526,36.8,58.2,22.15
17527,36.8,58.2,22.15
17528,36.8,58.2,22.14
17529,36.8,58.2,22.14
17530,36.8,58.2,22.14
17531,36.8,58.2,22.14
17532,36.8,58.2,22.14
17533,36.8,58.2,22.14
17534,36.8,58.2,22.14
17535,36.8,58.2,22.14
17536,36.8,58.2,22.13
17537,36.8,58.2,22.13
17538,36.8,58.2,22.13
17539,36.8,58.2,22.13
17540,36.8,58.2,22.13
17541,36.8,58.2,22.13
17542,36.8,58.2,22.13
17543,36.8,58.2,22.13
17544,36.8,58.2,22.12
17545,36.8,58.2,22.12
17546,36.7,58.2,22.18
17547,36.7,58.2,22.18
17548,36.7,58.2,22.18
17549,36.7,58.2,22.18
17550,36.7,58.2,22.18
17551,36.7,58.2,22.18
17552,36.7,58.2,22.18
17553,36.7,58.2,22.18
17554,36.7,58.2,22.17
17555,36.7,58.2,22.17
17556,36.7,58.2,22.17
17557,36.7,58.2,22.17
17558,36.7,58.2,22.17
17559,36.7,58.2,22.17
17560,36.7,58.2,22.17
17561,36.7,58.2,22.17
17562,36.7,58.2,22.16
17563,36.7,58.2,22.16
17564,36.7,58.2,22.16
17565,36.7,58.2,22.16
17566,36.7,58.2,22.16
17567,36.7,58.2,22.16
17568,36.7,58.2,22.16
17569,36.7,58.2,22.16
17570,36.7,58.2,22.15
17571,36.7,58.2,22.15
17572,36.7,58.2,22.15
17573,36.7,58.2,22.15
17574,36.7,58.2,22.15
17575,36.7,58.2,22.15
17576,36.7,58.2,22.15
17577,36.7,58.2,22.15
17578,36.7,58.2,22.14
17579,36.7,58.2,22.14
17580,36.7,58.2,22.14
17581,36.7,58.2,22.14
17582,36.7,58.2,22.14
17583,36.7,58.2,22.14
17584,36.7,58.2,22.14
17585,36.7,58.2,22.14
17586,36.7,58.2,22.13
17587,36.6,58.2,22.18
17588,36.6,58.2,22.18
17589,36.6,58.2,22.18
17590,36.6,58.2,22.18
17591,36.6,58.2,22.18
17592,36.6,58.2,22.18
17593,36.6,58.2,22.18
17594,36.6,58.2,22.18
17595,36.6,58.2,22.17
17596,36.6,58.2,22.17
17597,36.6,58.2,22.17
17598,36.6,58.2,22.17
17599,36.6,58.2,22.17
17600,36.6,58.2,22.17
17601,36.6,58.2,22.17
17602,36.6,58.2,22.17
17603,36.6,58.2,22.16
17604,36.6,58.2,22.16
17605,36.6,58.2,22.16
17606,36.6,58.2,22.16
17607,36.6,58.2,22.16
17608,36.6,58.2,22.16
17609,36.6,58.2,22.16
17610,36.6,58.2,22.16
17611,36.6,58.2,22.15
17612,36.6,58.2,22.15
17613,36.6,58.2,22.15
17614,36.6,58.2,22.15
17615,36.6,58.2,22.15
17616,36.6,58.2,22.15
17617,36.6,58.2,22.15
17618,36.6,58.2,22.14
17619,36.6,58.2,22.14
17620,36.6,58.2,22.14
17621,36.6,58.2,22.14
17622,36.6,58.2,22.14
17623,36.6,58.2,22.14
17624,36.6,58.2,22.14
17625,36.6,58.2,22.14
17626,36.6,58.2,22.13
17627,36.6,58.2,22.13
17628,36.6,58.2,22.13
17629,36.6,58.2,22.13
17630,36.6,58.2,22.13
17631,36.6,58.2,22.13
17632,36.6,58.2,22.13
17633,36.6,58.2,22.13
17634,36.6,58.2,22.12
17635,36.6,58.2,22.12
17636,36.6,58.2,22.12
17637,36.6,58.2,22.12
17638,36.6,58.2,22.12
17639,36.6,58.2,22.12
17640,36.6,58.2,22.12
17641,36.6,58.2,22.12
17642,36.6,58.2,22.11
17643,36.6,58.2,22.11
17644,36.6,58.2,22.11
17645,36.6,58.2,22.11
17646,36.6,58.2,22.11
17647,36.6,58.2,22.11
17648,36.6,58.2,22.11
17649,36.6,58.2,22.11
17650,36.6,58.2,22.1
17651,36.6,58.2,22.1
17652,36.6,58.2,22.1
17653,36.6,58.2,22.1
17654,36.6,58.2,22.1
17655,36.6,58.2,22.1
17656,36.6,58.2,22.1
17657,36.6,58.2,22.1
17658,36.6,58.2,22.09
17659,36.6,58.2,22.09
17660,36.6,58.2,22.09
17661,36.6,58.2,22.09
17662,36.6,58.2,22.09
17663,36.6,58.2,22.09
17664,36.6,58.2,22.09
17665,36.6,58.2,22.09
17666,36.6,58.2,22.08
17667,36.6,58.2,22.08
17668,36.8,58.2,22.27
17669,36.8,58.2,22.27
17670,36.8,58.2,22.27
17671,36.8,58.2,22.27
17672,36.8,58.2,22.26
17673,36.8,58.2,22.26
17674,36.8,58.2,22.26
17675,36.8,58.2,22.26
17676,36.8,58.2,22.26
17677,36.8,58.2,22.26
17678,36.8,58.2,22.26
17679,36.8,58.2,22.26
17680,36.8,58.2,22.25
17681,36.8,58.2,22.25
17682,36.8,58.2,22.25
17683,36.8,58.2,22.25
17684,36.8,58.2,22.25
17685,36.8,58.2,22.25
17686,36.8,58.2,22.25
17687,36.8,58.2,22.25
17688,36.8,58.2,22.24
17689,36.8,58.2,22.24
17690,36.8,58.2,22.24
17691,36.8,58.2,22.24
17692,36.8,58.2,22.24
17693,36.8,58.2,22.24
17694,36.8,58.2,22.24
17695,36.8,58.2,22.24
17696,36.8,58.2,22.23
17697,36.8,58.2,22.23
17698,36.8,58.2,22.23
17699,36.8,58.2,22.23
17700,36.8,58.2,22.23
17701,36.8,58.2,22.23
17702,36.8,58.2,22.23
17703,36.8,58.2,22.23
17704,36.8,58.2,22.22
17705,36.8,58.2,22.22
17706,36.8,58.2,22.22
17707,36.8,58.2,22.22
17708,36.8,58.2,22.22
17709,36.8,58.2,22.22
17710,36.8,58.2,22.22
17711,36.8,58.2,22.22
17712,36.8,58.2,22.21
17713,36.8,58.2,22.21
17714,36.8,58.2,22.21
17715,36.8,58.2,22.21
17716,36.8,58.2,22.21
17717,36.8,58.2,22.21
17718,36.8,58.2,22.21
17719,36.8,58.2,22.2
17720,36.8,58.2,22.2
17721,36.8,58.2,22.2
17722,36.8,58.2,22.2
17723,36.8,58.2,22.2
17724,36.8,58.2,22.2
17725,36.8,58.2,22.2
17726,36.8,58.2,22.2
17727,36.8,58.3,22.19
17728,36.8,58.3,22.19
17729,36.8,58.2,22.19
17730,36.8,58.3,22.19
17731,36.8,58.3,22.19
17732,36.8,58.3,22.19
17733,36.8,58.2,22.19
17734,36.8,58.2,22.19
17735,36.8,58.2,22.18
17736,36.8,58.2,22.18
17737,36.8,58.3,22.18
17738,36.8,58.3,22.18
17739,36.8,58.3,22.18
17740,36.8,58.3,22.18
17741,36.8,58.2,22.18
17742,36.8,58.3,22.18
17743,36.8,58.2,22.17
17744,36.8,58.3,22.17
17745,36.8,58.2,22.17
17746,36.8,58.2,22.17
17747,36.8,58.2,22.17
17748,36.8,58.2,22.17
17749,36.8,58.3,22.17
17750,36.8,58.3,22.17
17751,36.8,58.3,22.16
17752,36.8,58.3,22.16
17753,36.8,58.3,22.16
17754,36.8,58.3,22.16
17755,36.8,58.3,22.16
17756,36.8,58.3,22.16
17757,36.8,58.3,22.16
17758,36.8,58.3,22.16
17759,36.8,58.3,22.15
17760,36.8,58.3,22.15
17761,36.8,58.3,22.15
17762,36.8,58.3,22.15
17763,36.8,58.3,22.15
17764,36.8,58.3,22.15
17765,36.8,58.3,22.15
17766,36.8,58.3,22.15
17767,36.8,58.3,22.14
17768,36.8,58.3,22.14
17769,36.8,58.3,22.14
17770,36.8,58.2,22.14
17771,36.8,58.2,22.14
17772,36.8,58.2,22.14
17773,36.8,58.3,22.14
17774,36.8,58.3,22.14
17775,36.8,58.3,22.14
17776,36.8,58.3,22.13
17777,36.8,58.3,22.13
17778,36.8,58.3,22.13
17779,36.8,58.3,22.13
17780,36.8,58.3,22.13
17781,36.8,58.3,22.13
17782,36.8,58.3,22.13
17783,36.8,58.3,22.13
17784,36.8,58.2,22.12
17785,36.8,58.3,22.12
17786,36.8,58.2,22.12
17787,36.8,58.2,22.12
17788,36.8,58.2,22.12
17789,36.8,58.2,22.12
17790,36.8,58.3,22.12
17791,36.8,58.3,22.12
17792,36.8,58.3,22.11
17793,36.8,58.3,22.11
17794,36.8,58.3,22.11
17795,36.8,58.3,22.11
17796,36.8,58.2,22.11
17797,36.8,58.3,22.11
17798,36.8,58.2,22.11
17799,36.8,58.2,22.11
17800,36.8,58.2,22.1
17801,36.8,58.2,22.1
17802,36.8,58.2,22.1
17803,36.8,58.2,22.1
17804,36.8,58.2,22.1
17805,36.8,58.2,22.1
17806,36.8,58.2,22.1
17807,36.8,58.2,22.1
17808,36.8,58.2,22.09
17809,36.8,58.2,22.09
17810,36.8,58.2,22.09
17811,36.8,58.2,22.09
17812,36.8,58.2,22.09
17813,36.8,58.2,22.09
17814,36.8,58.2,22.09
17815,36.8,58.2,22.09
17816,36.8,58.2,22.08
17817,36.8,58.2,22.08
17818,36.8,58.2,22.08
17819,36.8,58.2,22.08
17820,36.8,58.2,22.08
17821,36.8,58.2,22.08
17822,36.8,58.2,22.08
17823,36.8,58.2,22.08
17824,36.8,58.2,22.07
17825,36.8,58.2,22.07
17826,36.8,58.2,22.07
17827,36.8,58.2,22.07
17828,36.8,58.2,22.07
17829,36.8,58.2,22.07
17830,36.8,58.2,22.07
17831,36.8,58.2,22.07
17832,36.8,58.2,22.06
17833,36.8,58.2,22.06
17834,36.8,58.2,22.06
17835,36.8,58.2,22.06
17836,36.8,58.2,22.06
17837,36.8,58.2,22.06
17838,36.8,58.2,22.06
17839,36.8,58.2,22.06
17840,36.8,58.3,22.05
17841,36.8,58.3,22.05
17842,36.8,58.3,22.05
17843,36.8,58.3,22.05
17844,36.8,58.3,22.05
17845,36.8,58.3,22.05
17846,36.8,58.3,22.05
17847,36.8,58.3,22.05
17848,36.8,58.3,22.04
17849,36.7,58.3,22.11
17850,36.7,58.3,22.11
17851,36.7,58.3,22.11
17852,36.7,58.3,22.1
17853,36.7,58.3,22.1
17854,36.7,58.3,22.1
17855,36.7,58.3,22.1
17856,36.7,58.2,22.1
17857,36.7,58.2,22.1
17858,36.7,58.2,22.1
17859,36.7,58.2,22.1
17860,36.7,58.2,22.09
17861,36.7,58.2,22.09
17862,36.7,58.2,22.09
17863,36.7,58.2,22.09
17864,36.7,58.2,22.09
17865,36.7,58.2,22.09
17866,36.7,58.2,22.09
17867,36.7,58.2,22.09
17868,36.7,58.2,22.08
17869,36.7,58.2,22.08
17870,36.7,58.2,22.08
17871,36.7,58.3,22.08
17872,36.7,58.2,22.08
17873,36.7,58.2,22.08
17874,36.7,58.2,22.08
17875,36.7,58.2,22.08
17876,36.7,58.2,22.07
17877,36.7,58.2,22.07
17878,36.7,58.2,22.07
17879,36.7,58.2,22.07
17880,36.7,58.2,22.07
17881,36.7,58.2,22.07
17882,36.7,58.2,22.07
17883,36.7,58.2,22.07
17884,36.7,58.2,22.06
17885,36.7,58.2,22.06
17886,36.7,58.2,22.06
17887,36.7,58.2,22.06
17888,36.7,58.2,22.06
17889,36.7,58.2,22.06
17890,36.7,58.2,22.06
17891,36.7,58.2,22.17
17892,36.7,58.2,22.17
17893,36.7,58.2,22.17
17894,36.7,58.2,22.17
17895,36.7,58.2,22.17
17896,36.7,58.2,22.17
17897,36.7,58.2,22.17
17898,36.7,58.2,22.16
17899,36.7,58.2,22.16
17900,36.7,58.2,22.16
17901,36.7,58.2,22.16
17902,36.7,58.2,22.16
17903,36.7,58.2,22.16
17904,36.7,58.2,22.16
17905,36.7,58.2,22.16
17906,36.7,58.2,22.15
17907,36.7,58.2,22.15
17908,36.7,58.2,22.15
17909,36.7,58.3,22.15
17910,36.7,58.3,22.15
17911,36.7,58.3,22.15
17912,36.7,58.3,22.15
17913,36.7,58.3,22.15
17914,36.6,58.3,22.21
17915,36.6,58.3,22.2
17916,36.6,58.3,22.2
17917,36.6,58.3,22.2
17918,36.6,58.3,22.2
17919,36.6,58.3,22.2
17920,36.6,58.3,22.2
17921,36.6,58.3,22.2
17922,36.6,58.3,22.2
17923,36.6,58.3,22.19
17924,36.6,58.3,22.19
17925,36.6,58.2,22.19
17926,36.6,58.3,22.19
17927,36.6,58.2,22.19
17928,36.6,58.2,22.19
17929,36.6,58.2,22.19
17930,36.6,58.2,22.19
17931,36.6,58.2,22.19
17932,36.6,58.2,22.18
17933,36.6,58.2,22.18
17934,36.6,58.2,22.18
17935,36.6,58.2,22.18
17936,36.6,58.2,22.18
17937,36.6,58.2,22.18
17938,36.6,58.2,22.18
17939,36.6,58.2,22.18
17940,36.6,58.2,22.17
17941,36.6,58.3,22.17
17942,36.6,58.2,22.17
17943,36.6,58.3,22.17
17944,36.6,58.3,22.17
17945,36.6,58.3,22.17
17946,36.6,58.3,22.17
17947,36.6,58.2,22.17
17948,36.6,58.3,22.16
17949,36.6,58.2,22.16
17950,36.6,58.3,22.16
17951,36.7,58.2,22.33
17952,36.7,58.2,22.33
17953,36.7,58.2,22.33
17954,36.7,58.2,22.33
17955,36.7,58.2,22.33
17956,36.7,58.2,22.32
17957,36.7,58.2,22.32
17958,36.7,58.2,22.32
17959,36.7,58.2,22.32
17960,36.7,58.2,22.32
17961,36.7,58.2,22.32
17962,36.8,58.2,22.44
17963,36.8,58.2,22.44
17964,36.8,58.2,22.44
17965,36.8,58.2,22.44
17966,36.8,58.2,22.44
17967,36.8,58.2,22.44
17968,36.8,58.2,22.43
17969,36.8,58.2,22.43
17970,36.8,58.2,22.43
17971,36.8,58.2,22.43
17972,36.8,58.2,22.43
17973,36.8,58.2,22.43
17974,36.8,58.2,22.43
17975,36.8,58.2,22.43
17976,36.8,58.2,22.42
17977,36.8,58.2,22.42
17978,36.8,58.2,22.42
17979,36.8,58.2,22.42
17980,36.8,58.2,22.42
17981,36.8,58.2,22.42
17982,36.8,58.2,22.42
17983,36.8,58.2,22.42
17984,36.8,58.2,22.41
17985,36.8,58.2,22.41
17986,36.8,58.2,22.41
17987,36.8,58.2,22.41
17988,36.8,58.2,22.41
17989,36.8,58.2,22.41
17990,36.8,58.2,22.41
17991,36.8,58.2,22.41
17992,36.8,58.2,22.4
17993,36.8,58.2,22.4
17994,36.8,58.2,22.4
17995,36.8,58.2,22.4
17996,36.8,58.2,22.4
17997,36.8,58.2,22.4
17998,36.8,58.2,22.4
17999,36.8,58.2,22.4
18000,36.8,58.2,22.39
18001,36.8,58.2,22.39
18002,36.8,58.2,22.39
18003,36.8,58.2,22.39
18004,36.8,58.2,22.39
18005,36.8,58.3,22.39
18006,36.8,58.3,22.39
18007,36.8,58.3,22.39
18008,36.8,58.3,22.38
18009,36.8,58.3,22.38
18010,36.8,58.3,22.38
18011,36.8,58.3,22.38
18012,36.8,58.3,22.38
18013,36.8,58.3,22.38
18014,36.8,58.3,22.38
18015,36.8,58.3,22.38
18016,36.8,58.3,22.37
18017,36.8,58.3,22.37
18018,36.8,58.3,22.37
18019,36.8,58.3,22.37
18020,36.8,58.3,22.37
18021,36.8,58.3,22.37
18022,36.8,58.3,22.37
18023,36.8,58.3,22.37
18024,36.8,58.3,22.36
18025,36.8,58.3,22.36
18026,36.8,58.2,22.36
18027,36.8,58.2,22.36
18028,36.8,58.2,22.36
18029,36.8,58.2,22.36
18030,36.8,58.2,22.36
18031,36.8,58.2,22.36
18032,36.8,58.2,22.35
18033,36.8,58.2,22.35
18034,36.8,58.2,22.35
18035,36.8,58.2,22.35
18036,36.8,58.2,22.35
18037,36.8,58.2,22.35
18038,36.8,58.2,22.35
18039,36.8,58.2,22.35
18040,36.8,58.2,22.34
18041,36.8,58.2,22.34
18042,36.8,58.2,22.34
18043,36.8,58.2,22.34
18044,36.8,58.2,22.34
18045,36.8,58.2,22.34
18046,36.8,58.3,22.34
18047,36.8,58.3,22.34
18048,36.8,58.3,22.33
18049,36.8,58.3,22.33
18050,36.8,58.3,22.33
18051,36.8,58.3,22.33
18052,36.8,58.3,22.33
18053,36.8,58.3,22.33
18054,36.8,58.2,22.33
18055,36.8,58.2,22.33
18056,36.8,58.2,22.32
18057,36.8,58.2,22.32
18058,36.8,58.2,22.32
18059,36.8,58.2,22.32
18060,36.8,58.2,22.32
18061,36.8,58.2,22.32
18062,36.8,58.2,22.32
18063,36.8,58.2,22.32
18064,36.8,58.2,22.32
18065,36.8,58.2,22.31
18066,36.8,58.2,22.31
18067,36.8,58.2,22.31
18068,36.8,58.2,22.31
18069,36.8,58.2,22.31
18070,36.8,58.2,22.31
18071,36.8,58.2,22.31
18072,36.8,58.2,22.31
18073,36.8,58.2,22.3
18074,36.8,58.2,22.3
18075,36.8,58.2,22.3
18076,36.8,58.2,22.3
18077,36.8,58.2,22.3
18078,36.8,58.2,22.3
18079,36.8,58.2,22.3
18080,36.8,58.2,22.3
18081,36.8,58.2,22.29
18082,36.8,58.2,22.29
18083,36.8,58.2,22.29
18084,36.8,58.2,22.29
18085,36.8,58.2,22.29
18086,36.8,58.2,22.29
18087,36.8,58.2,22.29
18088,36.8,58.2,22.29
18089,36.8,58.2,22.28
18090,36.8,58.2,22.28
18091,36.8,58.2,22.28
18092,36.7,58.2,22.35
18093,36.7,58.2,22.35
18094,36.7,58.2,22.35
18095,36.7,58.2,22.35
18096,36.7,58.2,22.35
18097,36.7,58.2,22.35
18098,36.7,58.2,22.35
18099,36.7,58.2,22.34
18100,36.7,58.2,22.34
18101,36.7,58.2,22.34
18102,36.7,58.2,22.34
18103,36.7,58.2,22.34
18104,36.7,58.2,22.34
18105,36.7,58.2,22.34
18106,36.7,58.2,22.34
18107,36.7,58.2,22.33
18108,36.7,58.2,22.33
18109,36.7,58.2,22.33
18110,36.7,58.2,22.33
18111,36.7,58.2,22.33
18112,36.7,58.2,22.33
18113,36.7,58.2,22.33
18114,36.7,58.2,22.33
18115,36.7,58.2,22.32
18116,36.7,58.2,22.32
18117,36.7,58.2,22.32
18118,36.7,58.2,22.32
18119,36.7,58.2,22.32
18120,36.7,58.2,22.32
18121,36.7,58.2,22.32
18122,36.7,58.2,22.32
18123,36.7,58.2,22.31
18124,36.7,58.2,22.31
18125,36.7,58.2,22.31
18126,36.7,58.2,22.31
18127,36.7,58.2,22.31
18128,36.7,58.2,22.31
18129,36.7,58.2,22.31
18130,36.7,58.2,22.31
18131,36.7,58.2,22.3
18132,36.7,58.2,22.3
18133,36.7,58.2,22.3
18134,36.7,58.2,22.3
18135,36.7,58.2,22.3
18136,36.7,58.2,22.3
18137,36.7,58.2,22.3
18138,36.7,58.2,22.3
18139,36.7,58.2,22.29
18140,36.7,58.2,22.29
18141,36.7,58.2,22.29
18142,36.7,58.2,22.29
18143,36.7,58.2,22.29
18144,36.7,58.2,22.29
18145,36.7,58.2,22.29
18146,36.7,58.2,22.29
18147,36.7,58.2,22.28
18148,36.7,58.2,22.28
18149,36.7,58.2,22.28
18150,36.7,58.2,22.28
18151,36.7,58.2,22.28
18152,36.7,58.2,22.28
18153,36.7,58.2,22.28
18154,36.7,58.2,22.28
18155,36.7,58.2,22.27
18156,36.7,58.2,22.27
18157,36.7,58.2,22.27
18158,36.7,58.2,22.27
18159,36.7,58.2,22.27
18160,36.7,58.2,22.27
18161,36.7,58.2,22.27
18162,36.7,58.2,22.27
18163,36.7,58.2,22.27
18164,36.7,58.2,22.26
18165,36.7,58.2,22.26
18166,36.7,58.2,22.26
18167,36.7,58.2,22.26
18168,36.7,58.2,22.26
18169,36.7,58.2,22.26
18170,36.7,58.2,22.26
18171,36.7,58.2,22.26
18172,36.7,58.2,22.25
18173,36.7,58.2,22.25
18174,36.7,58.2,22.25
18175,36.7,58.2,22.25
18176,36.7,58.2,22.25
18177,36.7,58.2,22.25
18178,36.7,58.2,22.25
18179,36.7,58.2,22.25
18180,36.7,58.2,22.24
18181,36.7,58.2,22.24
18182,36.7,58.2,22.24
18183,36.7,58.2,22.24
18184,36.7,58.2,22.24
18185,36.7,58.2,22.24
18186,36.7,58.2,22.24
18187,36.7,58.2,22.24
18188,36.7,58.2,22.23
18189,36.7,58.2,22.23
18190,36.7,58.2,22.23
18191,36.7,58.2,22.23
18192,36.7,58.2,22.23
18193,36.7,58.2,22.23
18194,36.7,58.2,22.23
18195,36.7,58.2,22.23
18196,36.7,58.2,22.22
18197,36.7,58.2,22.22
18198,36.7,58.2,22.22
18199,36.7,58.2,22.22
18200,36.7,58.2,22.22
18201,36.7,58.2,22.22
18202,36.7,58.2,22.22
18203,36.7,58.2,22.22
18204,36.7,58.2,22.21
18205,36.7,58.2,22.21
18206,36.7,58.2,22.21
18207,36.7,58.2,22.21
18208,36.7,58.2,22.21
18209,36.7,58.2,22.21
18210,36.7,58.2,22.21
18211,36.7,58.2,22.21
18212,36.7,58.2,22.21
18213,36.7,58.2,22.2
18214,36.7,58.2,22.2
18215,36.7,58.2,22.2
18216,36.7,58.2,22.2
18217,36.7,58.2,22.2
18218,36.7,58.2,22.2
18219,36.7,58.2,22.2
18220,36.7,58.2,22.2
18221,36.7,58.2,22.19
18222,36.7,58.2,22.19
18223,36.7,58.2,22.19
18224,36.7,58.2,22.19
18225,36.7,58.2,22.19
18226,36.7,58.2,22.19
18227,36.7,58.2,22.19
18228,36.7,58.2,22.19
18229,36.7,58.2,22.18
18230,36.7,58.2,22.18
18231,36.7,58.2,22.18
18232,36.6,58.2,22.24
18233,36.6,58.2,22.24
18234,36.6,58.2,22.24
18235,36.6,58.2,22.24
18236,36.6,58.2,22.24
18237,36.6,58.2,22.24
18238,36.6,58.2,22.24
18239,36.6,58.2,22.24
18240,36.6,58.2,22.23
18241,36.6,58.2,22.23
18242,36.6,58.2,22.23
18243,36.6,58.1,22.23
18244,36.6,58.2,22.23
18245,36.6,58.1,22.23
18246,36.6,58.1,22.23
18247,36.6,58.1,22.23
18248,36.6,58.1,22.22
18249,36.6,58.1,22.22
18250,36.6,58.1,22.22
18251,36.6,58.1,22.22
18252,36.6,58.1,22.22
18253,36.6,58.1,22.22
18254,36.6,58.1,22.22
18255,36.6,58.1,22.22
18256,36.6,58.1,22.21
18257,36.6,58.1,22.21
18258,36.6,58.1,22.21
18259,36.6,58.1,22.21
18260,36.6,58.1,22.21
18261,36.6,58.2,22.21
18262,36.6,58.2,22.21
18263,36.6,58.2,22.21
18264,36.6,58.2,22.2
18265,36.6,58.1,22.2
18266,36.6,58.2,22.2
18267,36.6,58.1,22.2
18268,36.6,58.2,22.2
18269,36.6,58.1,22.2
18270,36.6,58.1,22.2
18271,36.6,58.1,22.2
18272,36.6,58.1,22.2
18273,36.6,58.2,22.19
18274,36.6,58.1,22.19
18275,36.6,58.2,22.19
18276,36.6,58.2,22.19
18277,36.6,58.2,22.19
18278,36.6,58.2,22.19
18279,36.6,58.2,22.19
18280,36.6,58.2,22.19
18281,36.6,58.2,22.18
18282,36.6,58.2,22.18
18283,36.6,58.2,22.18
18284,36.6,58.1,22.18
18285,36.6,58.2,22.18
18286,36.6,58.2,22.18
18287,36.6,58.2,22.18
18288,36.6,58.2,22.18
18289,36.6,58.2,22.17
18290,36.6,58.2,22.17
18291,36.6,58.2,22.17
18292,36.6,58.2,22.17
18293,36.6,58.2,22.17
18294,36.6,58.2,22.17
18295,36.6,58.2,22.17
18296,36.6,58.2,22.17
18297,36.6,58.2,22.16
18298,36.6,58.2,22.16
18299,36.6,58.2,22.16
18300,36.6,58.2,22.16
18301,36.6,58.2,22.16
18302,36.6,58.2,22.16
18303,36.6,58.2,22.16
18304,36.6,58.2,22.16
18305,36.6,58.2,22.16
18306,36.6,58.2,22.15
18307,36.6,58.2,22.15
18308,36.6,58.2,22.15
18309,36.6,58.2,22.15
18310,36.6,58.2,22.15
18311,36.6,58.2,22.15
18312,36.6,58.2,22.15
18313,36.6,58.2,22.15
18314,36.6,58.2,22.14
18315,36.6,58.2,22.14
18316,36.6,58.2,22.14
18317,36.6,58.2,22.14
18318,36.6,58.2,22.14
18319,36.6,58.2,22.14
18320,36.6,58.2,22.14
18321,36.6,58.2,22.14
18322,36.6,58.2,22.13
18323,36.6,58.2,22.13
18324,36.6,58.2,22.13
18325,36.6,58.2,22.13
18326,36.6,58.2,22.13
18327,36.6,58.2,22.13
18328,36.6,58.2,22.13
18329,36.6,58.2,22.13
18330,36.6,58.2,22.12
18331,36.6,58.2,22.12
18332,36.6,58.2,22.12
18333,36.6,58.2,22.19
18334,36.6,58.2,22.19
18335,36.6,58.2,22.19
18336,36.6,58.2,22.19
18337,36.6,58.2,22.19
18338,36.6,58.2,22.19
18339,36.6,58.1,22.19
18340,36.6,58.2,22.19
18341,36.6,58.2,22.19
18342,36.6,58.2,22.18
18343,36.6,58.2,22.18
18344,36.6,58.2,22.18
18345,36.6,58.2,22.18
18346,36.6,58.2,22.18
18347,36.6,58.2,22.18
18348,36.6,58.2,22.18
18349,36.6,58.2,22.18
18350,36.6,58.2,22.17
18351,36.6,58.2,22.17
18352,36.6,58.2,22.27
18353,36.6,58.1,22.27
18354,36.6,58.2,22.27
18355,36.6,58.2,22.27
18356,36.6,58.1,22.4
18357,36.6,58.2,22.4
18358,36.6,58.2,22.4
18359,36.6,58.2,22.4
18360,36.6,58.2,22.4
18361,36.6,58.2,22.4
18362,36.6,58.2,22.39
18363,36.6,58.1,22.39
18364,36.6,58.1,22.39
18365,36.6,58.1,22.39
18366,36.6,58.2,22.39
18367,36.6,58.1,22.39
18368,36.6,58.1,22.39
18369,36.6,58.1,22.39
18370,36.6,58.1,22.38
18371,36.6,58.2,22.38
18372,36.6,58.2,22.38
18373,36.6,58.2,22.38
18374,36.6,58.2,22.38
18375,36.6,58.2,22.38
18376,36.6,58.2,22.38
18377,36.6,58.1,22.38
18378,36.6,58.1,22.37
18379,36.6,58.1,22.37
18380,36.6,58.2,22.37
18381,36.6,58.2,22.37
18382,36.6,58.2,22.37
18383,36.6,58.2,22.37
18384,36.6,58.2,22.37
18385,36.6,58.2,22.37
18386,36.6,58.2,22.36
18387,36.6,58.1,22.36
18388,36.6,58.2,22.36
18389,36.6,58.2,22.36
18390,36.6,58.2,22.36
18391,36.6,58.1,22.36
18392,36.6,58.2,22.36
18393,36.6,58.2,22.36
18394,36.6,58.2,22.36
18395,36.6,58.2,22.35
18396,36.6,58.2,22.35
18397,36.6,58.2,22.35
18398,36.6,58.2,22.35
18399,36.6,58.2,22.35
18400,36.6,58.2,22.35
18401,36.6,58.2,22.35
18402,36.6,58.2,22.35
18403,36.6,58.2,22.34
18404,36.6,58.2,22.34
18405,36.6,58.2,22.34
18406,36.6,58.2,22.34
18407,36.6,58.2,22.34
18408,36.6,58.2,22.34
18409,36.6,58.2,22.34
18410,36.6,58.1,22.34
18411,36.6,58.2,22.33
18412,36.6,58.1,22.33
18413,36.6,58.1,22.33
18414,36.6,58.1,22.33
18415,36.6,58.1,22.33
18416,36.6,58.1,22.33
18417,36.6,58.1,22.33
18418,36.6,58.1,22.33
18419,36.6,58.1,22.32
18420,36.6,58.1,22.32
18421,36.6,58.1,22.32
18422,36.6,58.1,22.32
18423,36.6,58.2,22.32
18424,36.6,58.2,22.32
18425,36.6,58.2,22.32
18426,36.6,58.2,22.32
18427,36.6,58.2,22.32
18428,36.6,58.2,22.31
18429,36.6,58.2,22.31
18430,36.6,58.1,22.31
18431,36.6,58.2,22.31
18432,36.6,58.2,22.31
18433,36.6,58.2,22.31
18434,36.6,58.1,22.31
18435,36.6,58.1,22.31
18436,36.6,58.1,22.3
18437,36.6,58.1,22.3
18438,36.6,58.1,22.3
18439,36.6,58.1,22.3
18440,36.6,58.1,22.3
18441,36.6,58.1,22.3
18442,36.6,58.1,22.3
18443,36.6,58.1,22.3
18444,36.6,58.1,22.29
18445,36.6,58.1,22.29
18446,36.6,58.1,22.29
18447,36.6,58.1,22.29
18448,36.6,58.1,22.29
18449,36.6,58.1,22.29
18450,36.6,58.2,22.29
18451,36.6,58.2,22.29
18452,36.6,58.2,22.28
18453,36.6,58.2,22.28
18454,36.6,58.2,22.28
18455,36.6,58.2,22.28
18456,36.6,58.2,22.28
18457,36.6,58.2,22.28
18458,36.6,58.2,22.28
18459,36.6,58.2,22.28
18460,36.6,58.2,22.28
18461,36.6,58.2,22.27
18462,36.6,58.2,22.27
18463,36.6,58.2,22.27
18464,36.6,58.2,22.27
18465,36.6,58.2,22.27
18466,36.6,58.2,22.27
18467,36.6,58.2,22.27
18468,36.6,58.2,22.27
18469,36.6,58.2,22.26
18470,36.6,58.2,22.26
18471,36.6,58.2,22.26
18472,36.6,58.2,22.26
18473,36.6,58.2,22.26
18474,36.6,58.2,22.26
18475,36.6,58.2,22.26
18476,36.6,58.2,22.26
18477,36.6,58.2,22.25
18478,36.6,58.2,22.25
18479,36.6,58.2,22.25
18480,36.6,58.2,22.25
18481,36.6,58.2,22.25
18482,36.6,58.2,22.25
18483,36.6,58.2,22.25
18484,36.6,58.2,22.25
18485,36.5,58.2,22.3
18486,36.5,58.2,22.3
18487,36.5,58.2,22.29
18488,36.5,58.2,22.29
18489,36.5,58.2,22.29
18490,36.5,58.2,22.29
18491,36.5,58.2,22.29
18492,36.5,58.2,22.29
18493,36.5,58.2,22.29
18494,36.5,58.2,22.29
18495,36.5,58.2,22.28
18496,36.5,58.2,22.28
18497,36.5,58.2,22.28
18498,36.5,58.2,22.28
18499,36.5,58.2,22.28
18500,36.5,58.2,22.28
18501,36.5,58.2,22.28
18502,36.5,58.2,22.28
18503,36.5,58.2,22.27
18504,36.5,58.2,22.27
18505,36.5,58.2,22.27
18506,36.5,58.2,22.27
18507,36.5,58.2,22.27
18508,36.5,58.2,22.27
18509,36.5,58.2,22.27
18510,36.5,58.2,22.27
18511,36.5,58.2,22.27
18512,36.5,58.2,22.26
18513,36.5,58.2,22.26
18514,36.5,58.2,22.26
18515,36.5,58.2,22.26
18516,36.5,58.2,22.26
18517,36.5,58.2,22.26
18518,36.5,58.2,22.26
18519,36.5,58.2,22.26
18520,36.5,58.2,22.25
18521,36.5,58.2,22.25
18522,36.5,58.2,22.25
18523,36.5,58.2,22.25
18524,36.5,58.2,22.25
18525,36.5,58.2,22.25
18526,36.5,58.2,22.25
18527,36.5,58.2,22.25
18528,36.5,58.2,22.24
18529,36.5,58.2,22.24
18530,36.5,58.2,22.24
18531,36.5,58.2,22.24
18532,36.5,58.2,22.24
18533,36.5,58.2,22.24
18534,36.5,58.2,22.24
18535,36.5,58.2,22.24
18536,36.5,58.2,22.24
18537,36.5,58.2,22.23
18538,36.5,58.2,22.23
18539,36.5,58.2,22.23
18540,36.5,58.2,22.23
18541,36.5,58.2,22.23
18542,36.5,58.2,22.23
18543,36.5,58.2,22.23
18544,36.5,58.2,22.23
18545,36.5,58.2,22.22
18546,36.5,58.2,22.22
18547,36.5,58.2,22.22
18548,36.5,58.2,22.22
18549,36.5,58.2,22.22
18550,36.5,58.2,22.22
18551,36.5,58.2,22.22
18552,36.5,58.2,22.22
18553,36.5,58.2,22.21
18554,36.5,58.2,22.21
18555,36.5,58.2,22.21
18556,36.5,58.2,22.21
18557,36.5,58.2,22.21
18558,36.5,58.2,22.21
18559,36.5,58.2,22.21
18560,36.5,58.2,22.21
18561,36.5,58.2,22.21
18562,36.5,58.2,22.2
18563,36.5,58.2,22.2
18564,36.5,58.2,22.2
18565,36.5,58.2,22.2
18566,36.5,58.2,22.2
18567,36.5,58.2,22.2
18568,36.5,58.2,22.2
18569,36.5,58.2,22.2
18570,36.5,58.2,22.19
18571,36.5,58.2,22.19
18572,36.5,58.2,22.19
18573,36.5,58.2,22.19
18574,36.5,58.2,22.19
18575,36.5,58.2,22.19
18576,36.5,58.2,22.19
18577,36.5,58.2,22.19
18578,36.5,58.2,22.18
18579,36.5,58.2,22.18
18580,36.5,58.2,22.18
18581,36.5,58.2,22.18
18582,36.5,58.2,22.28
18583,36.5,58.2,22.28
18584,36.5,58.2,22.27
18585,36.5,58.2,22.27
18586,36.5,58.2,22.27
18587,36.5,58.2,22.27
18588,36.5,58.2,22.27
18589,36.5,58.2,22.27
18590,36.5,58.2,22.27
18591,36.5,58.2,22.27
18592,36.5,58.2,22.26
18593,36.5,58.2,22.26
18594,36.5,58.2,22.26
18595,36.5,58.2,22.26
18596,36.5,58.2,22.26
18597,36.5,58.2,22.26
18598,36.5,58.2,22.26
18599,36.5,58.2,22.26
18600,36.5,58.2,22.26
18601,36.5,58.2,22.25
18602,36.5,58.2,22.25
18603,36.5,58.2,22.25
18604,36.5,58.2,22.25
18605,36.5,58.2,22.32
18606,36.5,58.2,22.32
18607,36.5,58.2,22.32
18608,36.5,58.2,22.32
18609,36.5,58.2,22.32
18610,36.5,58.2,22.32
18611,36.5,58.2,22.32
18612,36.5,58.2,22.32
18613,36.5,58.2,22.32
18614,36.5,58.2,22.31
18615,36.5,58.2,22.31
18616,36.5,58.2,22.31
18617,36.5,58.2,22.31
18618,36.5,58.2,22.31
18619,36.5,58.2,22.31
18620,36.5,58.2,22.31
18621,36.5,58.2,22.31
18622,36.5,58.2,22.3
18623,36.5,58.2,22.3
18624,36.5,58.2,22.3
18625,36.5,58.2,22.3
18626,36.5,58.2,22.3
18627,36.5,58.2,22.3
18628,36.5,58.2,22.3
18629,36.5,58.2,22.3
18630,36.5,58.2,22.29
18631,36.5,58.2,22.29
18632,36.5,58.2,22.29
18633,36.5,58.2,22.29
18634,36.5,58.2,22.29
18635,36.5,58.2,22.29
18636,36.5,58.2,22.29
18637,36.5,58.2,22.29
18638,36.5,58.2,22.29
18639,36.5,58.2,22.28
18640,36.5,58.2,22.28
18641,36.5,58.2,22.28
18642,36.5,58.2,22.28
18643,36.5,58.2,22.28
18644,36.5,58.2,22.28
18645,36.5,58.2,22.28
18646,36.5,58.2,22.28
18647,36.5,58.2,22.27
18648,36.5,58.2,22.27
18649,36.5,58.2,22.27
18650,36.5,58.2,22.27
18651,36.5,58.2,22.27
18652,36.5,58.2,22.27
18653,36.5,58.2,22.27
18654,36.5,58.2,22.27
18655,36.5,58.2,22.26
18656,36.5,58.2,22.26
18657,36.5,58.2,22.26
18658,36.5,58.2,22.26
18659,36.5,58.2,22.26
18660,36.5,58.2,22.26
18661,36.5,58.2,22.26
18662,36.5,58.2,22.26
18663,36.5,58.2,22.26
18664,36.5,58.2,22.25
18665,36.5,58.2,22.25
18666,36.5,58.2,22.25
18667,36.5,58.2,22.25
18668,36.5,58.2,22.25
18669,36.5,58.2,22.25
18670,36.5,58.2,22.25
18671,36.5,58.2,22.25
18672,36.5,58.2,22.24
18673,36.5,58.2,22.24
18674,36.5,58.2,22.24
18675,36.5,58.2,22.24
18676,36.5,58.2,22.24
18677,36.5,58.2,22.24
18678,36.5,58.2,22.24
18679,36.5,58.2,22.24
18680,36.5,58.2,22.24
18681,36.5,58.2,22.23
18682,36.5,58.2,22.23
18683,36.5,58.2,22.23
18684,36.5,58.2,22.23
18685,36.5,58.2,22.23
18686,36.5,58.2,22.23
18687,36.5,58.2,22.23
18688,36.5,58.2,22.23
18689,36.5,58.2,22.22
18690,36.5,58.2,22.22
18691,36.5,58.2,22.22
18692,36.5,58.2,22.22
18693,36.5,58.2,22.22
18694,36.5,58.2,22.22
18695,36.5,58.2,22.22
18696,36.5,58.2,22.22
18697,36.5,58.2,22.21
18698,36.5,58.2,22.21
18699,36.5,58.2,22.21
18700,36.5,58.2,22.21
18701,36.5,58.2,22.21
18702,36.5,58.2,22.21
18703,36.5,58.2,22.21
18704,36.5,58.2,22.21
18705,36.5,58.2,22.21
18706,36.5,58.2,22.2
18707,36.5,58.2,22.2
18708,36.5,58.2,22.3
18709,36.5,58.2,22.3
18710,36.5,58.2,22.3
18711,36.5,58.2,22.3
18712,36.5,58.2,22.3
18713,36.5,58.2,22.3
18714,36.5,58.2,22.3
18715,36.5,58.2,22.29
18716,36.5,58.2,22.29
18717,36.5,58.2,22.29
18718,36.5,58.2,22.29
18719,36.5,58.2,22.29
18720,36.5,58.2,22.29
18721,36.5,58.2,22.29
18722,36.5,58.2,22.29
18723,36.5,58.2,22.29
18724,36.5,58.2,22.28
18725,36.5,58.2,22.28
18726,36.5,58.2,22.28
18727,36.5,58.2,22.28
18728,36.5,58.2,22.28
18729,36.5,58.2,22.28
18730,36.5,58.2,22.28
18731,36.5,58.2,22.28
18732,36.5,58.2,22.27
18733,36.5,58.2,22.27
18734,36.5,58.2,22.27
18735,36.5,58.2,22.27
18736,36.5,58.2,22.27
18737,36.5,58.2,22.27
18738,36.5,58.3,22.27
18739,36.5,58.3,22.27
18740,36.5,58.3,22.27
18741,36.5,58.3,22.26
18742,36.5,58.3,22.26
18743,36.5,58.3,22.26
18744,36.5,58.3,22.26
18745,36.5,58.3,22.26
18746,36.5,58.3,22.26
18747,36.5,58.3,22.26
18748,36.5,58.3,22.26
18749,36.5,58.3,22.25
18750,36.5,58.3,22.25
18751,36.5,58.3,22.25
18752,36.5,58.3,22.25
18753,36.5,58.3,22.25
18754,36.5,58.3,22.25
18755,36.5,58.3,22.25
18756,36.5,58.3,22.25
18757,36.5,58.3,22.25
18758,36.5,58.3,22.24
18759,36.5,58.3,22.24
18760,36.5,58.3,22.24
18761,36.5,58.3,22.24
18762,36.5,58.3,22.24
18763,36.5,58.3,22.24
18764,36.5,58.3,22.24
18765,36.5,58.3,22.24
18766,36.5,58.3,22.23
18767,36.5,58.3,22.23
18768,36.5,58.3,22.23
18769,36.5,58.3,22.23
18770,36.5,58.3,22.23
18771,36.5,58.2,22.23
18772,36.5,58.2,22.23
18773,36.5,58.2,22.23
18774,36.5,58.2,22.22
18775,36.5,58.2,22.22
18776,36.5,58.2,22.22
18777,36.5,58.2,22.22
18778,36.5,58.2,22.22
18779,36.5,58.2,22.22
18780,36.5,58.2,22.22
18781,36.5,58.2,22.22
18782,36.5,58.2,22.22
18783,36.5,58.2,22.21
18784,36.5,58.2,22.21
18785,36.5,58.2,22.21
18786,36.5,58.2,22.21
18787,36.5,58.2,22.21
18788,36.5,58.2,22.21
18789,36.5,58.2,22.21
18790,36.5,58.2,22.21
18791,36.5,58.2,22.2
18792,36.5,58.2,22.2
18793,36.5,58.2,22.2
18794,36.5,58.2,22.2
18795,36.5,58.2,22.2
18796,36.5,58.2,22.2
18797,36.5,58.2,22.2
18798,36.5,58.2,22.2
18799,36.5,58.2,22.2
18800,36.5,58.2,22.19
18801,36.5,58.2,22.19
18802,36.5,58.2,22.19
18803,36.5,58.2,22.19
18804,36.5,58.2,22.19
18805,36.5,58.2,22.19
18806,36.5,58.2,22.19
18807,36.5,58.2,22.19
18808,36.5,58.3,22.18
18809,36.5,58.3,22.18
18810,36.5,58.3,22.18
18811,36.5,58.3,22.18
18812,36.5,58.3,22.18
18813,36.5,58.3,22.18
18814,36.5,58.3,22.18
18815,36.5,58.3,22.18
18816,36.5,58.3,22.18
18817,36.5,58.3,22.17
18818,36.5,58.3,22.17
18819,36.5,58.3,22.17
18820,36.5,58.3,22.17
18821,36.5,58.3,22.17
18822,36.5,58.3,22.17
18823,36.5,58.3,22.17
18824,36.5,58.3,22.17
18825,36.5,58.3,22.16
18826,36.5,58.3,22.16
18827,36.5,58.3,22.16
18828,36.5,58.3,22.16
18829,36.5,58.3,22.16
18830,36.5,58.3,22.16
18831,36.5,58.3,22.16
18832,36.5,58.3,22.16
18833,36.5,58.3,22.16
18834,36.5,58.3,22.15
18835,36.5,58.3,22.15
18836,36.5,58.3,22.15
18837,36.5,58.3,22.15
18838,36.5,58.3,22.15
18839,36.5,58.3,22.15
18840,36.5,58.3,22.15
18841,36.5,58.3,22.15
18842,36.5,58.2,22.14
18843,36.5,58.2,22.14
18844,36.5,58.2,22.14
18845,36.5,58.2,22.14
18846,36.5,58.2,22.14
18847,36.5,58.2,22.14
18848,36.5,58.2,22.14
18849,36.5,58.2,22.14
18850,36.5,58.2,22.14
18851,36.5,58.2,22.13
18852,36.5,58.2,22.13
18853,36.5,58.2,22.13
18854,36.5,58.2,22.13
18855,36.5,58.2,22.13
18856,36.5,58.2,22.13
18857,36.5,58.2,22.13
18858,36.5,58.3,22.13
18859,36.5,58.3,22.12
18860,36.5,58.3,22.12
18861,36.5,58.3,22.12
18862,36.5,58.2,22.12
18863,36.5,58.3,22.12
18864,36.5,58.3,22.12
18865,36.5,58.3,22.12
18866,36.4,58.3,22.17
18867,36.4,58.3,22.17
18868,36.4,58.3,22.17
18869,36.4,58.3,22.17
18870,36.4,58.3,22.17
18871,36.4,58.3,22.17
18872,36.4,58.3,22.17
18873,36.4,58.3,22.16
18874,36.4,58.3,22.16
18875,36.4,58.3,22.16
18876,36.4,58.3,22.16
18877,36.4,58.3,22.16
18878,36.4,58.3,22.16
18879,36.4,58.3,22.16
18880,36.4,58.3,22.16
18881,36.4,58.3,22.15
18882,36.4,58.3,22.15
18883,36.4,58.3,22.15
18884,36.4,58.3,22.15
18885,36.4,58.3,22.15
18886,36.4,58.3,22.15
18887,36.4,58.3,22.15
18888,36.4,58.3,22.15
18889,36.4,58.3,22.15
18890,36.4,58.3,22.14
18891,36.4,58.3,22.14
18892,36.4,58.3,22.14
18893,36.4,58.3,22.14
18894,36.4,58.3,22.14
18895,36.4,58.3,22.14
18896,36.4,58.3,22.14
18897,36.4,58.3,22.14
18898,36.4,58.3,22.13
18899,36.4,58.3,22.13
18900,36.4,58.3,22.13
18901,36.4,58.3,22.13
18902,36.4,58.3,22.24
18903,36.4,58.3,22.23
18904,36.4,58.3,22.23
18905,36.4,58.3,22.23
18906,36.4,58.3,22.23
18907,36.4,58.3,22.23
18908,36.4,58.3,22.23
18909,36.4,58.3,22.23
18910,36.4,58.3,22.23
18911,36.4,58.3,22.23
18912,36.4,58.3,22.22
18913,36.4,58.3,22.22
18914,36.4,58.3,22.22
18915,36.4,58.3,22.22
18916,36.4,58.3,22.22
18917,36.4,58.3,22.22
18918,36.4,58.3,22.22
18919,36.4,58.2,22.22
18920,36.4,58.3,22.21
18921,36.4,58.3,22.21
18922,36.4,58.3,22.21
18923,36.4,58.3,22.21
18924,36.4,58.3,22.21
18925,36.4,58.3,22.21
18926,36.4,58.3,22.21
18927,36.3,58.3,22.28
18928,36.3,58.3,22.27
18929,36.3,58.3,22.27
18930,36.3,58.3,22.27
18931,36.3,58.3,22.27
18932,36.3,58.3,22.27
18933,36.3,58.3,22.27
18934,36.3,58.3,22.27
18935,36.3,58.3,22.27
18936,36.3,58.3,22.26
18937,36.3,58.3,22.26
18938,36.3,58.3,22.26
18939,36.3,58.3,22.26
18940,36.3,58.3,22.26
18941,36.3,58.3,22.26
18942,36.3,58.3,22.26
18943,36.3,58.3,22.26
18944,36.3,58.3,22.26
18945,36.3,58.3,22.25
18946,36.3,58.3,22.25
18947,36.3,58.3,22.25
18948,36.3,58.3,22.25
18949,36.3,58.3,22.25
18950,36.3,58.3,22.25
18951,36.3,58.3,22.25
18952,36.3,58.3,22.25
18953,36.3,58.3,22.24
18954,36.3,58.3,22.24
18955,36.3,58.3,22.24
18956,36.3,58.3,22.24
18957,36.3,58.3,22.24
18958,36.3,58.3,22.24
18959,36.3,58.3,22.24
18960,36.3,58.3,22.24
18961,36.3,58.3,22.24
18962,36.3,58.3,22.23
18963,36.3,58.3,22.23
18964,36.3,58.3,22.23
18965,36.3,58.3,22.23
18966,36.3,58.3,22.23
18967,36.3,58.3,22.23
18968,36.3,58.3,22.23
18969,36.3,58.3,22.23
18970,36.3,58.3,22.3
18971,36.3,58.3,22.3
18972,36.3,58.3,22.3
18973,36.3,58.3,22.3
18974,36.3,58.3,22.3
18975,36.3,58.3,22.3
18976,36.3,58.3,22.29
18977,36.3,58.3,22.29
18978,36.3,58.3,22.29
18979,36.3,58.3,22.29
18980,36.3,58.3,22.29
18981,36.3,58.3,22.29
18982,36.3,58.3,22.29
18983,36.3,58.3,22.29
18984,36.3,58.3,22.28
18985,36.3,58.3,22.28
18986,36.3,58.3,22.28
18987,36.3,58.3,22.28
18988,36.3,58.3,22.28
18989,36.3,58.3,22.28
18990,36.3,58.3,22.28
18991,36.3,58.3,22.28
18992,36.3,58.3,22.28
18993,36.3,58.3,22.27
18994,36.3,58.3,22.27
18995,36.3,58.3,22.27
18996,36.3,58.3,22.27
18997,36.3,58.3,22.27
18998,36.3,58.3,22.27
18999,36.3,58.3,22.27
19000,36.3,58.3,22.27
19001,36.3,58.3,22.26
19002,36.3,58.3,22.26
19003,36.3,58.3,22.26
19004,36.3,58.3,22.26
19005,36.3,58.3,22.26
19006,36.3,58.3,22.26
19007,36.3,58.3,22.26
19008,36.3,58.3,22.26
19009,36.3,58.3,22.26
19010,36.3,58.3,22.25
19011,36.3,58.3,22.25
19012,36.3,58.3,22.25
19013,36.3,58.3,22.25
19014,36.3,58.3,22.25
19015,36.3,58.3,22.25
19016,36.3,58.3,22.25
19017,36.3,58.3,22.25
19018,36.3,58.3,22.24
19019,36.3,58.3,22.24
19020,36.3,58.3,22.24
19021,36.3,58.3,22.24
19022,36.3,58.3,22.24
19023,36.3,58.3,22.24
19024,36.3,58.3,22.24
19025,36.3,58.3,22.24
19026,36.3,58.3,22.24
19027,36.3,58.2,22.23
19028,36.3,58.3,22.23
19029,36.3,58.3,22.23
19030,36.3,58.3,22.23
19031,36.3,58.3,22.23
19032,36.3,58.2,22.23
19033,36.3,58.3,22.23
19034,36.3,58.2,22.23
19035,36.3,58.3,22.22
19036,36.3,58.2,22.22
19037,36.3,58.2,22.22
19038,36.3,58.3,22.22
19039,36.3,58.2,22.22
19040,36.3,58.3,22.22
19041,36.3,58.3,22.22
19042,36.3,58.3,22.22
19043,36.3,58.2,22.22
19044,36.3,58.2,22.21
19045,36.3,58.2,22.21
19046,36.3,58.2,22.21
19047,36.3,58.2,22.21
19048,36.3,58.2,22.21
19049,36.3,58.2,22.21
19050,36.3,58.2,22.21
19051,36.3,58.2,22.21
19052,36.3,58.2,22.21
19053,36.3,58.2,22.2
19054,36.3,58.2,22.2
19055,36.3,58.2,22.2
19056,36.3,58.2,22.2
19057,36.3,58.2,22.2
19058,36.3,58.2,22.2
19059,36.3,58.2,22.2
19060,36.3,58.2,22.2
19061,36.3,58.2,22.19
19062,36.3,58.2,22.19
19063,36.3,58.2,22.19
19064,36.3,58.2,22.19
19065,36.3,58.2,22.19
19066,36.3,58.2,22.19
19067,36.3,58.2,22.19
19068,36.3,58.2,22.19
19069,36.3,58.2,22.19
19070,36.3,58.2,22.18
19071,36.3,58.2,22.18
19072,36.3,58.2,22.18
19073,36.3,58.2,22.18
19074,36.3,58.2,22.18
19075,36.3,58.2,22.18
19076,36.3,58.2,22.18
19077,36.3,58.2,22.18
19078,36.3,58.2,22.17
19079,36.3,58.2,22.17
19080,36.3,58.2,22.17
19081,36.3,58.2,22.17
19082,36.3,58.2,22.17
19083,36.3,58.2,22.17
19084,36.3,58.2,22.17
19085,36.3,58.2,22.17
19086,36.3,58.2,22.17
19087,36.3,58.2,22.16
19088,36.3,58.2,22.16
19089,36.3,58.2,22.16
19090,36.3,58.2,22.16
19091,36.3,58.2,22.16
19092,36.3,58.2,22.16
19093,36.3,58.2,22.16
19094,36.3,58.2,22.16
19095,36.3,58.2,22.16
19096,36.3,58.2,22.15
19097,36.3,58.2,22.15
19098,36.3,58.2,22.15
19099,36.3,58.2,22.15
19100,36.3,58.2,22.15
19101,36.3,58.2,22.15
19102,36.3,58.2,22.15
19103,36.3,58.2,22.15
19104,36.3,58.2,22.14
19105,36.3,58.2,22.14
19106,36.3,58.2,22.14
19107,36.3,58.2,22.14
19108,36.3,58.2,22.14
19109,36.3,58.2,22.14
19110,36.3,58.2,22.14
19111,36.3,58.2,22.14
19112,36.3,58.2,22.14
19113,36.3,58.2,22.13
19114,36.3,58.2,22.13
19115,36.3,58.2,22.13
19116,36.3,58.2,22.13
19117,36.3,58.2,22.13
19118,36.3,58.2,22.13
19119,36.3,58.2,22.13
19120,36.3,58.2,22.13
19121,36.3,58.2,22.12
19122,36.3,58.2,22.12
19123,36.3,58.2,22.12
19124,36.3,58.2,22.12
19125,36.3,58.2,22.12
19126,36.3,58.2,22.12
19127,36.3,58.2,22.12
19128,36.3,58.2,22.12
19129,36.3,58.2,22.12
19130,36.3,58.2,22.11
19131,36.3,58.2,22.11
19132,36.3,58.2,22.11
19133,36.3,58.2,22.11
19134,36.3,58.2,22.11
19135,36.3,58.2,22.11
19136,36.3,58.2,22.11
19137,36.3,58.2,22.11
19138,36.3,58.2,22.11
19139,36.3,58.2,22.1
19140,36.3,58.2,22.1
19141,36.3,58.2,22.1
19142,36.3,58.2,22.1
19143,36.3,58.2,22.1
19144,36.3,58.2,22.1
19145,36.3,58.2,22.1
19146,36.3,58.2,22.1
19147,36.3,58.2,22.09
19148,36.3,58.2,22.09
19149,36.3,58.2,22.09
19150,36.3,58.2,22.09
19151,36.3,58.2,22.09
19152,36.3,58.2,22.09
19153,36.3,58.2,22.09
19154,36.3,58.2,22.09
19155,36.3,58.2,22.09
19156,36.3,58.2,22.08
19157,36.3,58.2,22.08
19158,36.3,58.2,22.08
19159,36.3,58.2,22.08
19160,36.3,58.2,22.08
19161,36.3,58.2,22.08
19162,36.3,58.2,22.08
19163,36.3,58.2,22.08
19164,36.3,58.2,22.08
19165,36.3,58.2,22.07
19166,36.3,58.2,22.07
19167,36.3,58.2,22.07
19168,36.3,58.2,22.07
19169,36.3,58.2,22.07
19170,36.3,58.2,22.07
19171,36.3,58.2,22.07
19172,36.3,58.2,22.07
19173,36.3,58.2,22.06
19174,36.3,58.2,22.06
19175,36.3,58.2,22.06
19176,36.3,58.2,22.06
19177,36.3,58.2,22.06
19178,36.3,58.2,22.06
19179,36.3,58.2,22.06
19180,36.3,58.2,22.06
19181,36.3,58.2,22.06
19182,36.3,58.2,22.05
19183,36.3,58.2,22.05
19184,36.3,58.2,22.05
19185,36.3,58.2,22.05
19186,36.3,58.2,22.05
19187,36.3,58.2,22.05
19188,36.3,58.2,22.05
19189,36.3,58.2,22.05
19190,36.3,58.2,22.05
19191,36.3,58.2,22.04
19192,36.3,58.2,22.04
19193,36.3,58.2,22.04
19194,36.3,58.2,22.04
19195,36.3,58.2,22.04
19196,36.3,58.2,22.04
19197,36.3,58.2,22.04
19198,36.3,58.2,22.04
19199,36.3,58.2,22.04
19200,36.3,58.2,22.03
19201,36.3,58.2,22.03
19202,36.3,58.2,22.03
19203,36.3,58.2,22.03
19204,36.3,58.2,22.03
19205,36.3,58.2,22.03
19206,36.3,58.2,22.03
19207,36.3,58.2,22.03
19208,36.3,58.2,22.02
19209,36.3,58.2,22.02
19210,36.3,58.2,22.02
19211,36.3,58.2,22.02
19212,36.3,58.2,22.02
19213,36.3,58.2,22.02
19214,36.3,58.2,22.02
19215,36.3,58.2,22.02
19216,36.3,58.2,22.02
19217,36.3,58.2,22.01
19218,36.3,58.2,22.01
19219,36.3,58.2,22.01
19220,36.3,58.2,22.01
19221,36.3,58.2,22.01
19222,36.3,58.2,22.01
19223,36.3,58.2,22.01
19224,36.3,58.2,22.01
19225,36.3,58.2,22.01
19226,36.3,58.2,22.0
19227,36.3,58.2,22.0
19228,36.4,58.2,22.19
19229,36.4,58.2,22.19
19230,36.4,58.2,22.19
19231,36.4,58.2,22.19
19232,36.4,58.2,22.19
19233,36.4,58.2,22.19
19234,36.4,58.2,22.18
19235,36.4,58.2,22.18
19236,36.4,58.2,22.18
19237,36.4,58.2,22.18
19238,36.4,58.2,22.18
19239,36.4,58.2,22.18
19240,36.4,58.2,22.18
19241,36.4,58.2,22.18
19242,36.4,58.2,22.18
19243,36.4,58.2,22.17
19244,36.4,58.2,22.17
19245,36.4,58.2,22.17
19246,36.4,58.2,22.17
19247,36.4,58.2,22.17
19248,36.4,58.2,22.17
19249,36.4,58.2,22.17
19250,36.4,58.2,22.17
19251,36.4,58.2,22.25
19252,36.4,58.2,22.25
19253,36.4,58.2,22.25
19254,36.4,58.2,22.25
19255,36.4,58.2,22.25
19256,36.4,58.2,22.25
19257,36.4,58.2,22.24
19258,36.4,58.2,22.24
19259,36.4,58.2,22.24
19260,36.4,58.2,22.24
19261,36.4,58.2,22.24
19262,36.4,58.2,22.24
19263,36.4,58.2,22.24
19264,36.4,58.2,22.24
19265,36.4,58.2,22.23
19266,36.4,58.2,22.23
19267,36.4,58.2,22.23
19268,36.4,58.2,22.23
19269,36.4,58.2,22.23
19270,36.4,58.2,22.33
19271,36.4,58.2,22.33
19272,36.4,58.2,22.33
19273,36.4,58.2,22.32
19274,36.4,58.2,22.32
19275,36.4,58.2,22.32
19276,36.4,58.2,22.32
19277,36.4,58.2,22.32
19278,36.4,58.2,22.32
19279,36.4,58.2,22.32
19280,36.4,58.2,22.32
19281,36.4,58.2,22.31
19282,36.4,58.2,22.31
19283,36.4,58.2,22.38
19284,36.4,58.2,22.38
19285,36.4,58.2,22.37
19286,36.4,58.2,22.37
19287,36.4,58.2,22.37
19288,36.4,58.2,22.37
19289,36.4,58.2,22.37
19290,36.4,58.2,22.37
19291,36.4,58.2,22.37
19292,36.4,58.2,22.37
19293,36.4,58.2,22.37
19294,36.4,58.2,22.36
19295,36.4,58.2,22.36
19296,36.4,58.2,22.36
19297,36.4,58.2,22.36
19298,36.4,58.2,22.36
19299,36.4,58.2,22.36
19300,36.4,58.2,22.36
19301,36.4,58.2,22.36
19302,36.4,58.2,22.36
19303,36.4,58.2,22.35
19304,36.4,58.2,22.35
19305,36.4,58.2,22.35
19306,36.4,58.2,22.35
19307,36.4,58.2,22.35
19308,36.4,58.2,22.35
19309,36.4,58.2,22.35
19310,36.4,58.2,22.35
19311,36.4,58.2,22.34
19312,36.4,58.2,22.34
19313,36.4,58.2,22.34
19314,36.4,58.2,22.34
19315,36.4,58.2,22.34
19316,36.4,58.2,22.34
19317,36.4,58.2,22.34
19318,36.4,58.2,22.34
19319,36.4,58.2,22.34
19320,36.4,58.2,22.33
19321,36.4,58.2,22.33
19322,36.4,58.2,22.33
19323,36.4,58.2,22.33
19324,36.4,58.2,22.33
19325,36.4,58.2,22.33
19326,36.4,58.2,22.33
19327,36.4,58.2,22.33
19328,36.4,58.2,22.33
19329,36.4,58.2,22.32
19330,36.4,58.2,22.32
19331,36.4,58.2,22.32
19332,36.4,58.2,22.32
19333,36.4,58.2,22.32
19334,36.4,58.2,22.32
19335,36.4,58.2,22.32
19336,36.4,58.2,22.32
19337,36.4,58.2,22.31
19338,36.4,58.2,22.31
19339,36.4,58.2,22.31
19340,36.4,58.2,22.31
19341,36.4,58.2,22.31
19342,36.4,58.2,22.31
19343,36.4,58.2,22.31
19344,36.4,58.2,22.31
19345,36.4,58.2,22.31
19346,36.4,58.2,22.3
19347,36.4,58.2,22.3
19348,36.4,58.2,22.3
19349,36.4,58.2,22.3
19350,36.4,58.2,22.3
19351,36.4,58.2,22.3
19352,36.4,58.2,22.3
19353,36.4,58.2,22.3
19354,36.4,58.2,22.3
19355,36.4,58.2,22.29
19356,36.4,58.2,22.29
19357,36.4,58.2,22.29
19358,36.4,58.2,22.39
19359,36.4,58.2,22.39
19360,36.4,58.2,22.39
19361,36.4,58.2,22.39
19362,36.4,58.2,22.39
19363,36.4,58.2,22.39
19364,36.4,58.2,22.38
19365,36.4,58.2,22.38
19366,36.4,58.2,22.38
19367,36.4,58.2,22.38
19368,36.4,58.2,22.38
19369,36.4,58.2,22.38
19370,36.4,58.2,22.38
19371,36.4,58.2,22.38
19372,36.4,58.2,22.38
19373,36.4,58.2,22.37
19374,36.4,58.2,22.37
19375,36.4,58.2,22.37
19376,36.4,58.2,22.37
19377,36.4,58.2,22.37
19378,36.4,58.2,22.37
19379,36.4,58.2,22.37
19380,36.4,58.2,22.37
19381,36.4,58.2,22.36
19382,36.4,58.2,22.36
19383,36.4,58.2,22.36
19384,36.4,58.2,22.36
19385,36.4,58.2,22.36
19386,36.4,58.2,22.36
19387,36.4,58.2,22.36
19388,36.4,58.2,22.36
19389,36.4,58.2,22.36
19390,36.4,58.2,22.35
19391,36.4,58.2,22.35
19392,36.4,58.2,22.35
19393,36.4,58.2,22.35
19394,36.4,58.2,22.35
19395,36.4,58.2,22.35
19396,36.4,58.2,22.35
19397,36.4,58.2,22.35
19398,36.4,58.2,22.35
19399,36.4,58.2,22.34
19400,36.4,58.2,22.34
19401,36.4,58.2,22.34
19402,36.4,58.2,22.34
19403,36.4,58.2,22.34
19404,36.4,58.2,22.34
19405,36.4,58.2,22.34
19406,36.4,58.2,22.34
19407,36.4,58.2,22.33
19408,36.4,58.2,22.33
19409,36.4,58.2,22.33
19410,36.4,58.2,22.33
19411,36.4,58.2,22.33
19412,36.4,58.2,22.33
19413,36.4,58.2,22.33
19414,36.4,58.2,22.33
19415,36.4,58.2,22.33
19416,36.4,58.2,22.32
19417,36.4,58.2,22.32
19418,36.4,58.2,22.32
19419,36.4,58.2,22.32
19420,36.4,58.2,22.32
19421,36.4,58.2,22.32
19422,36.4,58.2,22.32
19423,36.4,58.2,22.32
19424,36.4,58.2,22.32
19425,36.4,58.2,22.31
19426,36.3,58.2,22.38
19427,36.3,58.2,22.38
19428,36.3,58.2,22.38
19429,36.3,58.2,22.38
19430,36.3,58.2,22.38
19431,36.3,58.2,22.38
19432,36.3,58.2,22.38
19433,36.3,58.2,22.37
19434,36.3,58.2,22.37
19435,36.3,58.2,22.37
19436,36.3,58.2,22.37
19437,36.3,58.2,22.37
19438,36.3,58.2,22.37
19439,36.3,58.2,22.37
19440,36.3,58.2,22.37
19441,36.3,58.2,22.37
19442,36.3,58.2,22.36
19443,36.3,58.2,22.36
19444,36.3,58.2,22.36
19445,36.3,58.3,22.36
19446,36.3,58.3,22.36
19447,36.3,58.3,22.36
19448,36.3,58.3,22.36
19449,36.3,58.2,22.36
19450,36.3,58.3,22.35
19451,36.3,58.2,22.35
19452,36.3,58.3,22.35
19453,36.3,58.3,22.35
19454,36.3,58.3,22.35
19455,36.3,58.3,22.35
19456,36.3,58.3,22.35
19457,36.3,58.3,22.35
19458,36.3,58.3,22.35
19459,36.3,58.3,22.34
19460,36.3,58.3,22.34
19461,36.3,58.3,22.34
19462,36.3,58.3,22.34
19463,36.3,58.3,22.34
19464,36.3,58.3,22.34
19465,36.3,58.3,22.34
19466,36.3,58.3,22.34
19467,36.3,58.3,22.34
19468,36.3,58.3,22.33
19469,36.3,58.3,22.33
19470,36.3,58.3,22.33
19471,36.3,58.3,22.33
19472,36.3,58.3,22.33
19473,36.3,58.3,22.33
19474,36.3,58.3,22.33
19475,36.3,58.3,22.33
19476,36.3,58.3,22.32
19477,36.3,58.3,22.32
19478,36.3,58.3,22.32
19479,36.3,58.3,22.32
19480,36.3,58.3,22.32
19481,36.3,58.3,22.32
19482,36.3,58.3,22.32
19483,36.3,58.3,22.32
19484,36.3,58.3,22.32
19485,36.3,58.3,22.31
19486,36.3,58.3,22.31
19487,36.3,58.3,22.31
19488,36.3,58.3,22.31
19489,36.3,58.3,22.31
19490,36.3,58.3,22.31
19491,36.3,58.3,22.31
19492,36.3,58.3,22.31
19493,36.3,58.3,22.31
19494,36.3,58.3,22.3
19495,36.3,58.3,22.3
19496,36.3,58.3,22.3
19497,36.3,58.3,22.3
19498,36.3,58.3,22.3
19499,36.3,58.3,22.3
19500,36.3,58.3,22.3
19501,36.3,58.3,22.3
19502,36.3,58.3,22.3
19503,36.3,58.3,22.29
19504,36.3,58.3,22.29
19505,36.3,58.3,22.29
19506,36.3,58.3,22.29
19507,36.3,58.3,22.29
19508,36.3,58.3,22.29
19509,36.3,58.3,22.29
19510,36.3,58.3,22.29
19511,36.3,58.3,22.28
19512,36.3,58.3,22.28
19513,36.3,58.3,22.28
19514,36.3,58.3,22.28
19515,36.3,58.3,22.28
19516,36.3,58.3,22.28
19517,36.3,58.3,22.28
19518,36.3,58.3,22.28
19519,36.3,58.3,22.28
19520,36.3,58.3,22.27
19521,36.3,58.3,22.27
19522,36.3,58.3,22.27
19523,36.3,58.2,22.27
19524,36.3,58.3,22.27
19525,36.3,58.3,22.27
19526,36.3,58.3,22.27
19527,36.3,58.3,22.27
19528,36.3,58.3,22.27
19529,36.3,58.3,22.26
19530,36.3,58.3,22.26
19531,36.3,58.3,22.26
19532,36.3,58.3,22.26
19533,36.3,58.3,22.26
19534,36.3,58.3,22.26
19535,36.3,58.3,22.26
19536,36.3,58.3,22.26
19537,36.3,58.3,22.26
19538,36.3,58.3,22.25
19539,36.3,58.3,22.25
19540,36.3,58.3,22.25
19541,36.3,58.3,22.25
19542,36.3,58.3,22.25
19543,36.3,58.3,22.25
19544,36.3,58.3,22.25
19545,36.3,58.3,22.25
19546,36.3,58.3,22.24
19547,36.3,58.3,22.24
19548,36.3,58.3,22.24
19549,36.3,58.3,22.24
19550,36.3,58.3,22.24
19551,36.3,58.3,22.24
19552,36.3,58.3,22.24
19553,36.3,58.3,22.24
19554,36.3,58.3,22.24
19555,36.3,58.3,22.23
19556,36.3,58.3,22.23
19557,36.3,58.3,22.23
19558,36.3,58.3,22.23
19559,36.3,58.3,22.23
19560,36.3,58.3,22.23
19561,36.3,58.3,22.23
19562,36.3,58.3,22.23
19563,36.3,58.3,22.23
19564,36.3,58.3,22.22
19565,36.3,58.3,22.22
19566,36.3,58.3,22.22
19567,36.3,58.3,22.22
19568,36.3,58.3,22.22
19569,36.3,58.3,22.22
19570,36.3,58.3,22.22
19571,36.3,58.3,22.22
19572,36.3,58.3,22.22
19573,36.3,58.3,22.21
19574,36.3,58.3,22.21
19575,36.3,58.3,22.21
19576,36.3,58.3,22.21
19577,36.3,58.3,22.21
19578,36.3,58.3,22.21
19579,36.3,58.3,22.21
19580,36.3,58.3,22.21
19581,36.3,58.3,22.21
19582,36.3,58.3,22.2
19583,36.3,58.3,22.2
19584,36.3,58.3,22.2
19585,36.3,58.3,22.2
19586,36.3,58.3,22.2
19587,36.3,58.3,22.2
19588,36.3,58.3,22.2
19589,36.3,58.3,22.2
19590,36.3,58.3,22.19
19591,36.3,58.3,22.19
19592,36.3,58.3,22.19
19593,36.3,58.3,22.19
19594,36.3,58.3,22.19
19595,36.3,58.3,22.19
19596,36.3,58.3,22.19
19597,36.3,58.3,22.19
19598,36.3,58.3,22.19
19599,36.3,58.3,22.18
19600,36.3,58.3,22.18
19601,36.3,58.3,22.18
19602,36.3,58.3,22.18
19603,36.3,58.3,22.26
19604,36.3,58.3,22.26
19605,36.3,58.3,22.26
19606,36.3,58.3,22.26
19607,36.3,58.3,22.26
19608,36.3,58.3,22.26
19609,36.3,58.3,22.26
19610,36.3,58.3,22.25
19611,36.3,58.3,22.25
19612,36.3,58.3,22.25
19613,36.3,58.3,22.25
19614,36.3,58.3,22.25
19615,36.3,58.3,22.25
19616,36.3,58.3,22.25
19617,36.3,58.3,22.25
19618,36.3,58.3,22.24
19619,36.3,58.3,22.24
19620,36.3,58.3,22.24
19621,36.3,58.3,22.24
19622,36.3,58.3,22.24
19623,36.3,58.3,22.24
19624,36.3,58.3,22.24
19625,36.3,58.3,22.24
19626,36.3,58.3,22.24
19627,36.3,58.3,22.23
19628,36.3,58.3,22.23
19629,36.3,58.3,22.23
19630,36.3,58.3,22.23
19631,36.3,58.3,22.23
19632,36.3,58.3,22.23
19633,36.3,58.3,22.23
19634,36.3,58.3,22.23
19635,36.3,58.3,22.23
19636,36.3,58.3,22.22
19637,36.3,58.3,22.22
19638,36.3,58.3,22.22
19639,36.3,58.3,22.22
19640,36.3,58.3,22.22
19641,36.3,58.3,22.22
19642,36.3,58.3,22.22
19643,36.3,58.3,22.22
19644,36.3,58.3,22.22
19645,36.3,58.3,22.21
19646,36.3,58.3,22.21
19647,36.3,58.3,22.21
19648,36.3,58.3,22.21
19649,36.3,58.3,22.21
19650,36.3,58.3,22.21
19651,36.3,58.3,22.21
19652,36.3,58.3,22.21
19653,36.3,58.3,22.21
19654,36.3,58.3,22.2
19655,36.3,58.3,22.2
19656,36.3,58.3,22.2
19657,36.3,58.3,22.2
19658,36.3,58.3,22.2
19659,36.3,58.3,22.2
19660,36.3,58.3,22.2
19661,36.3,58.3,22.2
19662,36.3,58.3,22.2
19663,36.3,58.3,22.19
19664,36.3,58.3,22.19
19665,36.3,58.3,22.19
19666,36.3,58.3,22.19
19667,36.3,58.3,22.19
19668,36.3,58.3,22.19
19669,36.3,58.3,22.19
19670,36.3,58.3,22.19
19671,36.3,58.3,22.18
19672,36.3,58.3,22.18
19673,36.3,58.3,22.18
19674,36.3,58.3,22.18
19675,36.3,58.3,22.18
19676,36.3,58.3,22.18
19677,36.3,58.3,22.18
19678,36.3,58.3,22.18
19679,36.3,58.3,22.18
19680,36.3,58.3,22.17
19681,36.3,58.3,22.17
19682,36.3,58.3,22.17
19683,36.3,58.3,22.17
19684,36.3,58.3,22.25
19685,36.3,58.3,22.25
19686,36.3,58.3,22.25
19687,36.3,58.3,22.25
19688,36.3,58.3,22.25
19689,36.3,58.3,22.25
19690,36.3,58.3,22.24
19691,36.3,58.3,22.24
19692,36.3,58.3,22.24
19693,36.3,58.3,22.24
19694,36.3,58.3,22.24
19695,36.3,58.3,22.24
19696,36.3,58.3,22.24
19697,36.3,58.3,22.24
19698,36.3,58.3,22.24
19699,36.3,58.3,22.23
19700,36.3,58.3,22.23
19701,36.3,58.3,22.23
19702,36.3,58.3,22.23
19703,36.3,58.3,22.23
19704,36.3,58.3,22.23
19705,36.3,58.3,22.23
19706,36.3,58.3,22.23
19707,36.3,58.3,22.23
19708,36.3,58.3,22.22
19709,36.3,58.3,22.22
19710,36.3,58.3,22.22
19711,36.3,58.3,22.22
19712,36.3,58.3,22.22
19713,36.3,58.3,22.22
19714,36.3,58.3,22.22
19715,36.3,58.3,22.22
19716,36.3,58.3,22.22
19717,36.3,58.3,22.21
19718,36.3,58.3,22.21
19719,36.3,58.3,22.21
19720,36.3,58.3,22.21
19721,36.3,58.3,22.21
19722,36.3,58.3,22.21
19723,36.3,58.3,22.21
19724,36.3,58.3,22.21
19725,36.3,58.3,22.21
19726,36.3,58.3,22.2
19727,36.3,58.3,22.2
19728,36.3,58.3,22.2
19729,36.3,58.3,22.2
19730,36.3,58.3,22.2
19731,36.3,58.3,22.2
19732,36.3,58.3,22.2
19733,36.3,58.3,22.2
19734,36.3,58.3,22.2
19735,36.3,58.3,22.19
19736,36.3,58.3,22.19
19737,36.3,58.3,22.19
19738,36.3,58.3,22.19
19739,36.3,58.3,22.19
19740,36.3,58.3,22.19
19741,36.3,58.3,22.19
19742,36.3,58.3,22.19
19743,36.3,58.3,22.19
19744,36.3,58.3,22.18
19745,36.3,58.3,22.18
19746,36.3,58.3,22.18
19747,36.3,58.3,22.18
19748,36.3,58.3,22.18
19749,36.3,58.3,22.18
19750,36.3,58.3,22.18
19751,36.3,58.3,22.18
19752,36.3,58.3,22.17
19753,36.3,58.3,22.17
19754,36.3,58.3,22.17
19755,36.3,58.3,22.17
19756,36.3,58.3,22.17
19757,36.3,58.3,22.17
19758,36.3,58.3,22.17
19759,36.3,58.3,22.17
19760,36.3,58.3,22.17
19761,36.3,58.3,22.16
19762,36.3,58.3,22.16
19763,36.3,58.3,22.16
19764,36.3,58.3,22.16
19765,36.3,58.3,22.16
19766,36.3,58.3,22.16
19767,36.3,58.3,22.16
19768,36.3,58.3,22.16
19769,36.3,58.3,22.16
19770,36.3,58.3,22.15
19771,36.3,58.3,22.15
19772,36.3,58.3,22.15
19773,36.3,58.3,22.15
19774,36.3,58.3,22.15
19775,36.3,58.3,22.15
19776,36.3,58.3,22.15
19777,36.3,58.3,22.15
19778,36.3,58.3,22.15
19779,36.3,58.3,22.14
19780,36.3,58.3,22.14
19781,36.3,58.3,22.14
19782,36.3,58.3,22.14
19783,36.3,58.3,22.14
19784,36.3,58.3,22.14
19785,36.3,58.3,22.14
19786,36.3,58.3,22.14
19787,36.3,58.3,22.14
19788,36.3,58.3,22.13
19789,36.3,58.3,22.13
19790,36.3,58.3,22.13
19791,36.3,58.3,22.13
19792,36.3,58.3,22.13
19793,36.3,58.3,22.13
19794,36.2,58.3,22.19
19795,36.2,58.3,22.19
19796,36.2,58.3,22.19
19797,36.2,58.3,22.19
19798,36.2,58.3,22.19
19799,36.2,58.3,22.19
19800,36.2,58.3,22.18
19801,36.2,58.3,22.18
19802,36.2,58.3,22.18
19803,36.2,58.3,22.18
19804,36.2,58.3,22.18
19805,36.2,58.3,22.18
19806,36.2,58.3,22.18
19807,36.2,58.3,22.18
19808,36.2,58.3,22.18
19809,36.2,58.3,22.17
19810,36.2,58.3,22.17
19811,36.2,58.3,22.17
19812,36.2,58.3,22.17
19813,36.2,58.3,22.17
19814,36.2,58.3,22.17
19815,36.2,58.3,22.17
19816,36.2,58.3,22.17
19817,36.2,58.3,22.17
19818,36.2,58.3,22.16
19819,36.2,58.3,22.16
19820,36.2,58.3,22.16
19821,36.2,58.3,22.16
19822,36.2,58.3,22.16
19823,36.2,58.3,22.16
19824,36.2,58.3,22.16
19825,36.2,58.3,22.16
19826,36.2,58.3,22.16
19827,36.2,58.3,22.15
19828,36.2,58.3,22.15
19829,36.2,58.3,22.15
19830,36.2,58.3,22.15
19831,36.2,58.3,22.15
19832,36.2,58.3,22.15
19833,36.2,58.3,22.15
19834,36.2,58.3,22.15
19835,36.2,58.3,22.15
19836,36.2,58.3,22.14
19837,36.3,58.3,22.27
19838,36.3,58.3,22.27
19839,36.3,58.3,22.27
19840,36.3,58.3,22.27
19841,36.3,58.3,22.27
19842,36.3,58.3,22.27
19843,36.3,58.3,22.26
19844,36.3,58.3,22.26
19845,36.3,58.3,22.26
19846,36.3,58.3,22.26
19847,36.3,58.3,22.26
19848,36.3,58.3,22.26
19849,36.3,58.3,22.26
19850,36.3,58.3,22.26
19851,36.3,58.3,22.26
19852,36.3,58.3,22.25
19853,36.3,58.3,22.25
19854,36.3,58.3,22.25
19855,36.3,58.3,22.25
19856,36.3,58.3,22.25
19857,36.3,58.3,22.25
19858,36.3,58.3,22.25
19859,36.3,58.3,22.25
19860,36.3,58.3,22.25
19861,36.3,58.3,22.24
19862,36.3,58.3,22.24
19863,36.3,58.3,22.24
19864,36.3,58.3,22.24
19865,36.3,58.3,22.24
19866,36.3,58.3,22.24
19867,36.3,58.3,22.24
19868,36.3,58.3,22.24
19869,36.3,58.3,22.24
19870,36.3,58.3,22.23
19871,36.3,58.3,22.23
19872,36.3,58.3,22.23
19873,36.3,58.3,22.23
19874,36.3,58.3,22.23
19875,36.3,58.3,22.23
19876,36.3,58.3,22.23
19877,36.3,58.3,22.23
19878,36.3,58.3,22.23
19879,36.3,58.3,22.22
19880,36.3,58.3,22.22
19881,36.3,58.3,22.22
19882,36.3,58.3,22.22
19883,36.3,58.3,22.22
19884,36.3,58.3,22.22
19885,36.3,58.3,22.22
19886,36.3,58.3,22.22
19887,36.3,58.3,22.22
19888,36.3,58.3,22.21
19889,36.3,58.3,22.21
19890,36.3,58.3,22.21
19891,36.3,58.3,22.21
19892,36.3,58.3,22.21
19893,36.3,58.3,22.21
19894,36.3,58.3,22.21
19895,36.3,58.3,22.21
19896,36.3,58.3,22.21
19897,36.3,58.3,22.2
19898,36.3,58.3,22.2
19899,36.3,58.3,22.2
19900,36.3,58.3,22.2
19901,36.3,58.3,22.2
19902,36.3,58.3,22.31
19903,36.3,58.3,22.31
19904,36.3,58.3,22.31
19905,36.3,58.3,22.31
19906,36.3,58.3,22.31
19907,36.3,58.3,22.31
19908,36.3,58.3,22.31
19909,36.3,58.3,22.31
19910,36.3,58.3,22.31
19911,36.3,58.3,22.3
19912,36.3,58.3,22.3
19913,36.3,58.3,22.3
19914,36.3,58.3,22.3
19915,36.3,58.3,22.3
19916,36.3,58.3,22.3
19917,36.3,58.3,22.3
19918,36.3,58.3,22.3
19919,36.3,58.3,22.3
19920,36.3,58.3,22.29
19921,36.3,58.3,22.29
19922,36.3,58.3,22.29
19923,36.3,58.3,22.29
19924,36.3,58.3,22.29
19925,36.3,58.3,22.29
19926,36.3,58.3,22.29
19927,36.3,58.3,22.29
19928,36.3,58.3,22.29
19929,36.3,58.3,22.28
19930,36.3,58.3,22.28
19931,36.3,58.3,22.28
19932,36.3,58.3,22.28
19933,36.3,58.3,22.28
19934,36.3,58.3,22.28
19935,36.3,58.3,22.28
19936,36.3,58.3,22.28
19937,36.3,58.3,22.28
19938,36.3,58.3,22.27
19939,36.3,58.3,22.27
19940,36.3,58.3,22.27
19941,36.3,58.3,22.27
19942,36.3,58.3,22.27
19943,36.3,58.3,22.27
19944,36.3,58.3,22.27
19945,36.3,58.3,22.27
19946,36.3,58.3,22.27
19947,36.3,58.3,22.26
19948,36.3,58.3,22.26
19949,36.3,58.3,22.26
19950,36.3,58.3,22.26
19951,36.3,58.3,22.26
19952,36.3,58.3,22.26
19953,36.3,58.3,22.26
19954,36.3,58.3,22.26
19955,36.3,58.3,22.26
19956,36.3,58.3,22.25
19957,36.3,58.3,22.25
19958,36.3,58.3,22.25
19959,36.3,58.3,22.25
19960,36.3,58.3,22.25
19961,36.3,58.3,22.25
19962,36.3,58.3,22.25
19963,36.3,58.3,22.25
19964,36.3,58.3,22.25
19965,36.3,58.3,22.24
19966,36.3,58.3,22.24
19967,36.3,58.3,22.24
19968,36.3,58.3,22.24
19969,36.3,58.3,22.24
19970,36.3,58.3,22.24
19971,36.3,58.3,22.32
19972,36.3,58.3,22.32
19973,36.3,58.3,22.32
19974,36.3,58.3,22.32
19975,36.3,58.3,22.32
19976,36.3,58.3,22.32
19977,36.3,58.3,22.32
19978,36.3,58.3,22.32
19979,36.3,58.3,22.32
19980,36.3,58.3,22.31
19981,36.3,58.3,22.31
19982,36.3,58.3,22.31
19983,36.3,58.3,22.31
19984,36.3,58.3,22.31
19985,36.3,58.3,22.31
19986,36.3,58.3,22.31
19987,36.3,58.3,22.31
19988,36.3,58.3,22.31
19989,36.3,58.3,22.3
19990,36.3,58.3,22.3
19991,36.3,58.3,22.3
19992,36.3,58.3,22.3
19993,36.3,58.3,22.3
19994,36.3,58.3,22.3
19995,36.3,58.3,22.3
19996,36.3,58.3,22.3
19997,36.3,58.3,22.3
19998,36.3,58.3,22.29
19999,36.3,58.3,22.29
20000,36.3,58.3,22.29
20001,36.3,58.3,22.29
20002,36.3,58.3,22.29
20003,36.3,58.3,22.29
20004,36.3,58.3,22.29
20005,36.3,58.3,22.29
20006,36.3,58.3,22.29
20007,36.3,58.3,22.28
20008,36.3,58.3,22.28
20009,36.3,58.3,22.28
20010,36.3,58.3,22.28
20011,36.3,58.3,22.28
20012,36.3,58.3,22.28
20013,36.3,58.3,22.28
20014,36.3,58.3,22.28
20015,36.3,58.3,22.28
20016,36.3,58.3,22.27
20017,36.3,58.3,22.27
20018,36.3,58.3,22.27
20019,36.3,58.3,22.27
20020,36.3,58.3,22.27
20021,36.3,58.3,22.27
20022,36.3,58.3,22.27
20023,36.3,58.3,22.27
20024,36.3,58.3,22.27
20025,36.3,58.3,22.26
20026,36.3,58.3,22.26
20027,36.3,58.3,22.26
20028,36.3,58.3,22.26
20029,36.3,58.3,22.26
20030,36.3,58.3,22.26
20031,36.3,58.3,22.26
20032,36.3,58.3,22.26
20033,36.3,58.3,22.26
20034,36.3,58.3,22.25
20035,36.3,58.3,22.25
20036,36.3,58.3,22.25
20037,36.3,58.3,22.25
20038,36.3,58.3,22.25
20039,36.3,58.3,22.25
20040,36.3,58.3,22.25
20041,36.3,58.3,22.25
20042,36.3,58.2,22.25
20043,36.3,58.2,22.24
20044,36.3,58.2,22.24
20045,36.3,58.2,22.24
20046,36.3,58.2,22.24
20047,36.3,58.2,22.24
20048,36.3,58.2,22.24
20049,36.3,58.2,22.24
20050,36.3,58.2,22.24
20051,36.3,58.2,22.24
20052,36.3,58.2,22.23
20053,36.3,58.2,22.23
20054,36.3,58.2,22.23
20055,36.3,58.2,22.23
20056,36.3,58.2,22.23
20057,36.3,58.2,22.23
20058,36.3,58.3,22.23
20059,36.3,58.3,22.23
20060,36.3,58.3,22.23
20061,36.3,58.3,22.22
20062,36.3,58.3,22.22
20063,36.3,58.3,22.22
20064,36.3,58.3,22.22
20065,36.3,58.3,22.22
20066,36.3,58.3,22.22
20067,36.3,58.3,22.22
20068,36.3,58.3,22.22
20069,36.3,58.3,22.22
20070,36.3,58.3,22.21
20071,36.3,58.3,22.21
20072,36.3,58.3,22.21
20073,36.3,58.3,22.21
20074,36.3,58.3,22.21
20075,36.3,58.3,22.21
20076,36.3,58.3,22.21
20077,36.3,58.3,22.21
20078,36.3,58.3,22.21
20079,36.3,58.3,22.2
20080,36.3,58.3,22.2
20081,36.3,58.3,22.2
20082,36.3,58.3,22.2
20083,36.3,58.3,22.2
20084,36.3,58.3,22.2
20085,36.3,58.3,22.2
20086,36.3,58.3,22.2
20087,36.3,58.3,22.2
20088,36.3,58.3,22.19
20089,36.3,58.3,22.19
20090,36.3,58.3,22.19
20091,36.3,58.3,22.19
20092,36.3,58.3,22.19
20093,36.3,58.2,22.19
20094,36.3,58.2,22.19
20095,36.3,58.2,22.19
20096,36.3,58.3,22.19
20097,36.3,58.2,22.18
20098,36.3,58.2,22.18
20099,36.3,58.3,22.18
20100,36.3,58.2,22.18
20101,36.3,58.3,22.18
20102,36.3,58.2,22.18
20103,36.3,58.2,22.18
20104,36.3,58.2,22.18
20105,36.3,58.2,22.18
20106,36.3,58.2,22.17
20107,36.3,58.2,22.17
20108,36.3,58.2,22.17
20109,36.3,58.2,22.17
20110,36.3,58.2,22.17
20111,36.3,58.2,22.17
20112,36.3,58.2,22.17
20113,36.3,58.2,22.17
20114,36.3,58.2,22.17
20115,36.3,58.2,22.17
20116,36.3,58.2,22.16
20117,36.2,58.2,22.23
20118,36.2,58.2,22.31
20119,36.2,58.2,22.31
20120,36.2,58.2,22.31
20121,36.2,58.2,22.31
20122,36.2,58.2,22.31
20123,36.2,58.2,22.31
20124,36.2,58.2,22.3
20125,36.2,58.2,22.3
20126,36.2,58.2,22.3
20127,36.2,58.2,22.3
20128,36.2,58.2,22.3
20129,36.2,58.2,22.3
20130,36.2,58.2,22.3
20131,36.2,58.2,22.3
20132,36.2,58.2,22.3
20133,36.2,58.2,22.29
20134,36.2,58.2,22.29
20135,36.2,58.2,22.29
20136,36.2,58.2,22.29
20137,36.2,58.2,22.29
20138,36.2,58.2,22.29
20139,36.2,58.2,22.29
20140,36.2,58.2,22.29
20141,36.2,58.2,22.29
20142,36.2,58.2,22.28
20143,36.2,58.2,22.28
20144,36.2,58.2,22.28
20145,36.2,58.2,22.28
20146,36.2,58.2,22.28
20147,36.2,58.2,22.28
20148,36.2,58.2,22.28
20149,36.2,58.2,22.28
20150,36.2,58.2,22.28
20151,36.2,58.2,22.27
20152,36.2,58.2,22.27
20153,36.2,58.2,22.27
20154,36.2,58.2,22.27
20155,36.2,58.2,22.27
20156,36.2,58.2,22.27
20157,36.2,58.2,22.27
20158,36.2,58.2,22.27
20159,36.2,58.2,22.27
20160,36.2,58.2,22.26
20161,36.2,58.2,22.26
20162,36.2,58.2,22.26
20163,36.2,58.2,22.26
20164,36.2,58.2,22.26
20165,36.2,58.2,22.26
20166,36.2,58.2,22.26
20167,36.2,58.2,22.26
20168,36.2,58.2,22.26
20169,36.2,58.2,22.25
20170,36.2,58.2,22.25
20171,36.2,58.2,22.25
20172,36.2,58.2,22.25
20173,36.2,58.2,22.25
20174,36.2,58.2,22.25
20175,36.2,58.2,22.25
20176,36.2,58.2,22.25
20177,36.2,58.2,22.25
20178,36.2,58.2,22.24
20179,36.2,58.2,22.24
20180,36.2,58.2,22.24
20181,36.2,58.2,22.24
20182,36.2,58.2,22.24
20183,36.2,58.2,22.24
20184,36.2,58.2,22.24
20185,36.2,58.2,22.24
20186,36.2,58.2,22.24
20187,36.2,58.2,22.23
20188,36.2,58.2,22.23
20189,36.2,58.2,22.23
20190,36.2,58.2,22.23
20191,36.2,58.2,22.23
20192,36.2,58.2,22.23
20193,36.2,58.2,22.23
20194,36.2,58.2,22.23
20195,36.2,58.2,22.23
20196,36.2,58.2,22.22
20197,36.2,58.2,22.22
20198,36.2,58.2,22.22
20199,36.2,58.2,22.22
20200,36.2,58.2,22.22
20201,36.2,58.2,22.22
20202,36.2,58.2,22.22
20203,36.2,58.2,22.22
20204,36.2,58.2,22.22
20205,36.2,58.2,22.21
20206,36.2,58.2,22.21
20207,36.2,58.2,22.21
20208,36.2,58.2,22.21
20209,36.2,58.2,22.21
20210,36.2,58.2,22.21
20211,36.2,58.2,22.21
20212,36.2,58.2,22.21
20213,36.2,58.2,22.21
20214,36.2,58.2,22.2
20215,36.2,58.2,22.2
20216,36.2,58.2,22.2
20217,36.2,58.2,22.2
20218,36.2,58.2,22.2
20219,36.2,58.2,22.2
20220,36.2,58.2,22.2
20221,36.2,58.2,22.2
20222,36.2,58.2,22.2
20223,36.2,58.2,22.2
20224,36.2,58.2,22.19
20225,36.2,58.2,22.19
20226,36.2,58.2,22.19
20227,36.2,58.2,22.19
20228,36.2,58.2,22.19
20229,36.2,58.2,22.19
20230,36.2,58.2,22.19
20231,36.2,58.2,22.19
20232,36.2,58.2,22.19
20233,36.2,58.2,22.18
20234,36.2,58.2,22.18
20235,36.2,58.2,22.18
20236,36.2,58.2,22.18
20237,36.2,58.2,22.18
20238,36.2,58.2,22.18
20239,36.2,58.2,22.18
20240,36.2,58.2,22.18
20241,36.2,58.2,22.18
20242,36.2,58.2,22.17
20243,36.2,58.2,22.17
20244,36.2,58.2,22.17
20245,36.2,58.2,22.17
20246,36.2,58.2,22.17
20247,36.2,58.2,22.17
20248,36.2,58.2,22.17
20249,36.2,58.2,22.17
20250,36.2,58.2,22.17
20251,36.2,58.2,22.16
20252,36.2,58.2,22.16
20253,36.2,58.2,22.16
20254,36.2,58.2,22.16
20255,36.2,58.2,22.16
20256,36.2,58.2,22.16
20257,36.2,58.2,22.16
20258,36.2,58.2,22.16
20259,36.2,58.2,22.16
20260,36.2,58.2,22.15
20261,36.2,58.2,22.15
20262,36.2,58.2,22.15
20263,36.2,58.2,22.15
20264,36.2,58.2,22.15
20265,36.2,58.2,22.15
20266,36.2,58.2,22.15
20267,36.2,58.2,22.15
20268,36.2,58.2,22.15
20269,36.2,58.2,22.14
20270,36.2,58.2,22.14
20271,36.2,58.2,22.14
20272,36.2,58.2,22.14
20273,36.2,58.2,22.14
20274,36.2,58.2,22.14
20275,36.2,58.2,22.14
20276,36.2,58.2,22.14
20277,36.2,58.2,22.14
20278,36.2,58.2,22.13
20279,36.2,58.2,22.13
20280,36.2,58.2,22.13
20281,36.2,58.2,22.13
20282,36.2,58.2,22.13
20283,36.2,58.2,22.13
20284,36.2,58.2,22.13
20285,36.2,58.2,22.13
20286,36.2,58.2,22.13
20287,36.2,58.2,22.13
20288,36.2,58.2,22.12
20289,36.2,58.2,22.12
20290,36.2,58.2,22.12
20291,36.2,58.2,22.12
20292,36.2,58.2,22.12
20293,36.2,58.2,22.12
20294,36.2,58.2,22.12
20295,36.2,58.2,22.12
20296,36.2,58.2,22.12
20297,36.2,58.2,22.11
20298,36.2,58.2,22.11
20299,36.2,58.2,22.11
20300,36.2,58.2,22.11
20301,36.2,58.2,22.11
20302,36.2,58.2,22.11
20303,36.2,58.2,22.11
20304,36.2,58.2,22.11
20305,36.2,58.2,22.11
20306,36.2,58.2,22.1
20307,36.2,58.2,22.1
20308,36.2,58.2,22.1
20309,36.2,58.2,22.1
20310,36.2,58.2,22.1
20311,36.2,58.2,22.1
20312,36.2,58.2,22.1
20313,36.2,58.2,22.1
20314,36.2,58.2,22.1
20315,36.2,58.2,22.09
20316,36.2,58.2,22.09
20317,36.2,58.2,22.09
20318,36.2,58.2,22.09
20319,36.2,58.2,22.09
20320,36.2,58.2,22.09
20321,36.2,58.2,22.09
20322,36.2,58.2,22.09
20323,36.2,58.2,22.09
20324,36.2,58.2,22.08
20325,36.2,58.2,22.08
20326,36.2,58.2,22.08
20327,36.2,58.2,22.08
20328,36.2,58.2,22.08
20329,36.2,58.2,22.08
20330,36.2,58.2,22.08
20331,36.2,58.2,22.08
20332,36.2,58.2,22.08
20333,36.2,58.2,22.07
20334,36.2,58.2,22.07
20335,36.2,58.2,22.07
20336,36.2,58.2,22.07
20337,36.2,58.2,22.07
20338,36.2,58.2,22.07
20339,36.2,58.2,22.07
20340,36.2,58.2,22.14
20341,36.2,58.2,22.14
20342,36.2,58.2,22.14
20343,36.2,58.2,22.14
20344,36.2,58.2,22.13
20345,36.2,58.2,22.23
20346,36.2,58.2,22.23
20347,36.2,58.2,22.23
20348,36.2,58.2,22.23
20349,36.2,58.2,22.22
20350,36.2,58.2,22.22
20351,36.2,58.2,22.22
20352,36.2,58.2,22.22
20353,36.2,58.2,22.22
20354,36.2,58.2,22.22
20355,36.2,58.2,22.22
20356,36.2,58.2,22.22
20357,36.2,58.2,22.22
20358,36.2,58.2,22.21
20359,36.2,58.2,22.31
20360,36.2,58.2,22.31
20361,36.2,58.2,22.31
20362,36.2,58.2,22.31
20363,36.2,58.2,22.31
20364,36.2,58.2,22.3
20365,36.2,58.2,22.3
20366,36.2,58.2,22.3
20367,36.2,58.2,22.3
20368,36.2,58.2,22.3
20369,36.2,58.2,22.3
20370,36.2,58.2,22.3
20371,36.2,58.2,22.3
20372,36.2,58.2,22.3
20373,36.2,58.2,22.29
20374,36.2,58.2,22.29
20375,36.2,58.2,22.29
20376,36.2,58.2,22.29
20377,36.2,58.2,22.29
20378,36.2,58.2,22.29
20379,36.2,58.2,22.29
20380,36.2,58.2,22.29
20381,36.2,58.2,22.29
20382,36.2,58.2,22.28
20383,36.2,58.2,22.28
20384,36.2,58.2,22.39
20385,36.2,58.2,22.39
20386,36.2,58.2,22.39
20387,36.2,58.2,22.39
20388,36.2,58.2,22.39
20389,36.2,58.2,22.38
20390,36.2,58.2,22.38
20391,36.2,58.2,22.38
20392,36.2,58.2,22.38
20393,36.2,58.2,22.38
20394,36.2,58.2,22.38
20395,36.2,58.2,22.38
20396,36.2,58.2,22.38
20397,36.2,58.2,22.38
20398,36.2,58.2,22.37
20399,36.2,58.2,22.37
20400,36.2,58.2,22.37
20401,36.2,58.2,22.37
20402,36.2,58.2,22.37
20403,36.2,58.2,22.37
20404,36.2,58.2,22.37
20405,36.2,58.2,22.37
20406,36.2,58.2,22.37
20407,36.2,58.2,22.36
20408,36.2,58.2,22.36
20409,36.2,58.2,22.36
20410,36.2,58.2,22.36
20411,36.2,58.2,22.36
20412,36.2,58.2,22.36
20413,36.2,58.2,22.36
20414,36.2,58.2,22.36
20415,36.2,58.2,22.36
20416,36.2,58.2,22.36
20417,36.2,58.2,22.35
20418,36.2,58.2,22.35
20419,36.2,58.2,22.35
20420,36.2,58.2,22.35
20421,36.2,58.2,22.35
20422,36.2,58.2,22.35
20423,36.2,58.2,22.35
20424,36.2,58.2,22.35
20425,36.2,58.2,22.35
20426,36.2,58.2,22.34
20427,36.2,58.2,22.34
20428,36.2,58.2,22.34
20429,36.2,58.2,22.34
20430,36.2,58.2,22.34
20431,36.2,58.2,22.34
20432,36.2,58.2,22.34
20433,36.2,58.2,22.34
20434,36.2,58.2,22.34
20435,36.2,58.2,22.33
20436,36.2,58.2,22.33
20437,36.2,58.2,22.33
20438,36.2,58.2,22.33
20439,36.2,58.2,22.33
20440,36.2,58.2,22.33
20441,36.2,58.2,22.33
20442,36.2,58.2,22.42
20443,36.2,58.2,22.42
20444,36.2,58.2,22.42
20445,36.2,58.2,22.42
20446,36.2,58.2,22.42
20447,36.2,58.2,22.41
20448,36.2,58.2,22.41
20449,36.2,58.2,22.41
20450,36.2,58.2,22.41
20451,36.2,58.2,22.41
20452,36.2,58.2,22.41
20453,36.2,58.2,22.41
20454,36.2,58.2,22.41
20455,36.2,58.2,22.41
20456,36.2,58.2,22.4
20457,36.2,58.2,22.4
20458,36.2,58.2,22.4
20459,36.2,58.2,22.4
20460,36.2,58.2,22.4
20461,36.2,58.2,22.4
20462,36.2,58.2,22.4
20463,36.2,58.2,22.4
20464,36.2,58.2,22.4
20465,36.2,58.2,22.39
20466,36.2,58.2,22.39
20467,36.2,58.2,22.39
20468,36.2,58.2,22.39
20469,36.2,58.2,22.39
20470,36.2,58.2,22.39
20471,36.2,58.2,22.39
20472,36.2,58.2,22.39
20473,36.2,58.2,22.39
20474,36.2,58.2,22.38
20475,36.2,58.2,22.38
20476,36.2,58.2,22.38
20477,36.2,58.2,22.38
20478,36.2,58.2,22.38
20479,36.2,58.2,22.38
20480,36.2,58.2,22.38
20481,36.2,58.2,22.38
20482,36.2,58.2,22.38
20483,36.2,58.2,22.37
20484,36.2,58.2,22.37
20485,36.2,58.2,22.37
20486,36.2,58.2,22.37
20487,36.2,58.2,22.37
20488,36.2,58.2,22.37
20489,36.2,58.2,22.37
20490,36.2,58.2,22.46
20491,36.2,58.2,22.46
20492,36.2,58.2,22.46
20493,36.2,58.2,22.46
20494,36.2,58.2,22.46
20495,36.2,58.2,22.46
20496,36.2,58.2,22.46
20497,36.2,58.2,22.45
20498,36.2,58.2,22.45
20499,36.2,58.2,22.45
20500,36.2,58.2,22.45
20501,36.2,58.2,22.45
20502,36.2,58.2,22.45
20503,36.2,58.2,22.45
20504,36.2,58.2,22.45
20505,36.2,58.2,22.45
20506,36.2,58.2,22.44
20507,36.2,58.2,22.44
20508,36.2,58.2,22.44
20509,36.2,58.2,22.44
20510,36.2,58.2,22.44
20511,36.2,58.2,22.44
20512,36.2,58.2,22.44
20513,36.2,58.2,22.44
20514,36.2,58.2,22.44
20515,36.2,58.2,22.43
20516,36.2,58.2,22.43
20517,36.2,58.2,22.43
20518,36.2,58.2,22.43
20519,36.2,58.2,22.43
20520,36.2,58.2,22.43
20521,36.2,58.2,22.43
20522,36.2,58.2,22.43
20523,36.2,58.2,22.43
20524,36.2,58.2,22.42
20525,36.2,58.2,22.42
20526,36.2,58.2,22.42
20527,36.2,58.2,22.42
20528,36.2,58.2,22.42
20529,36.2,58.2,22.42
20530,36.2,58.2,22.42
20531,36.2,58.2,22.42
20532,36.2,58.2,22.42
20533,36.2,58.2,22.42
20534,36.2,58.2,22.41
20535,36.2,58.2,22.41
20536,36.2,58.2,22.41
20537,36.2,58.2,22.41
20538,36.2,58.2,22.41
20539,36.2,58.2,22.41
20540,36.2,58.2,22.41
20541,36.2,58.2,22.41
20542,36.2,58.2,22.41
20543,36.2,58.2,22.4
20544,36.2,58.2,22.4
20545,36.2,58.2,22.4
20546,36.2,58.2,22.4
20547,36.2,58.2,22.4
20548,36.2,58.2,22.4
20549,36.2,58.2,22.4
20550,36.2,58.2,22.4
20551,36.2,58.2,22.4
20552,36.2,58.2,22.39
20553,36.2,58.2,22.39
20554,36.2,58.2,22.39
20555,36.2,58.2,22.39
20556,36.2,58.2,22.39
20557,36.2,58.2,22.39
20558,36.2,58.2,22.39
20559,36.2,58.2,22.39
20560,36.2,58.2,22.46
20561,36.2,58.2,22.46
20562,36.2,58.2,22.45
20563,36.2,58.2,22.45
20564,36.2,58.2,22.45
20565,36.2,58.2,22.45
20566,36.2,58.2,22.45
20567,36.2,58.2,22.45
20568,36.2,58.2,22.45
20569,36.2,58.2,22.45
20570,36.2,58.2,22.45
20571,36.2,58.2,22.44
20572,36.2,58.2,22.44
20573,36.2,58.2,22.44
20574,36.2,58.2,22.44
20575,36.2,58.2,22.44
20576,36.2,58.2,22.44
20577,36.2,58.2,22.44
20578,36.2,58.2,22.44
20579,36.2,58.2,22.44
20580,36.2,58.2,22.43
20581,36.2,58.2,22.43
20582,36.2,58.2,22.43
20583,36.2,58.2,22.43
20584,36.2,58.2,22.43
20585,36.2,58.2,22.43
20586,36.2,58.2,22.43
20587,36.2,58.2,22.43
20588,36.2,58.2,22.43
20589,36.2,58.2,22.42
20590,36.2,58.2,22.42
20591,36.2,58.2,22.42
20592,36.2,58.2,22.42
20593,36.2,58.2,22.42
20594,36.2,58.2,22.42
20595,36.2,58.2,22.42
20596,36.2,58.2,22.42
20597,36.2,58.2,22.42
20598,36.2,58.2,22.41
20599,36.2,58.2,22.41
20600,36.2,58.2,22.41
20601,36.2,58.2,22.5
20602,36.2,58.2,22.5
20603,36.2,58.2,22.5
20604,36.2,58.2,22.5
20605,36.2,58.2,22.5
20606,36.2,58.2,22.5
20607,36.2,58.2,22.5
20608,36.2,58.2,22.5
20609,36.2,58.2,22.5
20610,36.2,58.2,22.49
20611,36.2,58.2,22.49
20612,36.2,58.2,22.49
20613,36.2,58.2,22.49
20614,36.2,58.2,22.49
20615,36.2,58.2,22.49
20616,36.2,58.2,22.49
20617,36.2,58.2,22.49
20618,36.2,58.2,22.49
20619,36.2,58.2,22.48
20620,36.2,58.2,22.48
20621,36.2,58.2,22.48
20622,36.2,58.2,22.48
20623,36.2,58.2,22.48
20624,36.2,58.2,22.48
20625,36.2,58.2,22.48
20626,36.2,58.2,22.48
20627,36.2,58.2,22.48
20628,36.2,58.2,22.47
20629,36.2,58.2,22.47
20630,36.2,58.2,22.47
20631,36.2,58.2,22.47
20632,36.2,58.2,22.47
20633,36.2,58.2,22.47
20634,36.2,58.2,22.47
20635,36.2,58.2,22.47
20636,36.2,58.2,22.47
20637,36.2,58.2,22.46
20638,36.2,58.2,22.46
20639,36.2,58.2,22.46
20640,36.2,58.2,22.46
20641,36.2,58.2,22.46
20642,36.2,58.2,22.46
20643,36.2,58.2,22.46
20644,36.2,58.2,22.46
20645,36.2,58.2,22.46
20646,36.2,58.2,22.45
20647,36.2,58.2,22.45
20648,36.2,58.2,22.45
20649,36.2,58.2,22.45
20650,36.2,58.2,22.45
20651,36.2,58.2,22.45
20652,36.2,58.2,22.45
20653,36.2,58.2,22.45
20654,36.2,58.2,22.45
20655,36.2,58.2,22.44
20656,36.2,58.2,22.44
20657,36.2,58.2,22.44
20658,36.2,58.2,22.44
20659,36.2,58.2,22.44
20660,36.2,58.2,22.44
20661,36.2,58.2,22.44
20662,36.2,58.2,22.44
20663,36.2,58.2,22.44
20664,36.2,58.2,22.44
20665,36.2,58.2,22.43
20666,36.2,58.2,22.43
20667,36.2,58.2,22.43
20668,36.2,58.2,22.43
20669,36.2,58.2,22.43
20670,36.2,58.2,22.43
20671,36.2,58.2,22.43
20672,36.2,58.2,22.43
20673,36.2,58.2,22.43
20674,36.2,58.2,22.42
20675,36.2,58.2,22.42
20676,36.2,58.2,22.42
20677,36.2,58.2,22.42
20678,36.2,58.2,22.42
20679,36.2,58.2,22.42
20680,36.2,58.2,22.42
20681,36.2,58.2,22.42
20682,36.2,58.2,22.42
20683,36.2,58.2,22.41
20684,36.2,58.2,22.41
20685,36.2,58.2,22.41
20686,36.2,58.2,22.41
20687,36.2,58.2,22.41
20688,36.2,58.2,22.41
20689,36.2,58.2,22.41
20690,36.2,58.2,22.41
20691,36.2,58.2,22.41
20692,36.2,58.2,22.4
20693,36.2,58.2,22.4
20694,36.2,58.2,22.4
20695,36.2,58.2,22.4
20696,36.2,58.2,22.4
20697,36.2,58.2,22.4
20698,36.2,58.2,22.4
20699,36.2,58.2,22.4
20700,36.2,58.2,22.4
20701,36.2,58.2,22.4
20702,36.2,58.2,22.39
20703,36.2,58.2,22.39
20704,36.2,58.2,22.39
20705,36.2,58.2,22.39
20706,36.1,58.2,22.46
20707,36.1,58.2,22.46
20708,36.1,58.2,22.46
20709,36.1,58.2,22.46
20710,36.1,58.2,22.46
20711,36.1,58.2,22.46
20712,36.1,58.2,22.46
20713,36.1,58.2,22.45
20714,36.1,58.2,22.45
20715,36.1,58.2,22.45
20716,36.1,58.2,22.45
20717,36.1,58.2,22.45
20718,36.1,58.2,22.45
20719,36.1,58.2,22.45
20720,36.1,58.2,22.45
20721,36.1,58.2,22.45
20722,36.1,58.2,22.44
20723,36.1,58.2,22.44
20724,36.1,58.2,22.44
20725,36.1,58.2,22.44
20726,36.1,58.2,22.44
20727,36.1,58.2,22.44
20728,36.1,58.2,22.44
20729,36.1,58.2,22.44
20730,36.1,58.2,22.44
20731,36.1,58.2,22.44
20732,36.1,58.2,22.43
20733,36.1,58.2,22.43
20734,36.1,58.2,22.43
20735,36.1,58.2,22.43
20736,36.1,58.2,22.43
20737,36.1,58.2,22.43
20738,36.1,58.2,22.43
20739,36.1,58.2,22.43
20740,36.1,58.2,22.43
20741,36.1,58.2,22.42
20742,36.1,58.2,22.42
20743,36.1,58.2,22.42
20744,36.1,58.2,22.42
20745,36.1,58.2,22.42
20746,36.1,58.2,22.42
20747,36.1,58.2,22.42
20748,36.1,58.2,22.42
20749,36.1,58.2,22.42
20750,36.1,58.2,22.41
20751,36.1,58.2,22.41
20752,36.1,58.2,22.41
20753,36.1,58.2,22.41
20754,36.1,58.2,22.41
20755,36.1,58.2,22.41
20756,36.1,58.2,22.41
20757,36.1,58.2,22.41
20758,36.1,58.2,22.41
20759,36.1,58.2,22.4
20760,36.1,58.2,22.4
20761,36.1,58.2,22.4
20762,36.1,58.2,22.4
20763,36.1,58.2,22.4
20764,36.1,58.2,22.4
20765,36.1,58.2,22.4
20766,36.1,58.2,22.4
20767,36.1,58.2,22.4
20768,36.1,58.2,22.4
20769,36.1,58.2,22.39
20770,36.1,58.2,22.39
20771,36.1,58.2,22.39
20772,36.1,58.2,22.39
20773,36.1,58.2,22.39
20774,36.1,58.2,22.39
20775,36.1,58.2,22.39
20776,36.1,58.2,22.39
20777,36.1,58.2,22.39
20778,36.1,58.2,22.38
20779,36.1,58.2,22.38
20780,36.1,58.2,22.38
20781,36.1,58.2,22.38
20782,36.1,58.2,22.38
20783,36.1,58.2,22.38
20784,36.1,58.2,22.38
20785,36.1,58.2,22.38
20786,36.1,58.2,22.38
20787,36.1,58.2,22.37
20788,36.1,58.2,22.37
20789,36.1,58.2,22.37
20790,36.1,58.2,22.37
20791,36.1,58.2,22.37
20792,36.1,58.2,22.37
20793,36.1,58.2,22.37
20794,36.1,58.2,22.37
20795,36.1,58.2,22.37
20796,36.1,58.2,22.36
20797,36.1,58.2,22.36
20798,36.1,58.2,22.36
20799,36.1,58.2,22.36
20800,36.1,58.2,22.36
20801,36.1,58.2,22.36
20802,36.1,58.2,22.36
20803,36.1,58.2,22.36
20804,36.1,58.2,22.36
20805,36.1,58.2,22.36
20806,36.1,58.2,22.35
20807,36.1,58.2,22.35
