{
  "id": "0016e259-d234-4bd1-9de0-3d96995beebe",
  "name": "Titanic Rapier of Silence",
  "type": "Generic",
  "generation": 41,
  "damage": 19.5,
  "damage_type": [
    "Physical",
    "Piercing"
  ],
  "crit_damage": 3.3,
  "crit_rate": 0.060000000000000005,
  "str_mod": 1.6000000000000003,
  "dex_mod": 1.6000000000000003,
  "rarity": 1,
  "durability": 10.889999999999997,
  "max_durability": 111.0,
  "volatility": 0.5700000000000001,
  "resilience": 0.6099999999999999,
  "worth": 100,
  "affinities": {
    "Restoration": 0.3,
    "STR": 0.4,
    "Order": 0.4,
    "Stability": 0.1
  }
}