{
  "id": "0016e259-d234-4bd1-9de0-3d96995beebe",
  "name": "Titanic Rapier of Silence",
  "type": "Generic",
  "generation": 24,
  "damage": 18.0,
  "damage_type": [
    "Physical",
    "Piercing"
  ],
  "crit_damage": 3.0,
  "crit_rate": 0.01,
  "str_mod": 1.5000000000000002,
  "dex_mod": 1.4000000000000001,
  "rarity": 1,
  "durability": 49.540000000000006,
  "max_durability": 115.0,
  "volatility": 0.5300000000000004,
  "resilience": 0.5299999999999999,
  "worth": 100,
  "affinities": {
    "Restoration": 0.3,
    "STR": 0.2,
    "Order": 0.3
  }
}