{
  "id": "020fd30c-3f74-4992-9e47-6bc7da08380a",
  "name": "Rusty Blade of Mirage",
  "type": "Sword",
  "generation": 19,
  "damage": 23.0,
  "damage_type": [
    "Physical",
    "Slashing",
    "Cosmic"
  ],
  "crit_damage": 2.5,
  "crit_rate": 0.01,
  "str_mod": 1.2500000000000002,
  "dex_mod": 1.0999999999999999,
  "rarity": 1,
  "durability": 38.26000000000001,
  "max_durability": 99.0,
  "volatility": 0.5300000000000004,
  "resilience": 0.63,
  "worth": 100,
  "affinities": {
    "Order": 0.1
  }
}