{
  "id": "041abc50-eef9-47a6-a718-86cc38e09af2",
  "name": "Titanic Blade of Frost",
  "type": "Sword",
  "generation": 12,
  "damage": 21.5,
  "damage_type": [
    "Physical",
    "Slashing",
    "Cold"
  ],
  "crit_damage": 2,
  "crit_rate": 0.01,
  "str_mod": 1.4500000000000002,
  "dex_mod": 0.8500000000000001,
  "rarity": 1,
  "durability": 73.41000000000004,
  "max_durability": 125.0,
  "volatility": 0.5400000000000003,
  "resilience": 0.6299999999999999,
  "worth": 100,
  "affinities": {}
}