{
  "id": "041abc50-eef9-47a6-a718-86cc38e09af2",
  "name": "Titanic Blade of Frost",
  "type": "Sword",
  "generation": 17,
  "damage": 23.0,
  "damage_type": [
    "Physical",
    "Slashing",
    "Cold"
  ],
  "crit_damage": 2,
  "crit_rate": 0.01,
  "str_mod": 1.5500000000000003,
  "dex_mod": 0.8500000000000001,
  "rarity": 1,
  "durability": 69.99000000000004,
  "max_durability": 125.0,
  "volatility": 0.52,
  "resilience": 0.5799999999999998,
  "worth": 100,
  "affinities": {
    "Restoration": 0.1
  }
}