{
  "id": "041abc50-eef9-47a6-a718-86cc38e09af2",
  "name": "Titanic Blade of Frost",
  "type": "Sword",
  "generation": 3,
  "damage": 15.0,
  "damage_type": [
    "Physical",
    "Slashing",
    "Cold"
  ],
  "crit_damage": 2,
  "crit_rate": 0.01,
  "str_mod": 1.35,
  "dex_mod": 0.8500000000000001,
  "rarity": 1,
  "durability": 96.80000000000001,
  "max_durability": 125.0,
  "volatility": 0.31000000000000016,
  "resilience": 0.6799999999999999,
  "worth": 100,
  "affinities": {}
}