{
  "id": "041abc50-eef9-47a6-a718-86cc38e09af2",
  "name": "Titanic Blade of Frost",
  "type": "Sword",
  "generation": 36,
  "damage": 29.5,
  "damage_type": [
    "Physical",
    "Slashing",
    "Cold"
  ],
  "crit_damage": 3.0,
  "crit_rate": 0.01,
  "str_mod": 1.6500000000000004,
  "dex_mod": 0.9500000000000001,
  "rarity": 3,
  "durability": 8.600000000000028,
  "max_durability": 102.0,
  "volatility": 0.5599999999999999,
  "resilience": 0.6599999999999998,
  "worth": 100,
  "affinities": {
    "Restoration": 0.2
  }
}