{
  "id": "074f7de2-1215-4cd4-940a-62b3ce328740",
  "name": "Dread Core of Whispers",
  "type": "Artifact",
  "generation": 19,
  "damage": 18.0,
  "damage_type": [
    "Physical",
    "Dark",
    "Void"
  ],
  "crit_damage": 3.0,
  "crit_rate": 0.01,
  "str_mod": 1.2,
  "dex_mod": 1.17,
  "rarity": 1,
  "durability": 31.979999999999997,
  "max_durability": 119.0,
  "volatility": 0.39000000000000035,
  "resilience": 0.43000000000000005,
  "worth": 100,
  "affinities": {
    "Stability": 0.1,
    "DEX": 0.1
  }
}