{
  "id": "074f7de2-1215-4cd4-940a-62b3ce328740",
  "name": "Dread Core of Whispers",
  "type": "Artifact",
  "generation": 31,
  "damage": 19.5,
  "damage_type": [
    "Physical",
    "Dark",
    "Void"
  ],
  "crit_damage": 3.3,
  "crit_rate": 0.060000000000000005,
  "str_mod": 1.3,
  "dex_mod": 1.27,
  "rarity": 1,
  "durability": 6.309999999999999,
  "max_durability": 118.0,
  "volatility": 0.45000000000000046,
  "resilience": 0.43000000000000005,
  "worth": 100,
  "affinities": {
    "Stability": 0.2,
    "DEX": 0.1,
    "Order": 0.1
  }
}