{
  "id": "07601852-5ebd-47d0-9caf-d7ce883ee6ed",
  "name": "Gilded Blade of Might",
  "type": "Sword",
  "generation": 31,
  "damage": 28.0,
  "damage_type": [
    "Physical",
    "Slashing"
  ],
  "crit_damage": 3.0,
  "crit_rate": 0.060000000000000005,
  "str_mod": 1.7000000000000004,
  "dex_mod": 1.3499999999999999,
  "rarity": 2.5,
  "durability": 11.270000000000007,
  "max_durability": 100.0,
  "volatility": 0.2500000000000004,
  "resilience": 0.68,
  "worth": 100,
  "affinities": {
    "Stability": 0.1,
    "Chaos": 0.1,
    "Scarceness": 0.1,
    "STR": 0.1,
    "DEX": 0.1
  }
}