{
  "id": "07601852-5ebd-47d0-9caf-d7ce883ee6ed",
  "name": "Gilded Blade of Might",
  "type": "Sword",
  "generation": 28,
  "damage": 30.0,
  "damage_type": [
    "Physical",
    "Slashing"
  ],
  "crit_damage": 3.0,
  "crit_rate": 0.060000000000000005,
  "str_mod": 1.7000000000000004,
  "dex_mod": 1.2,
  "rarity": 2.5,
  "durability": 19.230000000000008,
  "max_durability": 95.0,
  "volatility": 0.24000000000000038,
  "resilience": 0.63,
  "worth": 100,
  "affinities": {
    "Stability": 0.1,
    "Chaos": 0.1,
    "Scarceness": 0.1,
    "STR": 0.1
  }
}