{
  "id": "07cb150a-7c93-46d7-8b69-1065a2b28f7a",
  "name": "Heavy Relic of Iron",
  "type": "Artifact",
  "generation": 6,
  "damage": 16.5,
  "damage_type": [
    "Physical",
    "Holy"
  ],
  "crit_damage": 2,
  "crit_rate": 0.01,
  "str_mod": 1.3,
  "dex_mod": 0.85,
  "rarity": 1.5,
  "durability": 63.650000000000006,
  "max_durability": 139.6240625180289,
  "volatility": 0.2600000000000002,
  "resilience": 0.7792481250360578,
  "worth": 100,
  "affinities": {}
}