{
  "id": "07cb150a-7c93-46d7-8b69-1065a2b28f7a",
  "name": "Heavy Relic of Iron",
  "type": "Artifact",
  "generation": 46,
  "damage": 27.5,
  "damage_type": [
    "Physical",
    "Holy"
  ],
  "crit_damage": 2,
  "crit_rate": 0.01,
  "str_mod": 1.7000000000000004,
  "dex_mod": 1.3500000000000003,
  "rarity": 1.5,
  "durability": 27.06879750389423,
  "max_durability": 139.6240625180289,
  "volatility": 0.37000000000000066,
  "resilience": 0.7792481250360578,
  "worth": 100,
  "affinities": {
    "Chaos": 0.1,
    "Order": 0.2,
    "STR": 0.1,
    "Stability": 0.1
  }
}