{
  "id": "07cb150a-7c93-46d7-8b69-1065a2b28f7a",
  "name": "Heavy Relic of Iron",
  "type": "Artifact",
  "generation": 9,
  "damage": 18.0,
  "damage_type": [
    "Physical",
    "Holy"
  ],
  "crit_damage": 2,
  "crit_rate": 0.01,
  "str_mod": 1.4000000000000001,
  "dex_mod": 0.85,
  "rarity": 1.5,
  "durability": 71.76699250014424,
  "max_durability": 139.6240625180289,
  "volatility": 0.32000000000000023,
  "resilience": 0.7792481250360578,
  "worth": 100,
  "affinities": {}
}