{
  "id": "082354fc-4a74-4207-90e3-6cdad4333353",
  "name": "Ancient Rapier of Blight",
  "type": "Generic",
  "generation": 29,
  "damage": 30.0,
  "damage_type": [
    "Physical",
    "Piercing",
    "Dark"
  ],
  "crit_damage": 2,
  "crit_rate": 0.060000000000000005,
  "str_mod": 1.2000000000000002,
  "dex_mod": 1.0,
  "rarity": 2.0,
  "durability": 14.579999999999988,
  "max_durability": 134.0,
  "volatility": 0.5000000000000003,
  "resilience": 0.6599999999999999,
  "worth": 100,
  "affinities": {
    "Restoration": 0.5,
    "Chaos": 0.1,
    "Order": 0.1
  }
}