{
  "id": "0bc2a94b-414d-4a4b-b32f-49a401a1a512",
  "name": "Glowing Focus of Torment",
  "type": "Focus",
  "generation": 24,
  "damage": 44.0,
  "damage_type": [
    "Physical",
    "Magic",
    "Shadow"
  ],
  "crit_damage": 3.0,
  "crit_rate": 0.01,
  "str_mod": 1.2000000000000002,
  "dex_mod": 0.8,
  "rarity": 1.5,
  "durability": 39.420000000000016,
  "max_durability": 94.0,
  "volatility": 0.49000000000000016,
  "resilience": 0.5299999999999999,
  "worth": 100,
  "affinities": {
    "STR": 0.1,
    "Order": 0.1
  }
}