{
  "id": "0bc2a94b-414d-4a4b-b32f-49a401a1a512",
  "name": "Glowing Focus of Torment",
  "type": "Focus",
  "generation": 19,
  "damage": 44.0,
  "damage_type": [
    "Physical",
    "Magic",
    "Shadow"
  ],
  "crit_damage": 3.0,
  "crit_rate": 0.01,
  "str_mod": 1.2000000000000002,
  "dex_mod": 0.7000000000000001,
  "rarity": 1.5,
  "durability": 62.06000000000002,
  "max_durability": 94.0,
  "volatility": 0.44000000000000017,
  "resilience": 0.58,
  "worth": 100,
  "affinities": {
    "STR": 0.1
  }
}