{
  "id": "0bc2a94b-414d-4a4b-b32f-49a401a1a512",
  "name": "Glowing Focus of Torment",
  "type": "Focus",
  "generation": 32,
  "damage": 59.0,
  "damage_type": [
    "Physical",
    "Magic",
    "Shadow"
  ],
  "crit_damage": 3.0,
  "crit_rate": 0.01,
  "str_mod": 1.2000000000000002,
  "dex_mod": 0.7000000000000001,
  "rarity": 1.5,
  "durability": 4.660000000000008,
  "max_durability": 99.0,
  "volatility": 0.5400000000000001,
  "resilience": 0.6599999999999999,
  "worth": 100,
  "affinities": {
    "STR": 0.1,
    "Order": 0.2
  }
}