{
  "id": "0ec4e5fc-c3bb-4a5d-a7a1-522a35be4375",
  "name": "Glacial Edge of the Deep",
  "type": "Sword",
  "generation": 15,
  "damage": 16.0,
  "damage_type": [
    "Physical",
    "Cold",
    "Water"
  ],
  "crit_damage": 2,
  "crit_rate": 0.060000000000000005,
  "str_mod": 1.2000000000000002,
  "dex_mod": 1.15,
  "rarity": 1,
  "durability": 40.49999999999999,
  "max_durability": 125.0,
  "volatility": 0.49000000000000027,
  "resilience": 0.7,
  "worth": 100,
  "affinities": {
    "Chaos": 0.1
  }
}