{
  "id": "0ec4e5fc-c3bb-4a5d-a7a1-522a35be4375",
  "name": "Glacial Edge of the Deep",
  "type": "Sword",
  "generation": 25,
  "damage": 20.5,
  "damage_type": [
    "Physical",
    "Cold",
    "Water"
  ],
  "crit_damage": 2,
  "crit_rate": 0.060000000000000005,
  "str_mod": 1.5000000000000004,
  "dex_mod": 1.25,
  "rarity": 2,
  "durability": 13.849999999999989,
  "max_durability": 127.0,
  "volatility": 0.6,
  "resilience": 0.6999999999999998,
  "worth": 100,
  "affinities": {
    "Chaos": 0.1,
    "STR": 0.1
  }
}