{
  "id": "0ec4e5fc-c3bb-4a5d-a7a1-522a35be4375",
  "name": "Glacial Edge of the Deep",
  "type": "Sword",
  "generation": 19,
  "damage": 17.5,
  "damage_type": [
    "Physical",
    "Cold",
    "Water"
  ],
  "crit_damage": 2,
  "crit_rate": 0.060000000000000005,
  "str_mod": 1.3000000000000003,
  "dex_mod": 1.15,
  "rarity": 2,
  "durability": 36.54999999999999,
  "max_durability": 125.0,
  "volatility": 0.55,
  "resilience": 0.7499999999999999,
  "worth": 100,
  "affinities": {
    "Chaos": 0.1
  }
}