{
  "id": "1075f3f6-3877-4d87-a664-3d30b397dba5",
  "name": "Titanic Blade of Iron",
  "type": "Sword",
  "generation": 46,
  "damage": 22.5,
  "damage_type": [
    "Physical",
    "Slashing"
  ],
  "crit_damage": 3.0,
  "crit_rate": 0.01,
  "str_mod": 1.8500000000000005,
  "dex_mod": 1.05,
  "rarity": 3,
  "durability": 24.174210625757212,
  "max_durability": 126.0,
  "volatility": 0.58,
  "resilience": 0.8292481250360577,
  "worth": 100,
  "affinities": {
    "Order": 0.3,
    "STR": 0.3
  }
}