{
  "id": "1075f3f6-3877-4d87-a664-3d30b397dba5",
  "name": "Titanic Blade of Iron",
  "type": "Sword",
  "generation": 52,
  "damage": 22.5,
  "damage_type": [
    "Physical",
    "Slashing"
  ],
  "crit_damage": 3.0,
  "crit_rate": 0.01,
  "str_mod": 1.8500000000000005,
  "dex_mod": 1.05,
  "rarity": 3,
  "durability": 4.61992500144231,
  "max_durability": 136.0,
  "volatility": 0.6292481250360578,
  "resilience": 0.7792481250360577,
  "worth": 100,
  "affinities": {
    "Order": 0.3,
    "STR": 0.4
  }
}