{
  "id": "1075f3f6-3877-4d87-a664-3d30b397dba5",
  "name": "Titanic Blade of Iron",
  "type": "Sword",
  "generation": 29,
  "damage": 11.5,
  "damage_type": [
    "Physical",
    "Slashing"
  ],
  "crit_damage": 2.5,
  "crit_rate": 0.01,
  "str_mod": 1.4500000000000002,
  "dex_mod": 1.05,
  "rarity": 2,
  "durability": 70.02000000000001,
  "max_durability": 114.0,
  "volatility": 0.58,
  "resilience": 0.5499999999999998,
  "worth": 100,
  "affinities": {
    "Order": 0.2,
    "STR": 0.2
  }
}