{
  "id": "1075f3f6-3877-4d87-a664-3d30b397dba5",
  "name": "Titanic Blade of Iron",
  "type": "Sword",
  "generation": 14,
  "damage": 11.5,
  "damage_type": [
    "Physical",
    "Slashing"
  ],
  "crit_damage": 2,
  "crit_rate": 0.01,
  "str_mod": 1.4500000000000002,
  "dex_mod": 0.9500000000000001,
  "rarity": 1,
  "durability": 90.87,
  "max_durability": 125.0,
  "volatility": 0.47000000000000025,
  "resilience": 0.7,
  "worth": 100,
  "affinities": {
    "Order": 0.2
  }
}