{
  "id": "1075f3f6-3877-4d87-a664-3d30b397dba5",
  "name": "Titanic Blade of Iron",
  "type": "Sword",
  "generation": 39,
  "damage": 14.5,
  "damage_type": [
    "Physical",
    "Slashing"
  ],
  "crit_damage": 2.5,
  "crit_rate": 0.01,
  "str_mod": 1.6500000000000004,
  "dex_mod": 1.1500000000000001,
  "rarity": 3,
  "durability": 46.61,
  "max_durability": 124.0,
  "volatility": 0.5299999999999999,
  "resilience": 0.8292481250360577,
  "worth": 100,
  "affinities": {
    "Order": 0.2,
    "STR": 0.3
  }
}