{
  "id": "12185d52-602e-4289-b76d-cdad97e124b9",
  "name": "Dread Shard of Blight",
  "type": "Dagger",
  "generation": 17,
  "damage": 25.5,
  "damage_type": [
    "Physical",
    "Dark",
    "Slashing"
  ],
  "crit_damage": 2,
  "crit_rate": 0.01,
  "str_mod": 1.5000000000000002,
  "dex_mod": 1.1,
  "rarity": 1,
  "durability": 27.85000000000001,
  "max_durability": 95.0,
  "volatility": 0.5800000000000001,
  "resilience": 0.30000000000000004,
  "worth": 100,
  "affinities": {
    "Stability": 0.1,
    "STR": 0.2
  }
}