{
  "id": "13adbf8f-5cad-4f65-b8ed-e0f146a93afe",
  "name": "Verdant Focus of the Glacier",
  "type": "Focus",
  "generation": 33,
  "damage": 58.0,
  "damage_type": [
    "Physical",
    "Nature",
    "Magic",
    "Cold"
  ],
  "crit_damage": 3.0,
  "crit_rate": 0.01,
  "str_mod": 1.2000000000000002,
  "dex_mod": 0.6000000000000001,
  "rarity": 3,
  "durability": 10.919999999999998,
  "max_durability": 95.0,
  "volatility": 0.5500000000000004,
  "resilience": 0.7999999999999999,
  "worth": 100,
  "affinities": {
    "Chaos": 0.1,
    "Scarceness": 0.2,
    "Order": 0.1
  }
}