{
  "id": "1462627c-74fb-46db-a812-b23a95c0f7e4",
  "name": "Glacial Blade of Gales",
  "type": "Sword",
  "generation": 29,
  "damage": 29.5,
  "damage_type": [
    "Physical",
    "Cold",
    "Slashing",
    "Sonic"
  ],
  "crit_damage": 2.5,
  "crit_rate": 0.01,
  "str_mod": 1.3500000000000003,
  "dex_mod": 1.0299999999999998,
  "rarity": 2,
  "durability": 32.09,
  "max_durability": 131.0,
  "volatility": 0.4500000000000003,
  "resilience": 0.7999999999999999,
  "worth": 100,
  "affinities": {
    "DEX": 0.1,
    "Order": 0.1,
    "Stability": 0.1,
    "STR": 0.1
  }
}