{
  "id": "1462627c-74fb-46db-a812-b23a95c0f7e4",
  "name": "Glacial Blade of Gales",
  "type": "Sword",
  "generation": 25,
  "damage": 28.0,
  "damage_type": [
    "Physical",
    "Cold",
    "Slashing",
    "Sonic"
  ],
  "crit_damage": 2,
  "crit_rate": 0.01,
  "str_mod": 1.2500000000000002,
  "dex_mod": 1.0299999999999998,
  "rarity": 2,
  "durability": 38.89,
  "max_durability": 136.0,
  "volatility": 0.41000000000000025,
  "resilience": 0.7999999999999999,
  "worth": 100,
  "affinities": {
    "DEX": 0.1,
    "Order": 0.1,
    "Stability": 0.1
  }
}