{
  "id": "1462627c-74fb-46db-a812-b23a95c0f7e4",
  "name": "Glacial Blade of Gales",
  "type": "Sword",
  "generation": 45,
  "damage": 36.0,
  "damage_type": [
    "Physical",
    "Cold",
    "Slashing",
    "Sonic"
  ],
  "crit_damage": 3.0,
  "crit_rate": 0.01,
  "str_mod": 1.4500000000000004,
  "dex_mod": 1.13,
  "rarity": 2,
  "durability": 7.280000000000001,
  "max_durability": 131.0,
  "volatility": 0.49000000000000044,
  "resilience": 0.7999999999999999,
  "worth": 100,
  "affinities": {
    "DEX": 0.1,
    "Order": 0.2,
    "Stability": 0.2,
    "STR": 0.1,
    "Chaos": 0.1,
    "Scarceness": 0.1
  }
}