{
  "id": "1462627c-74fb-46db-a812-b23a95c0f7e4",
  "name": "Glacial Blade of Gales",
  "type": "Sword",
  "generation": 18,
  "damage": 21.5,
  "damage_type": [
    "Physical",
    "Cold",
    "Slashing",
    "Sonic"
  ],
  "crit_damage": 2,
  "crit_rate": 0.01,
  "str_mod": 1.1500000000000001,
  "dex_mod": 1.13,
  "rarity": 2,
  "durability": 51.650000000000006,
  "max_durability": 134.0,
  "volatility": 0.4600000000000003,
  "resilience": 0.7999999999999999,
  "worth": 100,
  "affinities": {
    "DEX": 0.1,
    "Order": 0.1
  }
}