{
  "id": "1538cb3f-3dd0-4f36-aa84-b581d8d3350f",
  "name": "Titanic Rapier of Frost",
  "type": "Generic",
  "generation": 12,
  "damage": 31.5,
  "damage_type": [
    "Physical",
    "Piercing",
    "Cold"
  ],
  "crit_damage": 2,
  "crit_rate": 0.01,
  "str_mod": 1.4000000000000001,
  "dex_mod": 0.6000000000000001,
  "rarity": 1,
  "durability": 55.69000000000001,
  "max_durability": 125.0,
  "volatility": 0.34000000000000036,
  "resilience": 0.7,
  "worth": 100,
  "affinities": {}
}