{
  "id": "1538cb3f-3dd0-4f36-aa84-b581d8d3350f",
  "name": "Titanic Rapier of Frost",
  "type": "Generic",
  "generation": 14,
  "damage": 31.5,
  "damage_type": [
    "Physical",
    "Piercing",
    "Cold"
  ],
  "crit_damage": 2,
  "crit_rate": 0.01,
  "str_mod": 1.4000000000000001,
  "dex_mod": 0.6000000000000001,
  "rarity": 2,
  "durability": 43.19000000000001,
  "max_durability": 117.0,
  "volatility": 0.4600000000000004,
  "resilience": 0.7,
  "worth": 100,
  "affinities": {}
}