{
  "id": "1538cb3f-3dd0-4f36-aa84-b581d8d3350f",
  "name": "Titanic Rapier of Frost",
  "type": "Generic",
  "generation": 27,
  "damage": 43.0,
  "damage_type": [
    "Physical",
    "Piercing",
    "Cold"
  ],
  "crit_damage": 2,
  "crit_rate": 0.01,
  "str_mod": 1.5000000000000002,
  "dex_mod": 0.5,
  "rarity": 2,
  "durability": 11.750000000000007,
  "max_durability": 117.0,
  "volatility": 0.4400000000000005,
  "resilience": 0.7999999999999999,
  "worth": 100,
  "affinities": {
    "STR": 0.2,
    "Chaos": 0.1
  }
}