{
  "id": "15be5af7-1645-4456-a35b-ac1b9826c186",
  "name": "Mundane Focus of Carnage",
  "type": "Focus",
  "generation": 48,
  "damage": 43.5,
  "damage_type": [
    "Physical",
    "Magic",
    "Blood"
  ],
  "crit_damage": 2.5,
  "crit_rate": 0.060000000000000005,
  "str_mod": 1.7000000000000006,
  "dex_mod": 1.6000000000000005,
  "rarity": 2,
  "durability": 38.31999999999998,
  "max_durability": 106.0,
  "volatility": 0.5199999999999999,
  "resilience": 0.7999999999999999,
  "worth": 100,
  "affinities": {
    "Stability": 0.1,
    "Order": 0.1,
    "STR": 0.4,
    "Chaos": 0.1,
    "Scarceness": 0.1,
    "DEX": 0.2
  }
}