{
  "id": "15be5af7-1645-4456-a35b-ac1b9826c186",
  "name": "Mundane Focus of Carnage",
  "type": "Focus",
  "generation": 51,
  "damage": 50.0,
  "damage_type": [
    "Physical",
    "Magic",
    "Blood"
  ],
  "crit_damage": 2.5,
  "crit_rate": 0.060000000000000005,
  "str_mod": 1.8000000000000007,
  "dex_mod": 1.5000000000000004,
  "rarity": 2,
  "durability": 29.519999999999982,
  "max_durability": 106.0,
  "volatility": 0.5299999999999999,
  "resilience": 0.7999999999999999,
  "worth": 100,
  "affinities": {
    "Stability": 0.1,
    "Order": 0.1,
    "STR": 0.4,
    "Chaos": 0.1,
    "Scarceness": 0.1,
    "DEX": 0.3
  }
}