{
  "id": "1630c961-4eef-4724-8644-ab9d7077e3fd",
  "name": "Brittle Blade of Pestilence",
  "type": "Sword",
  "generation": 10,
  "damage": 46.5,
  "damage_type": [
    "Physical",
    "Slashing",
    "Acid"
  ],
  "crit_damage": 2,
  "crit_rate": 0.01,
  "str_mod": 1.1500000000000001,
  "dex_mod": 0.7500000000000001,
  "rarity": 1,
  "durability": 28.050000000000004,
  "max_durability": 63.0,
  "volatility": 0.4200000000000004,
  "resilience": 0.55,
  "worth": 100,
  "affinities": {}
}