{
  "id": "1630c961-4eef-4724-8644-ab9d7077e3fd",
  "name": "Brittle Blade of Pestilence",
  "type": "Sword",
  "generation": 19,
  "damage": 48.0,
  "damage_type": [
    "Physical",
    "Slashing",
    "Acid"
  ],
  "crit_damage": 2.5,
  "crit_rate": 0.01,
  "str_mod": 1.2500000000000002,
  "dex_mod": 0.9500000000000001,
  "rarity": 1,
  "durability": 0.5000000000000053,
  "max_durability": 60.0,
  "volatility": 0.39000000000000046,
  "resilience": 0.55,
  "worth": 100,
  "affinities": {
    "Chaos": 0.1
  }
}