{
  "id": "1630c961-4eef-4724-8644-ab9d7077e3fd",
  "name": "Brittle Blade of Pestilence",
  "type": "Sword",
  "generation": 14,
  "damage": 48.0,
  "damage_type": [
    "Physical",
    "Slashing",
    "Acid"
  ],
  "crit_damage": 2,
  "crit_rate": 0.01,
  "str_mod": 1.2500000000000002,
  "dex_mod": 0.7500000000000001,
  "rarity": 1,
  "durability": 12.100000000000005,
  "max_durability": 65.0,
  "volatility": 0.4000000000000004,
  "resilience": 0.55,
  "worth": 100,
  "affinities": {
    "Chaos": 0.1
  }
}