{
  "id": "1871d4d8-c6bd-4369-8c6c-3c346f3beba6",
  "name": "Eldritch Blade of Whispers",
  "type": "Sword",
  "generation": 21,
  "damage": 11.5,
  "damage_type": [
    "Physical",
    "Slashing",
    "Void"
  ],
  "crit_damage": 2,
  "crit_rate": 0.060000000000000005,
  "str_mod": 1.1500000000000001,
  "dex_mod": 1.4700000000000002,
  "rarity": 3.5,
  "durability": 27.964780699337442,
  "max_durability": 116.0,
  "volatility": 0.5700000000000001,
  "resilience": 0.8403677461028802,
  "worth": 100,
  "affinities": {
    "Chaos": 0.1,
    "DEX": 0.1,
    "Stability": 0.1
  }
}