{
  "id": "18737d07-b32d-420c-b12d-3f09dabbeef7",
  "name": "Gilded Rapier of Silence",
  "type": "Generic",
  "generation": 20,
  "damage": 13.0,
  "damage_type": [
    "Physical",
    "Piercing"
  ],
  "crit_damage": 2,
  "crit_rate": 0.01,
  "str_mod": 1.2000000000000002,
  "dex_mod": 1.55,
  "rarity": 2.5,
  "durability": 32.94999999999999,
  "max_durability": 107.0,
  "volatility": 0.43000000000000027,
  "resilience": 0.6599999999999999,
  "worth": 100,
  "affinities": {
    "DEX": 0.3,
    "STR": 0.1,
    "Chaos": 0.2,
    "Stability": 0.1
  }
}