{
  "id": "2043a4e3-2d09-4ac5-b4ee-46283a5272aa",
  "name": "Blessed Blade of Venom",
  "type": "Sword",
  "generation": 37,
  "damage": 23.0,
  "damage_type": [
    "Physical",
    "Slashing",
    "Acid"
  ],
  "crit_damage": 2.5,
  "crit_rate": 0.01,
  "str_mod": 1.2500000000000002,
  "dex_mod": 1.1500000000000001,
  "rarity": 2,
  "durability": 4.780000000000012,
  "max_durability": 127.0,
  "volatility": 0.5000000000000004,
  "resilience": 0.7999999999999999,
  "worth": 100,
  "affinities": {
    "Order": 0.2,
    "Stability": 0.2,
    "Chaos": 0.1,
    "Restoration": 0.1
  }
}