{
  "id": "2043a4e3-2d09-4ac5-b4ee-46283a5272aa",
  "name": "Blessed Blade of Venom",
  "type": "Sword",
  "generation": 31,
  "damage": 23.0,
  "damage_type": [
    "Physical",
    "Slashing",
    "Acid"
  ],
  "crit_damage": 2.5,
  "crit_rate": 0.01,
  "str_mod": 1.2500000000000002,
  "dex_mod": 1.1500000000000001,
  "rarity": 1,
  "durability": 26.66000000000001,
  "max_durability": 125.0,
  "volatility": 0.44000000000000045,
  "resilience": 0.75,
  "worth": 100,
  "affinities": {
    "Order": 0.2,
    "Stability": 0.1,
    "Chaos": 0.1,
    "Restoration": 0.1
  }
}