{
  "id": "209a4c22-eb88-41fa-bbdf-57f75fddf668",
  "name": "Stormcharged Bow of Light",
  "type": "Ranged",
  "generation": 55,
  "damage": 31.0,
  "damage_type": [
    "Physical",
    "Lightning",
    "Piercing",
    "Holy"
  ],
  "crit_damage": 2,
  "crit_rate": 0.09403267722339301,
  "str_mod": 1.4000000000000004,
  "dex_mod": 1.5,
  "rarity": 2.3,
  "durability": 34.489149622550016,
  "max_durability": 139.0,
  "volatility": 0.5300816930584824,
  "resilience": 0.8100816930584824,
  "worth": 100,
  "affinities": {
    "DEX": 0.1,
    "Restoration": 0.1,
    "Order": 0.3,
    "Stability": 0.1,
    "STR": 0.1,
    "Chaos": 0.1
  }
}