{
  "id": "209a4c22-eb88-41fa-bbdf-57f75fddf668",
  "name": "Stormcharged Bow of Light",
  "type": "Ranged",
  "generation": 57,
  "damage": 32.5,
  "damage_type": [
    "Physical",
    "Lightning",
    "Piercing",
    "Holy"
  ],
  "crit_damage": 2,
  "crit_rate": 0.09403267722339301,
  "str_mod": 1.5000000000000004,
  "dex_mod": 1.5,
  "rarity": 2.3,
  "durability": 25.779884860076358,
  "max_durability": 141.0,
  "volatility": 0.5600816930584824,
  "resilience": 0.8100816930584824,
  "worth": 100,
  "affinities": {
    "DEX": 0.1,
    "Restoration": 0.1,
    "Order": 0.3,
    "Stability": 0.1,
    "STR": 0.1,
    "Chaos": 0.1
  }
}