{
  "id": "209a4c22-eb88-41fa-bbdf-57f75fddf668",
  "name": "Stormcharged Bow of Light",
  "type": "Ranged",
  "generation": 34,
  "damage": 19.5,
  "damage_type": [
    "Physical",
    "Lightning",
    "Piercing",
    "Holy"
  ],
  "crit_damage": 2,
  "crit_rate": 0.09403267722339301,
  "str_mod": 1.3000000000000003,
  "dex_mod": 1.5,
  "rarity": 2.3,
  "durability": 60.34490158350893,
  "max_durability": 124.0,
  "volatility": 0.5900000000000001,
  "resilience": 0.8100816930584824,
  "worth": 100,
  "affinities": {
    "DEX": 0.1,
    "Restoration": 0.1,
    "Order": 0.1
  }
}