{
  "id": "2108dd3b-5e3c-41d2-bab3-574fa3bd0885",
  "name": "Nimble Blade of Venom",
  "type": "Sword",
  "generation": 18,
  "damage": 31.5,
  "damage_type": [
    "Physical",
    "Slashing",
    "Acid"
  ],
  "crit_damage": 2.5,
  "crit_rate": 0.07,
  "str_mod": 1.1500000000000001,
  "dex_mod": 0.9999999999999999,
  "rarity": 1,
  "durability": 38.480000000000004,
  "max_durability": 90.0,
  "volatility": 0.5300000000000002,
  "resilience": 0.7,
  "worth": 100,
  "affinities": {
    "Stability": 0.1
  }
}