{
  "id": "2108dd3b-5e3c-41d2-bab3-574fa3bd0885",
  "name": "Nimble Blade of Venom",
  "type": "Sword",
  "generation": 7,
  "damage": 16.5,
  "damage_type": [
    "Physical",
    "Slashing",
    "Acid"
  ],
  "crit_damage": 2,
  "crit_rate": 0.060000000000000005,
  "str_mod": 1.1500000000000001,
  "dex_mod": 1.3,
  "rarity": 1,
  "durability": 87.57000000000001,
  "max_durability": 95.0,
  "volatility": 0.3600000000000001,
  "resilience": 0.63,
  "worth": 100,
  "affinities": {
    "Stability": 0.1
  }
}