{
  "id": "2862ceea-d60c-46b7-b8ed-2e6d0f280d97",
  "name": "Glowing Edge of Frost",
  "type": "Sword",
  "generation": 23,
  "damage": 31.5,
  "damage_type": [
    "Physical",
    "Cold"
  ],
  "crit_damage": 2,
  "crit_rate": 0.01,
  "str_mod": 1.1,
  "dex_mod": 0.8,
  "rarity": 1.5,
  "durability": 20.78413562719953,
  "max_durability": 139.6240625180289,
  "volatility": 0.47000000000000053,
  "resilience": 0.7792481250360578,
  "worth": 100,
  "affinities": {
    "Chaos": 0.1
  }
}