{
  "id": "2a890c0b-e2fc-4879-9a33-55b62c769750",
  "name": "Singed Focus of Might",
  "type": "Focus",
  "generation": 44,
  "damage": 41.0,
  "damage_type": [
    "Physical",
    "Fire",
    "Magic"
  ],
  "crit_damage": 3.6,
  "crit_rate": 0.01,
  "str_mod": 1.8500000000000005,
  "dex_mod": 0.8,
  "rarity": 2,
  "durability": 3.1300000000000026,
  "max_durability": 103.0,
  "volatility": 0.5000000000000006,
  "resilience": 0.7999999999999999,
  "worth": 100,
  "affinities": {
    "STR": 0.4,
    "Stability": 0.2,
    "Order": 0.2
  }
}