{
  "id": "2b534170-7ddc-4476-8f2d-f31e68a7a950",
  "name": "Nimble Edge of Carnage",
  "type": "Sword",
  "generation": 19,
  "damage": 23.0,
  "damage_type": [
    "Physical",
    "Blood"
  ],
  "crit_damage": 2,
  "crit_rate": 0.060000000000000005,
  "str_mod": 1.0,
  "dex_mod": 1.35,
  "rarity": 1,
  "durability": 43.68999999999998,
  "max_durability": 99.0,
  "volatility": 0.5700000000000001,
  "resilience": 0.58,
  "worth": 100,
  "affinities": {
    "DEX": 0.1,
    "Order": 0.1
  }
}