{
  "id": "2dbf8f5a-a648-4af0-8997-dccf57a731c1",
  "name": "Singed Relic of Frost",
  "type": "Artifact",
  "generation": 15,
  "damage": 21.0,
  "damage_type": [
    "Physical",
    "Fire",
    "Holy",
    "Cold"
  ],
  "crit_damage": 2,
  "crit_rate": 0.01,
  "str_mod": 1.2000000000000002,
  "dex_mod": 0.9,
  "rarity": 1.5,
  "durability": 32.36518812618988,
  "max_durability": 127.0,
  "volatility": 0.5000000000000003,
  "resilience": 0.7792481250360578,
  "worth": 100,
  "affinities": {
    "Stability": 0.2,
    "Order": 0.1
  }
}