{
  "id": "2dbf8f5a-a648-4af0-8997-dccf57a731c1",
  "name": "Singed Relic of Frost",
  "type": "Artifact",
  "generation": 28,
  "damage": 32.5,
  "damage_type": [
    "Physical",
    "Fire",
    "Holy",
    "Cold"
  ],
  "crit_damage": 2,
  "crit_rate": 0.01,
  "str_mod": 1.3000000000000003,
  "dex_mod": 0.8,
  "rarity": 1.5,
  "durability": 9.26661687756008,
  "max_durability": 134.0,
  "volatility": 0.5792481250360578,
  "resilience": 0.7292481250360577,
  "worth": 100,
  "affinities": {
    "Stability": 0.2,
    "Order": 0.1,
    "STR": 0.2
  }
}