{
  "id": "2ee0632a-40b2-4ab2-892e-6970f1d07e5c",
  "name": "Broken Rapier of Storms",
  "type": "Generic",
  "generation": 54,
  "damage": 19.5,
  "damage_type": [
    "Physical",
    "Piercing"
  ],
  "crit_damage": 3.0,
  "crit_rate": 0.060000000000000005,
  "str_mod": 1.3000000000000003,
  "dex_mod": 1.6000000000000005,
  "rarity": 1,
  "durability": 14.75,
  "max_durability": 73.0,
  "volatility": 0.5000000000000001,
  "resilience": 0.63,
  "worth": 100,
  "affinities": {
    "Chaos": 0.2,
    "Order": 0.1,
    "Stability": 0.2,
    "DEX": 0.3
  }
}