{
  "id": "2ee0632a-40b2-4ab2-892e-6970f1d07e5c",
  "name": "Broken Rapier of Storms",
  "type": "Generic",
  "generation": 51,
  "damage": 18.0,
  "damage_type": [
    "Physical",
    "Piercing"
  ],
  "crit_damage": 2.5,
  "crit_rate": 0.060000000000000005,
  "str_mod": 1.2000000000000002,
  "dex_mod": 1.6000000000000005,
  "rarity": 1,
  "durability": 15.23,
  "max_durability": 78.0,
  "volatility": 0.5100000000000001,
  "resilience": 0.63,
  "worth": 100,
  "affinities": {
    "Chaos": 0.2,
    "Order": 0.1,
    "Stability": 0.2,
    "DEX": 0.3
  }
}