{
  "id": "2f411a5c-d7bc-46cd-a541-069b615a205e",
  "name": "Titanic Blade of Stone",
  "type": "Sword",
  "generation": 120,
  "damage": 48.5,
  "damage_type": [
    "Physical",
    "Slashing"
  ],
  "crit_damage": 3.775488750216347,
  "crit_rate": 0.09,
  "str_mod": 2.0500000000000007,
  "dex_mod": 1.6000000000000005,
  "rarity": 3,
  "durability": 5.094962500721142,
  "max_durability": 130.0,
  "volatility": 0.5799999999999998,
  "resilience": 0.7792481250360577,
  "worth": 100,
  "affinities": {
    "STR": 0.3,
    "Restoration": 0.2,
    "Order": 0.3,
    "Stability": 0.2,
    "Chaos": 0.2,
    "DEX": 0.7,
    "Scarceness": 0.1
  }
}