{
  "id": "2f411a5c-d7bc-46cd-a541-069b615a205e",
  "name": "Titanic Blade of Stone",
  "type": "Sword",
  "generation": 13,
  "damage": 11.0,
  "damage_type": [
    "Physical",
    "Slashing"
  ],
  "crit_damage": 2,
  "crit_rate": 0.060000000000000005,
  "str_mod": 1.5500000000000003,
  "dex_mod": 1.3000000000000003,
  "rarity": 1,
  "durability": 52.87999999999998,
  "max_durability": 125.0,
  "volatility": 0.4300000000000003,
  "resilience": 0.73,
  "worth": 100,
  "affinities": {
    "STR": 0.1,
    "Restoration": 0.2,
    "Order": 0.1
  }
}