{
  "id": "2f411a5c-d7bc-46cd-a541-069b615a205e",
  "name": "Titanic Blade of Stone",
  "type": "Sword",
  "generation": 84,
  "damage": 42.0,
  "damage_type": [
    "Physical",
    "Slashing"
  ],
  "crit_damage": 3.6,
  "crit_rate": 0.09,
  "str_mod": 1.9500000000000006,
  "dex_mod": 1.2000000000000002,
  "rarity": 2,
  "durability": 25.489999999999988,
  "max_durability": 130.0,
  "volatility": 0.57,
  "resilience": 0.7999999999999999,
  "worth": 100,
  "affinities": {
    "STR": 0.2,
    "Restoration": 0.2,
    "Order": 0.3,
    "Stability": 0.1,
    "Chaos": 0.2,
    "DEX": 0.4
  }
}