{
  "id": "2f411a5c-d7bc-46cd-a541-069b615a205e",
  "name": "Titanic Blade of Stone",
  "type": "Sword",
  "generation": 115,
  "damage": 48.5,
  "damage_type": [
    "Physical",
    "Slashing"
  ],
  "crit_damage": 3.775488750216347,
  "crit_rate": 0.09,
  "str_mod": 2.0500000000000007,
  "dex_mod": 1.5000000000000004,
  "rarity": 3,
  "durability": 20.073233125324506,
  "max_durability": 125.0,
  "volatility": 0.46999999999999986,
  "resilience": 0.8292481250360577,
  "worth": 100,
  "affinities": {
    "STR": 0.2,
    "Restoration": 0.2,
    "Order": 0.3,
    "Stability": 0.2,
    "Chaos": 0.2,
    "DEX": 0.6,
    "Scarceness": 0.1
  }
}