{
  "id": "2f411a5c-d7bc-46cd-a541-069b615a205e",
  "name": "Titanic Blade of Stone",
  "type": "Sword",
  "generation": 35,
  "damage": 22.5,
  "damage_type": [
    "Physical",
    "Slashing"
  ],
  "crit_damage": 3.0,
  "crit_rate": 0.09,
  "str_mod": 1.6500000000000004,
  "dex_mod": 1.3000000000000003,
  "rarity": 2,
  "durability": 58.80999999999999,
  "max_durability": 107.0,
  "volatility": 0.5800000000000005,
  "resilience": 0.73,
  "worth": 100,
  "affinities": {
    "STR": 0.1,
    "Restoration": 0.2,
    "Order": 0.1,
    "Stability": 0.1,
    "Chaos": 0.1
  }
}