{
  "id": "2f411a5c-d7bc-46cd-a541-069b615a205e",
  "name": "Titanic Blade of Stone",
  "type": "Sword",
  "generation": 85,
  "damage": 43.5,
  "damage_type": [
    "Physical",
    "Slashing"
  ],
  "crit_damage": 3.6,
  "crit_rate": 0.09,
  "str_mod": 2.0500000000000007,
  "dex_mod": 1.2000000000000002,
  "rarity": 2,
  "durability": 21.689999999999987,
  "max_durability": 130.0,
  "volatility": 0.58,
  "resilience": 0.7999999999999999,
  "worth": 100,
  "affinities": {
    "STR": 0.2,
    "Restoration": 0.2,
    "Order": 0.3,
    "Stability": 0.1,
    "Chaos": 0.2,
    "DEX": 0.4
  }
}