{
  "id": "2f411a5c-d7bc-46cd-a541-069b615a205e",
  "name": "Titanic Blade of Stone",
  "type": "Sword",
  "generation": 95,
  "damage": 48.5,
  "damage_type": [
    "Physical",
    "Slashing"
  ],
  "crit_damage": 3.6,
  "crit_rate": 0.09,
  "str_mod": 2.0500000000000007,
  "dex_mod": 1.3000000000000003,
  "rarity": 2,
  "durability": 23.439999999999984,
  "max_durability": 125.0,
  "volatility": 0.61,
  "resilience": 0.7499999999999999,
  "worth": 100,
  "affinities": {
    "STR": 0.2,
    "Restoration": 0.2,
    "Order": 0.3,
    "Stability": 0.1,
    "Chaos": 0.2,
    "DEX": 0.5
  }
}