{
  "id": "2feeec01-b3b4-47b9-9177-073ee6d86c02",
  "name": "Ancient Edge of Embers",
  "type": "Sword",
  "generation": 18,
  "damage": 22.0,
  "damage_type": [
    "Physical",
    "Fire"
  ],
  "crit_damage": 3.0,
  "crit_rate": 0.060000000000000005,
  "str_mod": 1.2000000000000002,
  "dex_mod": 1.2000000000000002,
  "rarity": 3.0,
  "durability": 13.019999999999996,
  "max_durability": 109.0,
  "volatility": 0.6100000000000002,
  "resilience": 0.58,
  "worth": 100,
  "affinities": {
    "Stability": 0.1,
    "Chaos": 0.1,
    "Scarceness": 0.1
  }
}