{
  "id": "3070d718-ab39-4897-aff0-92837322e6ea",
  "name": "Mundane Axe of the Glacier",
  "type": "HeavyWeapon",
  "generation": 15,
  "damage": 16.0,
  "damage_type": [
    "Physical",
    "Slashing",
    "Cold"
  ],
  "crit_damage": 2,
  "crit_rate": 0.01,
  "str_mod": 1.5500000000000003,
  "dex_mod": 1.3000000000000003,
  "rarity": 1,
  "durability": 28.819999999999993,
  "max_durability": 125.0,
  "volatility": 0.3800000000000003,
  "resilience": 0.75,
  "worth": 100,
  "affinities": {
    "STR": 0.1
  }
}