{
  "id": "3070d718-ab39-4897-aff0-92837322e6ea",
  "name": "Mundane Axe of the Glacier",
  "type": "HeavyWeapon",
  "generation": 20,
  "damage": 16.0,
  "damage_type": [
    "Physical",
    "Slashing",
    "Cold"
  ],
  "crit_damage": 2,
  "crit_rate": 0.060000000000000005,
  "str_mod": 1.5500000000000003,
  "dex_mod": 1.4000000000000004,
  "rarity": 2,
  "durability": 3.819999999999993,
  "max_durability": 115.0,
  "volatility": 0.5500000000000004,
  "resilience": 0.75,
  "worth": 100,
  "affinities": {
    "STR": 0.1,
    "Restoration": 0.1
  }
}