{
  "id": "34f85a1c-e252-49ec-b6b8-680cae29c58b",
  "name": "Gilded Rapier of Whispers",
  "type": "Generic",
  "generation": 22,
  "damage": 20.0,
  "damage_type": [
    "Physical",
    "Piercing",
    "Void"
  ],
  "crit_damage": 2.5,
  "crit_rate": 0.01,
  "str_mod": 1.2000000000000002,
  "dex_mod": 1.6200000000000006,
  "rarity": 2.5,
  "durability": 8.644867642699305,
  "max_durability": 137.0,
  "volatility": 0.41000000000000036,
  "resilience": 0.8160964047443681,
  "worth": 100,
  "affinities": {
    "Restoration": 0.1,
    "Scarceness": 0.1,
    "DEX": 0.1
  }
}