{
  "id": "34f85a1c-e252-49ec-b6b8-680cae29c58b",
  "name": "Gilded Rapier of Whispers",
  "type": "Generic",
  "generation": 19,
  "damage": 20.0,
  "damage_type": [
    "Physical",
    "Piercing",
    "Void"
  ],
  "crit_damage": 2.5,
  "crit_rate": 0.01,
  "str_mod": 1.2000000000000002,
  "dex_mod": 1.5200000000000005,
  "rarity": 2.5,
  "durability": 18.598289214233095,
  "max_durability": 132.0,
  "volatility": 0.38000000000000034,
  "resilience": 0.8160964047443681,
  "worth": 100,
  "affinities": {
    "Restoration": 0.1,
    "Scarceness": 0.1
  }
}