{
  "id": "360bb9b2-1a9a-41a5-9e64-b88dbd3640a2",
  "name": "Zealous Spear of Frost",
  "type": "Polearm",
  "generation": 32,
  "damage": 15.5,
  "damage_type": [
    "Physical",
    "Holy",
    "Piercing",
    "Cold"
  ],
  "crit_damage": 2.5,
  "crit_rate": 0.10169925001442312,
  "str_mod": 1.5500000000000003,
  "dex_mod": 1.4,
  "rarity": 3,
  "durability": 17.606691876117793,
  "max_durability": 107.0,
  "volatility": 0.4200000000000003,
  "resilience": 0.8292481250360577,
  "worth": 100,
  "affinities": {
    "Chaos": 0.4,
    "Scarceness": 0.1
  }
}