{
  "id": "360bb9b2-1a9a-41a5-9e64-b88dbd3640a2",
  "name": "Zealous Spear of Frost",
  "type": "Polearm",
  "generation": 9,
  "damage": 7.5,
  "damage_type": [
    "Physical",
    "Holy",
    "Piercing",
    "Cold"
  ],
  "crit_damage": 2.5,
  "crit_rate": 0.01,
  "str_mod": 1.35,
  "dex_mod": 1.2999999999999998,
  "rarity": 1,
  "durability": 66.77000000000001,
  "max_durability": 110.0,
  "volatility": 0.29000000000000015,
  "resilience": 0.7099999999999999,
  "worth": 100,
  "affinities": {}
}