{
  "id": "360bb9b2-1a9a-41a5-9e64-b88dbd3640a2",
  "name": "Zealous Spear of Frost",
  "type": "Polearm",
  "generation": 28,
  "damage": 14.0,
  "damage_type": [
    "Physical",
    "Holy",
    "Piercing",
    "Cold"
  ],
  "crit_damage": 2.5,
  "crit_rate": 0.10169925001442312,
  "str_mod": 1.4500000000000002,
  "dex_mod": 1.1999999999999997,
  "rarity": 3,
  "durability": 31.31421062575722,
  "max_durability": 107.0,
  "volatility": 0.3800000000000003,
  "resilience": 0.8292481250360577,
  "worth": 100,
  "affinities": {
    "Chaos": 0.4
  }
}