{
  "id": "36d2f1be-59fc-483d-b983-0901583c1a75",
  "name": "Glacial Relic of Judgement",
  "type": "Artifact",
  "generation": 26,
  "damage": 19.0,
  "damage_type": [
    "Physical",
    "Cold",
    "Holy"
  ],
  "crit_damage": 2.5,
  "crit_rate": 0.01,
  "str_mod": 1.4000000000000001,
  "dex_mod": 1.35,
  "rarity": 1.5,
  "durability": 9.257368752524034,
  "max_durability": 134.6240625180289,
  "volatility": 0.5492481250360578,
  "resilience": 0.6792481250360577,
  "worth": 100,
  "affinities": {
    "Order": 0.2,
    "DEX": 0.1,
    "Stability": 0.1,
    "STR": 0.2
  }
}