{
  "id": "36d2f1be-59fc-483d-b983-0901583c1a75",
  "name": "Glacial Relic of Judgement",
  "type": "Artifact",
  "generation": 17,
  "damage": 19.0,
  "damage_type": [
    "Physical",
    "Cold",
    "Holy"
  ],
  "crit_damage": 2,
  "crit_rate": 0.01,
  "str_mod": 1.4000000000000001,
  "dex_mod": 1.35,
  "rarity": 1.5,
  "durability": 25.4846618766947,
  "max_durability": 139.6240625180289,
  "volatility": 0.48000000000000026,
  "resilience": 0.7292481250360577,
  "worth": 100,
  "affinities": {
    "Order": 0.2,
    "DEX": 0.1
  }
}