{
  "id": "36d2f1be-59fc-483d-b983-0901583c1a75",
  "name": "Glacial Relic of Judgement",
  "type": "Artifact",
  "generation": 3,
  "damage": 19.5,
  "damage_type": [
    "Physical",
    "Cold",
    "Holy"
  ],
  "crit_damage": 2,
  "crit_rate": 0.01,
  "str_mod": 1.3,
  "dex_mod": 1.0,
  "rarity": 1.5,
  "durability": 80.35097750043269,
  "max_durability": 139.6240625180289,
  "volatility": 0.2300000000000001,
  "resilience": 0.7792481250360578,
  "worth": 100,
  "affinities": {}
}