{
  "id": "3a2bcbed-1100-4156-84a4-980de61ae38a",
  "name": "Silent Shard of Grace",
  "type": "Dagger",
  "generation": 12,
  "damage": 13.0,
  "damage_type": [
    "Physical",
    "Slashing"
  ],
  "crit_damage": 2.5,
  "crit_rate": 0.060000000000000005,
  "str_mod": 1.2000000000000002,
  "dex_mod": 1.7000000000000002,
  "rarity": 1,
  "durability": 63.09999999999998,
  "max_durability": 87.0,
  "volatility": 0.56,
  "resilience": 0.45,
  "worth": 100,
  "affinities": {}
}