{
  "id": "3d30cc7b-ca5e-4b33-a7f0-b8ecd22c0c9c",
  "name": "Resolute Shard of Grace",
  "type": "Dagger",
  "generation": 20,
  "damage": 16.0,
  "damage_type": [
    "Physical",
    "Slashing"
  ],
  "crit_damage": 2,
  "crit_rate": 0.060000000000000005,
  "str_mod": 1.2000000000000002,
  "dex_mod": 1.7000000000000002,
  "rarity": 1,
  "durability": 50.31999999999999,
  "max_durability": 112.0,
  "volatility": 0.4300000000000005,
  "resilience": 0.75,
  "worth": 100,
  "affinities": {
    "Stability": 0.1
  }
}