{
  "id": "3d30cc7b-ca5e-4b33-a7f0-b8ecd22c0c9c",
  "name": "Resolute Shard of Grace",
  "type": "Dagger",
  "generation": 30,
  "damage": 22.5,
  "damage_type": [
    "Physical",
    "Slashing"
  ],
  "crit_damage": 2,
  "crit_rate": 0.060000000000000005,
  "str_mod": 1.3000000000000003,
  "dex_mod": 1.6,
  "rarity": 2,
  "durability": 13.719999999999992,
  "max_durability": 117.0,
  "volatility": 0.5300000000000006,
  "resilience": 0.7499999999999999,
  "worth": 100,
  "affinities": {
    "Stability": 0.1,
    "Chaos": 0.1,
    "STR": 0.1,
    "DEX": 0.1
  }
}