{
  "id": "3d30cc7b-ca5e-4b33-a7f0-b8ecd22c0c9c",
  "name": "Resolute Shard of Grace",
  "type": "Dagger",
  "generation": 25,
  "damage": 16.0,
  "damage_type": [
    "Physical",
    "Slashing"
  ],
  "crit_damage": 2,
  "crit_rate": 0.060000000000000005,
  "str_mod": 1.2000000000000002,
  "dex_mod": 1.7000000000000002,
  "rarity": 2,
  "durability": 31.71999999999999,
  "max_durability": 117.0,
  "volatility": 0.46000000000000063,
  "resilience": 0.7999999999999999,
  "worth": 100,
  "affinities": {
    "Stability": 0.1,
    "Chaos": 0.1,
    "STR": 0.1
  }
}