{
  "id": "3fa126ed-11b8-48f9-a747-d1f36515a579",
  "name": "Rusty Rapier of Gales",
  "type": "Generic",
  "generation": 20,
  "damage": 23.0,
  "damage_type": [
    "Physical",
    "Piercing",
    "Sonic"
  ],
  "crit_damage": 2,
  "crit_rate": 0.01,
  "str_mod": 1.2000000000000002,
  "dex_mod": 1.7800000000000005,
  "rarity": 1,
  "durability": 2.250000000000009,
  "max_durability": 102.0,
  "volatility": 0.49000000000000027,
  "resilience": 0.55,
  "worth": 100,
  "affinities": {
    "STR": 0.1
  }
}