{
  "id": "40e92567-c7a1-4e9d-ae4c-6ea286eb326d",
  "name": "Gilded Core of Flame",
  "type": "Artifact",
  "generation": 16,
  "damage": 23.0,
  "damage_type": [
    "Physical"
  ],
  "crit_damage": 2.5,
  "crit_rate": 0.01,
  "str_mod": 1.4000000000000004,
  "dex_mod": 0.9,
  "rarity": 2.5,
  "durability": 26.300000000000004,
  "max_durability": 120.0,
  "volatility": 0.47000000000000025,
  "resilience": 0.6000000000000001,
  "worth": 100,
  "affinities": {
    "Order": 0.2,
    "Stability": 0.2,
    "Scarceness": 0.1
  }
}