{
  "id": "44712597-4126-4985-88c0-bf459b01b4ab",
  "name": "Mundane Spear of Flame",
  "type": "Polearm",
  "generation": 19,
  "damage": 15.0,
  "damage_type": [
    "Physical",
    "Piercing"
  ],
  "crit_damage": 2.5,
  "crit_rate": 0.060000000000000005,
  "str_mod": 1.1,
  "dex_mod": 1.1,
  "rarity": 1,
  "durability": 22.290000000000013,
  "max_durability": 119.0,
  "volatility": 0.55,
  "resilience": 0.7299999999999999,
  "worth": 100,
  "affinities": {
    "Chaos": 0.1,
    "Order": 0.1
  }
}