{
  "id": "4c479cd4-5d9e-413d-bc4e-d9fdbb508032",
  "name": "Echoing Sigil of Torment",
  "type": "Focus",
  "generation": 21,
  "damage": 26.5,
  "damage_type": [
    "Physical",
    "Sonic",
    "Magic",
    "Shadow"
  ],
  "crit_damage": 2.5,
  "crit_rate": 0.060000000000000005,
  "str_mod": 1.1,
  "dex_mod": 1.4000000000000004,
  "rarity": 1.5,
  "durability": 10.449999999999996,
  "max_durability": 106.0,
  "volatility": 0.5700000000000003,
  "resilience": 0.5,
  "worth": 100,
  "affinities": {
    "Chaos": 0.1,
    "DEX": 0.2,
    "Stability": 0.1,
    "Order": 0.1
  }
}