{
  "id": "4f3534db-533a-470a-96d9-5cec5b9a48a7",
  "name": "Mundane Relic of Mirage",
  "type": "Artifact",
  "generation": 26,
  "damage": 17.5,
  "damage_type": [
    "Physical",
    "Holy",
    "Cosmic"
  ],
  "crit_damage": 2.5,
  "crit_rate": 0.060000000000000005,
  "str_mod": 1.3000000000000003,
  "dex_mod": 1.1999999999999997,
  "rarity": 2.5,
  "durability": 4.541880002307687,
  "max_durability": 97.0,
  "volatility": 0.5300000000000004,
  "resilience": 0.7292481250360577,
  "worth": 100,
  "affinities": {
    "STR": 0.4,
    "Order": 0.1,
    "Stability": 0.1
  }
}