{
  "id": "4f3534db-533a-470a-96d9-5cec5b9a48a7",
  "name": "Mundane Relic of Mirage",
  "type": "Artifact",
  "generation": 4,
  "damage": 9.5,
  "damage_type": [
    "Physical",
    "Holy",
    "Cosmic"
  ],
  "crit_damage": 2,
  "crit_rate": 0.01,
  "str_mod": 1.1,
  "dex_mod": 1.2999999999999998,
  "rarity": 1.5,
  "durability": 88.55398500028846,
  "max_durability": 100.0,
  "volatility": 0.31000000000000005,
  "resilience": 0.7792481250360578,
  "worth": 100,
  "affinities": {}
}