{
  "id": "4f3534db-533a-470a-96d9-5cec5b9a48a7",
  "name": "Mundane Relic of Mirage",
  "type": "Artifact",
  "generation": 14,
  "damage": 12.5,
  "damage_type": [
    "Physical",
    "Holy",
    "Cosmic"
  ],
  "crit_damage": 2,
  "crit_rate": 0.01,
  "str_mod": 1.3000000000000003,
  "dex_mod": 1.2999999999999998,
  "rarity": 1.5,
  "durability": 42.59744375108172,
  "max_durability": 105.0,
  "volatility": 0.4500000000000003,
  "resilience": 0.7292481250360577,
  "worth": 100,
  "affinities": {
    "STR": 0.2,
    "Order": 0.1
  }
}