{
  "id": "4f3534db-533a-470a-96d9-5cec5b9a48a7",
  "name": "Mundane Relic of Mirage",
  "type": "Artifact",
  "generation": 17,
  "damage": 12.5,
  "damage_type": [
    "Physical",
    "Holy",
    "Cosmic"
  ],
  "crit_damage": 2.5,
  "crit_rate": 0.01,
  "str_mod": 1.3000000000000003,
  "dex_mod": 1.2999999999999998,
  "rarity": 1.5,
  "durability": 35.055940001153836,
  "max_durability": 100.0,
  "volatility": 0.4100000000000003,
  "resilience": 0.7292481250360577,
  "worth": 100,
  "affinities": {
    "STR": 0.3,
    "Order": 0.1
  }
}