{
  "id": "4f3534db-533a-470a-96d9-5cec5b9a48a7",
  "name": "Mundane Relic of Mirage",
  "type": "Artifact",
  "generation": 10,
  "damage": 11.0,
  "damage_type": [
    "Physical",
    "Holy",
    "Cosmic"
  ],
  "crit_damage": 2,
  "crit_rate": 0.01,
  "str_mod": 1.2000000000000002,
  "dex_mod": 1.2999999999999998,
  "rarity": 1.5,
  "durability": 59.34646625064903,
  "max_durability": 100.0,
  "volatility": 0.3100000000000002,
  "resilience": 0.7792481250360578,
  "worth": 100,
  "affinities": {
    "STR": 0.2
  }
}