{
  "id": "4fdfd465-2f96-4828-a3d3-c469f824055c",
  "name": "Verdant Relic of Distortion",
  "type": "Artifact",
  "generation": 26,
  "damage": 11.5,
  "damage_type": [
    "Physical",
    "Nature",
    "Holy",
    "Chaos",
    "Void"
  ],
  "crit_damage": 2.5,
  "crit_rate": 0.01,
  "str_mod": 1.1,
  "dex_mod": 1.5000000000000004,
  "rarity": 3.5,
  "durability": 64.47000000000003,
  "max_durability": 102.0,
  "volatility": 0.6103677461028802,
  "resilience": 0.8403677461028802,
  "worth": 100,
  "affinities": {
    "Chaos": 0.1,
    "Stability": 0.1,
    "DEX": 0.1
  }
}