{
  "id": "4fdfd465-2f96-4828-a3d3-c469f824055c",
  "name": "Verdant Relic of Distortion",
  "type": "Artifact",
  "generation": 56,
  "damage": 18.0,
  "damage_type": [
    "Physical",
    "Nature",
    "Holy",
    "Chaos",
    "Void"
  ],
  "crit_damage": 3.5,
  "crit_rate": 0.01,
  "str_mod": 1.2000000000000002,
  "dex_mod": 1.5000000000000004,
  "rarity": 3.5,
  "durability": 12.483097149259242,
  "max_durability": 111.0,
  "volatility": 0.6403677461028803,
  "resilience": 0.8403677461028802,
  "worth": 100,
  "affinities": {
    "Chaos": 0.2,
    "Stability": 0.3,
    "DEX": 0.2,
    "Order": 0.1,
    "Scarceness": 0.1
  }
}