{
  "id": "4fdfd465-2f96-4828-a3d3-c469f824055c",
  "name": "Verdant Relic of Distortion",
  "type": "Artifact",
  "generation": 44,
  "damage": 13.0,
  "damage_type": [
    "Physical",
    "Nature",
    "Holy",
    "Chaos",
    "Void"
  ],
  "crit_damage": 3.5,
  "crit_rate": 0.01,
  "str_mod": 1.2000000000000002,
  "dex_mod": 1.6000000000000005,
  "rarity": 3.5,
  "durability": 21.081329273967086,
  "max_durability": 100.0,
  "volatility": 0.5803677461028802,
  "resilience": 0.7903677461028802,
  "worth": 100,
  "affinities": {
    "Chaos": 0.2,
    "Stability": 0.2,
    "DEX": 0.2,
    "Order": 0.1
  }
}