{
  "id": "4fdfd465-2f96-4828-a3d3-c469f824055c",
  "name": "Verdant Relic of Distortion",
  "type": "Artifact",
  "generation": 59,
  "damage": 18.0,
  "damage_type": [
    "Physical",
    "Nature",
    "Holy",
    "Chaos",
    "Void"
  ],
  "crit_damage": 3.5,
  "crit_rate": 0.01,
  "str_mod": 1.2000000000000002,
  "dex_mod": 1.7000000000000006,
  "rarity": 4.5,
  "durability": 2.5796891377842295,
  "max_durability": 111.0,
  "volatility": 0.6703677461028803,
  "resilience": 0.8584962500721156,
  "worth": 100,
  "affinities": {
    "Chaos": 0.2,
    "Stability": 0.3,
    "DEX": 0.2,
    "Order": 0.1,
    "Scarceness": 0.1
  }
}