{
  "id": "50bef9e6-f2a8-4872-9006-e32379ad2af1",
  "name": "Dread Relic of the Glacier",
  "type": "Artifact",
  "generation": 15,
  "damage": 11.5,
  "damage_type": [
    "Physical",
    "Dark",
    "Holy",
    "Cold"
  ],
  "crit_damage": 2.5,
  "crit_rate": 0.01,
  "str_mod": 1.3,
  "dex_mod": 1.0,
  "rarity": 1.5,
  "durability": 62.050000000000026,
  "max_durability": 134.6240625180289,
  "volatility": 0.40000000000000024,
  "resilience": 0.7099999999999999,
  "worth": 100,
  "affinities": {
    "Chaos": 0.2,
    "STR": 0.1,
    "Restoration": 0.1
  }
}