{
  "id": "50bef9e6-f2a8-4872-9006-e32379ad2af1",
  "name": "Dread Relic of the Glacier",
  "type": "Artifact",
  "generation": 22,
  "damage": 13.0,
  "damage_type": [
    "Physical",
    "Dark",
    "Holy",
    "Cold"
  ],
  "crit_damage": 2.5,
  "crit_rate": 0.01,
  "str_mod": 1.4000000000000001,
  "dex_mod": 1.1,
  "rarity": 1.5,
  "durability": 40.60000000000002,
  "max_durability": 139.6240625180289,
  "volatility": 0.5892481250360578,
  "resilience": 0.6099999999999998,
  "worth": 100,
  "affinities": {
    "Chaos": 0.2,
    "STR": 0.1,
    "Restoration": 0.1
  }
}