{
  "id": "50bef9e6-f2a8-4872-9006-e32379ad2af1",
  "name": "Dread Relic of the Glacier",
  "type": "Artifact",
  "generation": 9,
  "damage": 10.0,
  "damage_type": [
    "Physical",
    "Dark",
    "Holy",
    "Cold"
  ],
  "crit_damage": 2.5,
  "crit_rate": 0.01,
  "str_mod": 1.2,
  "dex_mod": 1.0,
  "rarity": 1.5,
  "durability": 65.24000000000002,
  "max_durability": 134.6240625180289,
  "volatility": 0.3400000000000002,
  "resilience": 0.7599999999999999,
  "worth": 100,
  "affinities": {
    "Chaos": 0.1,
    "STR": 0.1
  }
}