{
  "id": "50d778fd-8333-4113-9cd5-9dd2846b59ad",
  "name": "Searing Blade of Venom",
  "type": "Sword",
  "generation": 25,
  "damage": 28.5,
  "damage_type": [
    "Physical",
    "Fire",
    "Slashing",
    "Acid"
  ],
  "crit_damage": 3.3,
  "crit_rate": 0.01,
  "str_mod": 1.1500000000000001,
  "dex_mod": 1.05,
  "rarity": 1,
  "durability": 86.52000000000001,
  "max_durability": 87.0,
  "volatility": 0.5399999999999999,
  "resilience": 0.48000000000000004,
  "worth": 100,
  "affinities": {
    "Stability": 0.1
  }
}