{
  "id": "50d778fd-8333-4113-9cd5-9dd2846b59ad",
  "name": "Searing Blade of Venom",
  "type": "Sword",
  "generation": 32,
  "damage": 31.5,
  "damage_type": [
    "Physical",
    "Fire",
    "Slashing",
    "Acid"
  ],
  "crit_damage": 3.3,
  "crit_rate": 0.01,
  "str_mod": 1.3500000000000003,
  "dex_mod": 1.1500000000000001,
  "rarity": 2,
  "durability": 60.760000000000005,
  "max_durability": 77.0,
  "volatility": 0.59,
  "resilience": 0.48000000000000004,
  "worth": 100,
  "affinities": {
    "Stability": 0.1,
    "Order": 0.1,
    "Scarceness": 0.1
  }
}