{
  "id": "5123b7d4-4da1-44a0-8dc4-a2c1524f0e66",
  "name": "Unstable Shard of Iron",
  "type": "Dagger",
  "generation": 51,
  "damage": 39.5,
  "damage_type": [
    "Physical",
    "Chaos",
    "Slashing"
  ],
  "crit_damage": 2,
  "crit_rate": 0.01,
  "str_mod": 1.3000000000000003,
  "dex_mod": 1.3000000000000003,
  "rarity": 3,
  "durability": 5.380000000000003,
  "max_durability": 140.0,
  "volatility": 0.5099999999999999,
  "resilience": 0.7999999999999999,
  "worth": 100,
  "affinities": {
    "Order": 0.1,
    "Restoration": 0.3,
    "Scarceness": 0.2
  }
}