{
  "id": "51f6efa3-5872-4bc3-b5eb-7dd9dc653f25",
  "name": "Blessed Rapier of Frost",
  "type": "Generic",
  "generation": 29,
  "damage": 24.5,
  "damage_type": [
    "Physical",
    "Piercing",
    "Cold"
  ],
  "crit_damage": 2.5,
  "crit_rate": 0.060000000000000005,
  "str_mod": 1.1,
  "dex_mod": 1.25,
  "rarity": 3,
  "durability": 21.969999999999988,
  "max_durability": 112.0,
  "volatility": 0.41000000000000036,
  "resilience": 0.7999999999999999,
  "worth": 100,
  "affinities": {
    "Restoration": 0.2,
    "Scarceness": 0.1
  }
}