{
  "id": "5c009908-e240-4ca2-8a1b-40c4e460e6dd",
  "name": "Mundane Blade of Embers",
  "type": "Sword",
  "generation": 26,
  "damage": 28.5,
  "damage_type": [
    "Physical",
    "Slashing",
    "Fire"
  ],
  "crit_damage": 2.5,
  "crit_rate": 0.01,
  "str_mod": 1.3500000000000003,
  "dex_mod": 1.1500000000000001,
  "rarity": 2,
  "durability": 45.300000000000004,
  "max_durability": 116.0,
  "volatility": 0.41000000000000036,
  "resilience": 0.7999999999999999,
  "worth": 100,
  "affinities": {
    "Stability": 0.2,
    "Scarceness": 0.1,
    "Chaos": 0.1
  }
}