{
  "id": "5c009908-e240-4ca2-8a1b-40c4e460e6dd",
  "name": "Mundane Blade of Embers",
  "type": "Sword",
  "generation": 38,
  "damage": 33.5,
  "damage_type": [
    "Physical",
    "Slashing",
    "Fire"
  ],
  "crit_damage": 3.5,
  "crit_rate": 0.01,
  "str_mod": 1.3500000000000003,
  "dex_mod": 1.05,
  "rarity": 3,
  "durability": 38.45969937597356,
  "max_durability": 111.0,
  "volatility": 0.5600000000000004,
  "resilience": 0.7792481250360577,
  "worth": 100,
  "affinities": {
    "Stability": 0.2,
    "Scarceness": 0.1,
    "Chaos": 0.1,
    "STR": 0.1
  }
}