{
  "id": "5c009908-e240-4ca2-8a1b-40c4e460e6dd",
  "name": "Mundane Blade of Embers",
  "type": "Sword",
  "generation": 42,
  "damage": 35.0,
  "damage_type": [
    "Physical",
    "Slashing",
    "Fire"
  ],
  "crit_damage": 3.5,
  "crit_rate": 0.01,
  "str_mod": 1.4500000000000004,
  "dex_mod": 1.05,
  "rarity": 3,
  "durability": 24.494661876694703,
  "max_durability": 121.0,
  "volatility": 0.5300000000000004,
  "resilience": 0.8292481250360577,
  "worth": 100,
  "affinities": {
    "Stability": 0.2,
    "Scarceness": 0.1,
    "Chaos": 0.1,
    "STR": 0.1
  }
}