{
  "id": "5c009908-e240-4ca2-8a1b-40c4e460e6dd",
  "name": "Mundane Blade of Embers",
  "type": "Sword",
  "generation": 55,
  "damage": 36.5,
  "damage_type": [
    "Physical",
    "Slashing",
    "Fire"
  ],
  "crit_damage": 3.775488750216347,
  "crit_rate": 0.01,
  "str_mod": 1.5500000000000005,
  "dex_mod": 1.1500000000000001,
  "rarity": 3,
  "durability": 9.47308312820913,
  "max_durability": 125.0,
  "volatility": 0.5000000000000003,
  "resilience": 0.8292481250360577,
  "worth": 100,
  "affinities": {
    "Stability": 0.2,
    "Scarceness": 0.1,
    "Chaos": 0.2,
    "STR": 0.2
  }
}