{
  "id": "61e363d7-4db7-4e12-a627-6835bea328bd",
  "name": "Stormcharged Relic of Sparks",
  "type": "Artifact",
  "generation": 54,
  "damage": 48.5,
  "damage_type": [
    "Physical",
    "Lightning",
    "Holy"
  ],
  "crit_damage": 3.0,
  "crit_rate": 0.01,
  "str_mod": 1.7000000000000006,
  "dex_mod": 0.9499999999999998,
  "rarity": 5.5,
  "durability": 13.706700926624862,
  "max_durability": 84.0,
  "volatility": 0.6229715809318648,
  "resilience": 0.766096404744368,
  "worth": 100,
  "affinities": {
    "Scarceness": 0.1,
    "Stability": 0.1,
    "STR": 0.2
  }
}