{
  "id": "61e363d7-4db7-4e12-a627-6835bea328bd",
  "name": "Stormcharged Relic of Sparks",
  "type": "Artifact",
  "generation": 41,
  "damage": 37.0,
  "damage_type": [
    "Physical",
    "Lightning",
    "Holy"
  ],
  "crit_damage": 2.5,
  "crit_rate": 0.01,
  "str_mod": 1.6000000000000005,
  "dex_mod": 1.0499999999999998,
  "rarity": 4.5,
  "durability": 53.21113395108324,
  "max_durability": 94.0,
  "volatility": 0.6384962500721156,
  "resilience": 0.766096404744368,
  "worth": 100,
  "affinities": {
    "Scarceness": 0.1
  }
}