{
  "id": "61e363d7-4db7-4e12-a627-6835bea328bd",
  "name": "Stormcharged Relic of Sparks",
  "type": "Artifact",
  "generation": 35,
  "damage": 29.0,
  "damage_type": [
    "Physical",
    "Lightning",
    "Holy"
  ],
  "crit_damage": 2.5,
  "crit_rate": 0.01,
  "str_mod": 1.4000000000000004,
  "dex_mod": 1.15,
  "rarity": 2.5,
  "durability": 64.25188068940645,
  "max_durability": 114.0,
  "volatility": 0.6260964047443681,
  "resilience": 0.766096404744368,
  "worth": 100,
  "affinities": {
    "Scarceness": 0.1
  }
}