{
  "id": "61e363d7-4db7-4e12-a627-6835bea328bd",
  "name": "Stormcharged Relic of Sparks",
  "type": "Artifact",
  "generation": 38,
  "damage": 35.5,
  "damage_type": [
    "Physical",
    "Lightning",
    "Holy"
  ],
  "crit_damage": 2.5,
  "crit_rate": 0.01,
  "str_mod": 1.5000000000000004,
  "dex_mod": 1.0499999999999998,
  "rarity": 3.5,
  "durability": 54.146748332105766,
  "max_durability": 104.0,
  "volatility": 0.6403677461028803,
  "resilience": 0.766096404744368,
  "worth": 100,
  "affinities": {
    "Scarceness": 0.1
  }
}