{
  "id": "61e363d7-4db7-4e12-a627-6835bea328bd",
  "name": "Stormcharged Relic of Sparks",
  "type": "Artifact",
  "generation": 18,
  "damage": 19.5,
  "damage_type": [
    "Physical",
    "Lightning",
    "Holy"
  ],
  "crit_damage": 2,
  "crit_rate": 0.01,
  "str_mod": 1.1,
  "dex_mod": 1.0499999999999998,
  "rarity": 2.5,
  "durability": 70.81144607116552,
  "max_durability": 112.0,
  "volatility": 0.4900000000000001,
  "resilience": 0.8160964047443681,
  "worth": 100,
  "affinities": {}
}