{
  "id": "61e363d7-4db7-4e12-a627-6835bea328bd",
  "name": "Stormcharged Relic of Sparks",
  "type": "Artifact",
  "generation": 46,
  "damage": 42.0,
  "damage_type": [
    "Physical",
    "Lightning",
    "Holy"
  ],
  "crit_damage": 3.0,
  "crit_rate": 0.01,
  "str_mod": 1.6000000000000005,
  "dex_mod": 0.9499999999999998,
  "rarity": 5.5,
  "durability": 41.48990518903819,
  "max_durability": 84.0,
  "volatility": 0.6729715809318648,
  "resilience": 0.8160964047443681,
  "worth": 100,
  "affinities": {
    "Scarceness": 0.1,
    "Stability": 0.1
  }
}