{
  "id": "61e363d7-4db7-4e12-a627-6835bea328bd",
  "name": "Stormcharged Relic of Sparks",
  "type": "Artifact",
  "generation": 32,
  "damage": 29.0,
  "damage_type": [
    "Physical",
    "Lightning",
    "Holy"
  ],
  "crit_damage": 2.5,
  "crit_rate": 0.01,
  "str_mod": 1.4000000000000004,
  "dex_mod": 1.15,
  "rarity": 2.5,
  "durability": 75.26043461824092,
  "max_durability": 114.0,
  "volatility": 0.5900000000000002,
  "resilience": 0.8160964047443681,
  "worth": 100,
  "affinities": {}
}