{
  "id": "63e49861-5add-4970-8571-375060be4f24",
  "name": "Dread Focus of Blood",
  "type": "Focus",
  "generation": 10,
  "damage": 25.5,
  "damage_type": [
    "Physical",
    "Dark",
    "Magic"
  ],
  "crit_damage": 2,
  "crit_rate": 0.01,
  "str_mod": 1.5,
  "dex_mod": 0.8,
  "rarity": 1,
  "durability": 51.949999999999996,
  "max_durability": 100.0,
  "volatility": 0.44000000000000017,
  "resilience": 0.35000000000000003,
  "worth": 100,
  "affinities": {}
}