{
  "id": "64b3c63a-c1e6-4fb2-b1cd-f35b8af2cfe9",
  "name": "Titanic Sigil of Judgement",
  "type": "Focus",
  "generation": 11,
  "damage": 22.5,
  "damage_type": [
    "Physical",
    "Magic",
    "Holy"
  ],
  "crit_damage": 2,
  "crit_rate": 0.01,
  "str_mod": 1.6,
  "dex_mod": 1.1500000000000001,
  "rarity": 1.5,
  "durability": 96.13406251802888,
  "max_durability": 139.6240625180289,
  "volatility": 0.40000000000000024,
  "resilience": 0.63,
  "worth": 100,
  "affinities": {}
}