{
  "id": "64b3c63a-c1e6-4fb2-b1cd-f35b8af2cfe9",
  "name": "Titanic Sigil of Judgement",
  "type": "Focus",
  "generation": 36,
  "damage": 34.0,
  "damage_type": [
    "Physical",
    "Magic",
    "Holy"
  ],
  "crit_damage": 3.4754887502163467,
  "crit_rate": 0.01,
  "str_mod": 1.7000000000000002,
  "dex_mod": 1.1500000000000001,
  "rarity": 1.5,
  "durability": 1.374062518028893,
  "max_durability": 131.6240625180289,
  "volatility": 0.5792481250360578,
  "resilience": 0.7792481250360578,
  "worth": 100,
  "affinities": {
    "Restoration": 0.1,
    "STR": 0.1,
    "Chaos": 0.1,
    "Stability": 0.2
  }
}