{
  "id": "66aa833e-b253-4b1d-93b6-6f225694d907",
  "name": "Resolute Sigil of Might",
  "type": "Focus",
  "generation": 23,
  "damage": 17.0,
  "damage_type": [
    "Physical",
    "Magic"
  ],
  "crit_damage": 2.5,
  "crit_rate": 0.01,
  "str_mod": 1.4500000000000002,
  "dex_mod": 1.5000000000000004,
  "rarity": 1.5,
  "durability": 69.82962437741587,
  "max_durability": 129.0,
  "volatility": 0.3600000000000003,
  "resilience": 0.7792481250360578,
  "worth": 100,
  "affinities": {
    "Chaos": 0.1
  }
}