{
  "id": "66aa833e-b253-4b1d-93b6-6f225694d907",
  "name": "Resolute Sigil of Might",
  "type": "Focus",
  "generation": 8,
  "damage": 14.0,
  "damage_type": [
    "Physical",
    "Magic"
  ],
  "crit_damage": 2.5,
  "crit_rate": 0.01,
  "str_mod": 1.25,
  "dex_mod": 1.2000000000000002,
  "rarity": 1.5,
  "durability": 90.61797000057692,
  "max_durability": 122.0,
  "volatility": 0.38000000000000017,
  "resilience": 0.7792481250360578,
  "worth": 100,
  "affinities": {}
}