{
  "id": "66aa833e-b253-4b1d-93b6-6f225694d907",
  "name": "Resolute Sigil of Might",
  "type": "Focus",
  "generation": 4,
  "damage": 14.0,
  "damage_type": [
    "Physical",
    "Magic"
  ],
  "crit_damage": 2,
  "crit_rate": 0.01,
  "str_mod": 1.25,
  "dex_mod": 1.1,
  "rarity": 1.5,
  "durability": 112.89624062518028,
  "max_durability": 120.0,
  "volatility": 0.26000000000000006,
  "resilience": 0.7792481250360578,
  "worth": 100,
  "affinities": {}
}