{
  "id": "66aa833e-b253-4b1d-93b6-6f225694d907",
  "name": "Resolute Sigil of Might",
  "type": "Focus",
  "generation": 33,
  "damage": 17.0,
  "damage_type": [
    "Physical",
    "Magic"
  ],
  "crit_damage": 3.0,
  "crit_rate": 0.01,
  "str_mod": 1.4500000000000002,
  "dex_mod": 1.6000000000000005,
  "rarity": 1.5,
  "durability": 29.54308312820914,
  "max_durability": 131.0,
  "volatility": 0.5100000000000003,
  "resilience": 0.7792481250360578,
  "worth": 100,
  "affinities": {
    "Chaos": 0.1,
    "STR": 0.1,
    "DEX": 0.1,
    "Restoration": 0.1
  }
}