{
  "id": "66aa833e-b253-4b1d-93b6-6f225694d907",
  "name": "Resolute Sigil of Might",
  "type": "Focus",
  "generation": 14,
  "damage": 15.5,
  "damage_type": [
    "Physical",
    "Magic"
  ],
  "crit_damage": 2.5,
  "crit_rate": 0.01,
  "str_mod": 1.35,
  "dex_mod": 1.3000000000000003,
  "rarity": 1.5,
  "durability": 77.2161656266226,
  "max_durability": 122.0,
  "volatility": 0.3300000000000003,
  "resilience": 0.7792481250360578,
  "worth": 100,
  "affinities": {}
}