{
  "id": "66aa833e-b253-4b1d-93b6-6f225694d907",
  "name": "Resolute Sigil of Might",
  "type": "Focus",
  "generation": 41,
  "damage": 17.0,
  "damage_type": [
    "Physical",
    "Magic"
  ],
  "crit_damage": 3.4754887502163467,
  "crit_rate": 0.01,
  "str_mod": 1.4500000000000002,
  "dex_mod": 1.6000000000000005,
  "rarity": 1.5,
  "durability": 12.102556878713948,
  "max_durability": 128.0,
  "volatility": 0.5292481250360578,
  "resilience": 0.7292481250360577,
  "worth": 100,
  "affinities": {
    "Chaos": 0.2,
    "STR": 0.1,
    "DEX": 0.1,
    "Restoration": 0.1,
    "Stability": 0.1
  }
}