{
  "id": "66fc4853-099b-45d5-beb4-4451e94aa090",
  "name": "Searing Rapier of the Glacier",
  "type": "Generic",
  "generation": 42,
  "damage": 54.0,
  "damage_type": [
    "Physical",
    "Fire",
    "Piercing",
    "Cold"
  ],
  "crit_damage": 2,
  "crit_rate": 0.060000000000000005,
  "str_mod": 1.4000000000000004,
  "dex_mod": 0.9500000000000001,
  "rarity": 1,
  "durability": 26.020000000000017,
  "max_durability": 125.0,
  "volatility": 0.4500000000000006,
  "resilience": 0.7,
  "worth": 100,
  "affinities": {
    "STR": 0.1,
    "Order": 0.1
  }
}