{
  "id": "66fc4853-099b-45d5-beb4-4451e94aa090",
  "name": "Searing Rapier of the Glacier",
  "type": "Generic",
  "generation": 47,
  "damage": 55.5,
  "damage_type": [
    "Physical",
    "Fire",
    "Piercing",
    "Cold"
  ],
  "crit_damage": 2,
  "crit_rate": 0.060000000000000005,
  "str_mod": 1.5000000000000004,
  "dex_mod": 1.05,
  "rarity": 2,
  "durability": 26.320000000000018,
  "max_durability": 125.0,
  "volatility": 0.48000000000000065,
  "resilience": 0.7999999999999999,
  "worth": 100,
  "affinities": {
    "STR": 0.2,
    "Order": 0.1
  }
}