{
  "id": "66fc4853-099b-45d5-beb4-4451e94aa090",
  "name": "Searing Rapier of the Glacier",
  "type": "Generic",
  "generation": 53,
  "damage": 62.0,
  "damage_type": [
    "Physical",
    "Fire",
    "Piercing",
    "Cold"
  ],
  "crit_damage": 2.5,
  "crit_rate": 0.060000000000000005,
  "str_mod": 1.6000000000000005,
  "dex_mod": 1.1500000000000001,
  "rarity": 3,
  "durability": 6.320000000000016,
  "max_durability": 110.0,
  "volatility": 0.5800000000000007,
  "resilience": 0.7999999999999999,
  "worth": 100,
  "affinities": {
    "STR": 0.2,
    "Order": 0.1
  }
}