{
  "id": "66fc4853-099b-45d5-beb4-4451e94aa090",
  "name": "Searing Rapier of the Glacier",
  "type": "Generic",
  "generation": 34,
  "damage": 44.0,
  "damage_type": [
    "Physical",
    "Fire",
    "Piercing",
    "Cold"
  ],
  "crit_damage": 2,
  "crit_rate": 0.060000000000000005,
  "str_mod": 1.4000000000000004,
  "dex_mod": 1.1500000000000001,
  "rarity": 1,
  "durability": 22.12000000000002,
  "max_durability": 125.0,
  "volatility": 0.4700000000000006,
  "resilience": 0.75,
  "worth": 100,
  "affinities": {
    "STR": 0.1
  }
}