{
  "id": "67956693-4ad1-45dd-b322-24a6e5518ed2",
  "name": "Brittle Axe of the Glacier",
  "type": "HeavyWeapon",
  "generation": 23,
  "damage": 20.0,
  "damage_type": [
    "Physical",
    "Slashing",
    "Cold"
  ],
  "crit_damage": 2.5,
  "crit_rate": 0.060000000000000005,
  "str_mod": 1.15,
  "dex_mod": 1.7000000000000002,
  "rarity": 2,
  "durability": 2.5899999999999963,
  "max_durability": 110.0,
  "volatility": 0.5000000000000003,
  "resilience": 0.75,
  "worth": 100,
  "affinities": {
    "Chaos": 0.1,
    "Order": 0.1,
    "DEX": 0.1
  }
}