{
  "id": "69d8d0aa-c575-468f-a711-64dddd0142b8",
  "name": "Titanic Relic of Gales",
  "type": "Artifact",
  "generation": 14,
  "damage": 11.5,
  "damage_type": [
    "Physical",
    "Holy",
    "Sonic"
  ],
  "crit_damage": 2.5,
  "crit_rate": 0.01,
  "str_mod": 1.4000000000000001,
  "dex_mod": 1.08,
  "rarity": 1.5,
  "durability": 49.23406251802889,
  "max_durability": 134.6240625180289,
  "volatility": 0.4500000000000004,
  "resilience": 0.6599999999999999,
  "worth": 100,
  "affinities": {
    "Order": 0.1,
    "Chaos": 0.1,
    "STR": 0.1
  }
}