{
  "id": "6ae6e2db-421e-471c-8296-6f1e74ceb6d7",
  "name": "Mundane Rapier of Whispers",
  "type": "Generic",
  "generation": 11,
  "damage": 10.0,
  "damage_type": [
    "Physical",
    "Piercing",
    "Void"
  ],
  "crit_damage": 2,
  "crit_rate": 0.01,
  "str_mod": 1.0,
  "dex_mod": 1.4200000000000004,
  "rarity": 1,
  "durability": 62.89999999999999,
  "max_durability": 117.0,
  "volatility": 0.5200000000000001,
  "resilience": 0.5999999999999999,
  "worth": 100,
  "affinities": {
    "DEX": 0.1
  }
}