{
  "id": "6de791e8-20b7-454a-84af-273e1d5eb70b",
  "name": "Zealous Spear of the Void",
  "type": "Polearm",
  "generation": 28,
  "damage": 19.0,
  "damage_type": [
    "Physical",
    "Holy",
    "Piercing"
  ],
  "crit_damage": 3.5,
  "crit_rate": 0.09,
  "str_mod": 1.8500000000000005,
  "dex_mod": 1.3000000000000003,
  "rarity": 2.0,
  "durability": 13.779999999999983,
  "max_durability": 91.0,
  "volatility": 0.5499999999999999,
  "resilience": 0.51,
  "worth": 100,
  "affinities": {
    "Chaos": 0.1,
    "DEX": 0.1
  }
}