{
  "id": "6dfa7f10-1cd3-4791-87cc-fb9ce997cd8a",
  "name": "Fractured Axe of the Deep",
  "type": "HeavyWeapon",
  "generation": 32,
  "damage": 36.0,
  "damage_type": [
    "Physical",
    "Slashing",
    "Water"
  ],
  "crit_damage": 3.3,
  "crit_rate": 0.01,
  "str_mod": 1.5500000000000003,
  "dex_mod": 0.7000000000000001,
  "rarity": 2,
  "durability": 40.35000000000003,
  "max_durability": 99.0,
  "volatility": 0.5700000000000001,
  "resilience": 0.7999999999999999,
  "worth": 100,
  "affinities": {
    "STR": 0.2,
    "Stability": 0.1,
    "Order": 0.2
  }
}