{
  "id": "6e10773c-d549-4fe1-ad10-0481d5be6eab",
  "name": "Mundane Rapier of Embers",
  "type": "Generic",
  "generation": 34,
  "damage": 22.0,
  "damage_type": [
    "Physical",
    "Piercing",
    "Fire"
  ],
  "crit_damage": 3.0,
  "crit_rate": 0.09,
  "str_mod": 1.2000000000000002,
  "dex_mod": 1.3000000000000003,
  "rarity": 2,
  "durability": 46.569999999999986,
  "max_durability": 82.0,
  "volatility": 0.48000000000000037,
  "resilience": 0.7,
  "worth": 100,
  "affinities": {
    "Stability": 0.1,
    "Order": 0.3,
    "Chaos": 0.1,
    "Scarceness": 0.1
  }
}