{
  "id": "6e10773c-d549-4fe1-ad10-0481d5be6eab",
  "name": "Mundane Rapier of Embers",
  "type": "Generic",
  "generation": 51,
  "damage": 22.0,
  "damage_type": [
    "Physical",
    "Piercing",
    "Fire"
  ],
  "crit_damage": 3.0,
  "crit_rate": 0.09,
  "str_mod": 1.2000000000000002,
  "dex_mod": 1.5000000000000004,
  "rarity": 2,
  "durability": 17.759999999999977,
  "max_durability": 89.0,
  "volatility": 0.5099999999999999,
  "resilience": 0.7999999999999999,
  "worth": 100,
  "affinities": {
    "Stability": 0.2,
    "Order": 0.3,
    "Chaos": 0.1,
    "Scarceness": 0.1,
    "STR": 0.2,
    "DEX": 0.2
  }
}