{
  "id": "6e3af788-6e8e-4bec-b843-56dd127a6701",
  "name": "Glacial Edge of Ruins",
  "type": "Sword",
  "generation": 26,
  "damage": 37.0,
  "damage_type": [
    "Physical",
    "Cold"
  ],
  "crit_damage": 3.0,
  "crit_rate": 0.09,
  "str_mod": 1.2000000000000002,
  "dex_mod": 1.1,
  "rarity": 2,
  "durability": 2.4099999999999966,
  "max_durability": 111.0,
  "volatility": 0.45000000000000046,
  "resilience": 0.7999999999999999,
  "worth": 100,
  "affinities": {
    "DEX": 0.1
  }
}