{
  "id": "6e3af788-6e8e-4bec-b843-56dd127a6701",
  "name": "Glacial Edge of Ruins",
  "type": "Sword",
  "generation": 12,
  "damage": 29.0,
  "damage_type": [
    "Physical",
    "Cold"
  ],
  "crit_damage": 2,
  "crit_rate": 0.060000000000000005,
  "str_mod": 1.0,
  "dex_mod": 1.2000000000000002,
  "rarity": 2,
  "durability": 47.13999999999999,
  "max_durability": 110.0,
  "volatility": 0.2900000000000002,
  "resilience": 0.7999999999999999,
  "worth": 100,
  "affinities": {}
}