{
  "id": "6e3af788-6e8e-4bec-b843-56dd127a6701",
  "name": "Glacial Edge of Ruins",
  "type": "Sword",
  "generation": 17,
  "damage": 35.5,
  "damage_type": [
    "Physical",
    "Cold"
  ],
  "crit_damage": 2.5,
  "crit_rate": 0.060000000000000005,
  "str_mod": 1.1,
  "dex_mod": 1.1,
  "rarity": 2,
  "durability": 25.859999999999996,
  "max_durability": 105.0,
  "volatility": 0.3500000000000003,
  "resilience": 0.7999999999999999,
  "worth": 100,
  "affinities": {
    "DEX": 0.1
  }
}