{
  "id": "6e3af788-6e8e-4bec-b843-56dd127a6701",
  "name": "Glacial Edge of Ruins",
  "type": "Sword",
  "generation": 14,
  "damage": 30.5,
  "damage_type": [
    "Physical",
    "Cold"
  ],
  "crit_damage": 2.5,
  "crit_rate": 0.060000000000000005,
  "str_mod": 1.1,
  "dex_mod": 1.2000000000000002,
  "rarity": 2,
  "durability": 39.339999999999996,
  "max_durability": 105.0,
  "volatility": 0.32000000000000023,
  "resilience": 0.7999999999999999,
  "worth": 100,
  "affinities": {}
}