{
  "id": "6e924c86-b72e-4479-a9bb-aa66848956b1",
  "name": "Mundane Blade of Grace",
  "type": "Sword",
  "generation": 23,
  "damage": 19.5,
  "damage_type": [
    "Physical",
    "Slashing"
  ],
  "crit_damage": 2,
  "crit_rate": 0.01,
  "str_mod": 1.1500000000000001,
  "dex_mod": 1.6500000000000001,
  "rarity": 1,
  "durability": 30.069999999999993,
  "max_durability": 107.0,
  "volatility": 0.27000000000000046,
  "resilience": 0.75,
  "worth": 100,
  "affinities": {
    "Order": 0.1,
    "DEX": 0.1,
    "Stability": 0.1,
    "Chaos": 0.1
  }
}