{
  "id": "6e924c86-b72e-4479-a9bb-aa66848956b1",
  "name": "Mundane Blade of Grace",
  "type": "Sword",
  "generation": 12,
  "damage": 9.5,
  "damage_type": [
    "Physical",
    "Slashing"
  ],
  "crit_damage": 2,
  "crit_rate": 0.01,
  "str_mod": 1.1500000000000001,
  "dex_mod": 1.7500000000000002,
  "rarity": 1,
  "durability": 54.31999999999999,
  "max_durability": 97.0,
  "volatility": 0.3200000000000003,
  "resilience": 0.75,
  "worth": 100,
  "affinities": {
    "Order": 0.1
  }
}