{
  "id": "6e924c86-b72e-4479-a9bb-aa66848956b1",
  "name": "Mundane Blade of Grace",
  "type": "Sword",
  "generation": 37,
  "damage": 21.0,
  "damage_type": [
    "Physical",
    "Slashing"
  ],
  "crit_damage": 2,
  "crit_rate": 0.01,
  "str_mod": 1.2500000000000002,
  "dex_mod": 1.7500000000000002,
  "rarity": 1,
  "durability": 30.76999999999999,
  "max_durability": 125.0,
  "volatility": 0.3500000000000007,
  "resilience": 0.75,
  "worth": 100,
  "affinities": {
    "Order": 0.2,
    "DEX": 0.1,
    "Stability": 0.1,
    "Chaos": 0.1
  }
}