{
  "id": "738e30d7-df96-4484-94cc-aa3857cba4c1",
  "name": "Gilded Blade of Frost",
  "type": "Sword",
  "generation": 20,
  "damage": 11.0,
  "damage_type": [
    "Physical",
    "Slashing",
    "Cold"
  ],
  "crit_damage": 2,
  "crit_rate": 0.060000000000000005,
  "str_mod": 1.05,
  "dex_mod": 1.5999999999999999,
  "rarity": 2.5,
  "durability": 1.4380244996317337,
  "max_durability": 129.0,
  "volatility": 0.35000000000000037,
  "resilience": 0.8160964047443681,
  "worth": 100,
  "affinities": {
    "Scarceness": 0.1,
    "Stability": 0.1
  }
}