{
  "id": "738e30d7-df96-4484-94cc-aa3857cba4c1",
  "name": "Gilded Blade of Frost",
  "type": "Sword",
  "generation": 10,
  "damage": 17.0,
  "damage_type": [
    "Physical",
    "Slashing",
    "Cold"
  ],
  "crit_damage": 2,
  "crit_rate": 0.01,
  "str_mod": 1.05,
  "dex_mod": 1.1500000000000001,
  "rarity": 2.5,
  "durability": 42.32000000000001,
  "max_durability": 117.0,
  "volatility": 0.2900000000000002,
  "resilience": 0.7599999999999999,
  "worth": 100,
  "affinities": {
    "Scarceness": 0.1,
    "Stability": 0.1
  }
}