{
  "id": "738e30d7-df96-4484-94cc-aa3857cba4c1",
  "name": "Gilded Blade of Frost",
  "type": "Sword",
  "generation": 13,
  "damage": 15.0,
  "damage_type": [
    "Physical",
    "Slashing",
    "Cold"
  ],
  "crit_damage": 2,
  "crit_rate": 0.060000000000000005,
  "str_mod": 1.05,
  "dex_mod": 1.3,
  "rarity": 2.5,
  "durability": 30.944385618977478,
  "max_durability": 117.0,
  "volatility": 0.30000000000000027,
  "resilience": 0.8160964047443681,
  "worth": 100,
  "affinities": {
    "Scarceness": 0.1,
    "Stability": 0.1
  }
}