{
  "id": "78666709-d796-400b-a5a5-3e378b233941",
  "name": "Zealous Edge of Frost",
  "type": "Sword",
  "generation": 32,
  "damage": 19.5,
  "damage_type": [
    "Physical",
    "Holy",
    "Cold"
  ],
  "crit_damage": 2.5,
  "crit_rate": 0.01,
  "str_mod": 1.4500000000000002,
  "dex_mod": 1.4000000000000004,
  "rarity": 1,
  "durability": 16.670000000000023,
  "max_durability": 125.0,
  "volatility": 0.55,
  "resilience": 0.7,
  "worth": 100,
  "affinities": {
    "Restoration": 0.1,
    "Order": 0.2
  }
}