{
  "id": "78666709-d796-400b-a5a5-3e378b233941",
  "name": "Zealous Edge of Frost",
  "type": "Sword",
  "generation": 12,
  "damage": 16.5,
  "damage_type": [
    "Physical",
    "Holy",
    "Cold"
  ],
  "crit_damage": 2,
  "crit_rate": 0.01,
  "str_mod": 1.25,
  "dex_mod": 1.3000000000000003,
  "rarity": 1,
  "durability": 64.98000000000003,
  "max_durability": 122.0,
  "volatility": 0.4800000000000002,
  "resilience": 0.6799999999999999,
  "worth": 100,
  "affinities": {}
}