{
  "id": "7b165c7d-ea0f-45ad-8367-da63b0d12d6b",
  "name": "Resolute Rapier of Iron",
  "type": "Generic",
  "generation": 24,
  "damage": 23.0,
  "damage_type": [
    "Physical",
    "Piercing"
  ],
  "crit_damage": 2,
  "crit_rate": 0.01,
  "str_mod": 1.2000000000000002,
  "dex_mod": 1.2000000000000002,
  "rarity": 2,
  "durability": 43.82,
  "max_durability": 135.0,
  "volatility": 0.4700000000000003,
  "resilience": 0.7999999999999999,
  "worth": 100,
  "affinities": {
    "Restoration": 0.2,
    "Chaos": 0.3
  }
}