{
  "id": "7ecc96f6-4ac0-4247-b293-27335c5cbc60",
  "name": "Heavy Axe of Ash",
  "type": "HeavyWeapon",
  "generation": 33,
  "damage": 36.0,
  "damage_type": [
    "Physical",
    "Slashing"
  ],
  "crit_damage": 3.0,
  "crit_rate": 0.01,
  "str_mod": 1.55,
  "dex_mod": 0.7999999999999999,
  "rarity": 2,
  "durability": 5.549999999999987,
  "max_durability": 96.0,
  "volatility": 0.5399999999999999,
  "resilience": 0.7899999999999999,
  "worth": 100,
  "affinities": {
    "Order": 0.1,
    "STR": 0.2,
    "Stability": 0.2
  }
}