{
  "id": "8141b32b-f77a-480b-acf7-ffbf0de3d43c",
  "name": "Nimble Axe of Plagues",
  "type": "HeavyWeapon",
  "generation": 9,
  "damage": 11.5,
  "damage_type": [
    "Physical",
    "Slashing",
    "Acid"
  ],
  "crit_damage": 2.5,
  "crit_rate": 0.060000000000000005,
  "str_mod": 1.25,
  "dex_mod": 1.35,
  "rarity": 1,
  "durability": 63.20000000000002,
  "max_durability": 87.0,
  "volatility": 0.4100000000000001,
  "resilience": 0.6000000000000001,
  "worth": 100,
  "affinities": {}
}