{
  "id": "837bb90e-8975-4c3d-befc-1c0fbad7f488",
  "name": "Heavy Focus of Light",
  "type": "Focus",
  "generation": 29,
  "damage": 14.5,
  "damage_type": [
    "Physical",
    "Magic",
    "Holy"
  ],
  "crit_damage": 2.5,
  "crit_rate": 0.01,
  "str_mod": 1.3,
  "dex_mod": 1.6000000000000003,
  "rarity": 2.3,
  "durability": 7.647318284126801,
  "max_durability": 114.0,
  "volatility": 0.45000000000000046,
  "resilience": 0.8100816930584824,
  "worth": 100,
  "affinities": {
    "STR": 0.1,
    "DEX": 0.2,
    "Scarceness": 0.1
  }
}