{
  "id": "837bb90e-8975-4c3d-befc-1c0fbad7f488",
  "name": "Heavy Focus of Light",
  "type": "Focus",
  "generation": 11,
  "damage": 8.0,
  "damage_type": [
    "Physical",
    "Magic",
    "Holy"
  ],
  "crit_damage": 2,
  "crit_rate": 0.01,
  "str_mod": 1.2,
  "dex_mod": 1.5000000000000002,
  "rarity": 1.3,
  "durability": 50.10743720441641,
  "max_durability": 102.0,
  "volatility": 0.35000000000000026,
  "resilience": 0.7689255811626865,
  "worth": 100,
  "affinities": {}
}