{
  "id": "837bb90e-8975-4c3d-befc-1c0fbad7f488",
  "name": "Heavy Focus of Light",
  "type": "Focus",
  "generation": 15,
  "damage": 9.5,
  "damage_type": [
    "Physical",
    "Magic",
    "Holy"
  ],
  "crit_damage": 2.5,
  "crit_rate": 0.01,
  "str_mod": 1.3,
  "dex_mod": 1.5000000000000002,
  "rarity": 2.3,
  "durability": 33.80454072013839,
  "max_durability": 102.0,
  "volatility": 0.4200000000000003,
  "resilience": 0.8100816930584824,
  "worth": 100,
  "affinities": {}
}