{
  "id": "837bb90e-8975-4c3d-befc-1c0fbad7f488",
  "name": "Heavy Focus of Light",
  "type": "Focus",
  "generation": 6,
  "damage": 10.0,
  "damage_type": [
    "Physical",
    "Magic",
    "Holy"
  ],
  "crit_damage": 2,
  "crit_rate": 0.01,
  "str_mod": 1.2,
  "dex_mod": 1.2500000000000002,
  "rarity": 1.3,
  "durability": 66.26677674348805,
  "max_durability": 100.0,
  "volatility": 0.3200000000000002,
  "resilience": 0.7689255811626865,
  "worth": 100,
  "affinities": {}
}