{
  "id": "851ac4c5-0e46-48bf-baa7-d1c2767f8abb",
  "name": "Mundane Spear of Frost",
  "type": "Polearm",
  "generation": 13,
  "damage": 14.5,
  "damage_type": [
    "Physical",
    "Piercing",
    "Cold"
  ],
  "crit_damage": 2.5,
  "crit_rate": 0.01,
  "str_mod": 1.4000000000000004,
  "dex_mod": 1.0,
  "rarity": 2,
  "durability": 21.770000000000003,
  "max_durability": 120.0,
  "volatility": 0.4200000000000004,
  "resilience": 0.7999999999999999,
  "worth": 100,
  "affinities": {}
}