{
  "id": "87688bd5-9f19-4e45-bcb1-8f41399076b5",
  "name": "Ancient Rapier of Frost",
  "type": "Generic",
  "generation": 22,
  "damage": 8.0,
  "damage_type": [
    "Physical",
    "Piercing",
    "Cold"
  ],
  "crit_damage": 2,
  "crit_rate": 0.060000000000000005,
  "str_mod": 1.0,
  "dex_mod": 1.4500000000000002,
  "rarity": 2.0,
  "durability": 28.070000000000007,
  "max_durability": 144.0,
  "volatility": 0.4700000000000005,
  "resilience": 0.6799999999999999,
  "worth": 100,
  "affinities": {
    "DEX": 0.1,
    "Chaos": 0.1,
    "Restoration": 0.1,
    "Order": 0.1,
    "Scarceness": 0.1
  }
}