{
  "id": "87c7f3bf-0497-4c67-a241-12da33534d05",
  "name": "Mortal Edge of Grace",
  "type": "Sword",
  "generation": 18,
  "damage": 30.0,
  "damage_type": [
    "Physical"
  ],
  "crit_damage": 2.5,
  "crit_rate": 0.01,
  "str_mod": 1.2000000000000002,
  "dex_mod": 1.35,
  "rarity": 1,
  "durability": 29.079999999999984,
  "max_durability": 79.0,
  "volatility": 0.4900000000000003,
  "resilience": 0.71,
  "worth": 100,
  "affinities": {
    "DEX": 0.1,
    "Order": 0.3,
    "STR": 0.1
  }
}