{
  "id": "87c7f3bf-0497-4c67-a241-12da33534d05",
  "name": "Mortal Edge of Grace",
  "type": "Sword",
  "generation": 21,
  "damage": 36.5,
  "damage_type": [
    "Physical"
  ],
  "crit_damage": 2.5,
  "crit_rate": 0.01,
  "str_mod": 1.3000000000000003,
  "dex_mod": 1.25,
  "rarity": 1,
  "durability": 17.629999999999985,
  "max_durability": 79.0,
  "volatility": 0.4800000000000003,
  "resilience": 0.75,
  "worth": 100,
  "affinities": {
    "DEX": 0.1,
    "Order": 0.3,
    "STR": 0.1
  }
}