{
  "id": "87c7f3bf-0497-4c67-a241-12da33534d05",
  "name": "Mortal Edge of Grace",
  "type": "Sword",
  "generation": 11,
  "damage": 25.0,
  "damage_type": [
    "Physical"
  ],
  "crit_damage": 2,
  "crit_rate": 0.01,
  "str_mod": 1.2000000000000002,
  "dex_mod": 1.4500000000000002,
  "rarity": 1,
  "durability": 55.13999999999999,
  "max_durability": 82.0,
  "volatility": 0.3800000000000002,
  "resilience": 0.63,
  "worth": 100,
  "affinities": {
    "DEX": 0.1,
    "Order": 0.2
  }
}