{
  "id": "88b0e7a6-9db6-4745-9249-af1c409e2daa",
  "name": "Glowing Blade of Might",
  "type": "Sword",
  "generation": 9,
  "damage": 15.5,
  "damage_type": [
    "Physical",
    "Slashing"
  ],
  "crit_damage": 2,
  "crit_rate": 0.01,
  "str_mod": 1.4000000000000001,
  "dex_mod": 1.05,
  "rarity": 1.5,
  "durability": 60.969999999999985,
  "max_durability": 107.0,
  "volatility": 0.40000000000000013,
  "resilience": 0.6599999999999999,
  "worth": 100,
  "affinities": {
    "Chaos": 0.1,
    "STR": 0.1
  }
}