{
  "id": "88b0e7a6-9db6-4745-9249-af1c409e2daa",
  "name": "Glowing Blade of Might",
  "type": "Sword",
  "generation": 34,
  "damage": 39.5,
  "damage_type": [
    "Physical",
    "Slashing"
  ],
  "crit_damage": 2.5,
  "crit_rate": 0.01,
  "str_mod": 2.0000000000000004,
  "dex_mod": 1.05,
  "rarity": 1.5,
  "durability": 5.935188126189894,
  "max_durability": 117.0,
  "volatility": 0.5892481250360578,
  "resilience": 0.7792481250360578,
  "worth": 100,
  "affinities": {
    "Chaos": 0.1,
    "STR": 0.3
  }
}