{
  "id": "88b0e7a6-9db6-4745-9249-af1c409e2daa",
  "name": "Glowing Blade of Might",
  "type": "Sword",
  "generation": 30,
  "damage": 33.0,
  "damage_type": [
    "Physical",
    "Slashing"
  ],
  "crit_damage": 2.5,
  "crit_rate": 0.01,
  "str_mod": 1.9000000000000006,
  "dex_mod": 1.05,
  "rarity": 1.5,
  "durability": 24.096466250649026,
  "max_durability": 112.0,
  "volatility": 0.5400000000000003,
  "resilience": 0.7792481250360578,
  "worth": 100,
  "affinities": {
    "Chaos": 0.1,
    "STR": 0.3
  }
}