{
  "id": "88b0e7a6-9db6-4745-9249-af1c409e2daa",
  "name": "Glowing Blade of Might",
  "type": "Sword",
  "generation": 15,
  "damage": 22.0,
  "damage_type": [
    "Physical",
    "Slashing"
  ],
  "crit_damage": 2,
  "crit_rate": 0.01,
  "str_mod": 1.5000000000000002,
  "dex_mod": 1.05,
  "rarity": 1.5,
  "durability": 29.889999999999983,
  "max_durability": 107.0,
  "volatility": 0.46000000000000024,
  "resilience": 0.7399999999999999,
  "worth": 100,
  "affinities": {
    "Chaos": 0.1,
    "STR": 0.2
  }
}