{
  "id": "88b0e7a6-9db6-4745-9249-af1c409e2daa",
  "name": "Glowing Blade of Might",
  "type": "Sword",
  "generation": 4,
  "damage": 15.5,
  "damage_type": [
    "Physical",
    "Slashing"
  ],
  "crit_damage": 2,
  "crit_rate": 0.01,
  "str_mod": 1.4000000000000001,
  "dex_mod": 1.05,
  "rarity": 1.5,
  "durability": 79.28999999999999,
  "max_durability": 100.0,
  "volatility": 0.39000000000000007,
  "resilience": 0.5299999999999999,
  "worth": 100,
  "affinities": {}
}