{
  "id": "89b4293d-46fa-466c-aaf4-0bef1f0a8ecc",
  "name": "Nimble Relic of Whispers",
  "type": "Artifact",
  "generation": 41,
  "damage": 31.0,
  "damage_type": [
    "Physical",
    "Holy",
    "Void"
  ],
  "crit_damage": 2,
  "crit_rate": 0.060000000000000005,
  "str_mod": 1.4000000000000004,
  "dex_mod": 1.0699999999999998,
  "rarity": 2.5,
  "durability": 11.984385618977472,
  "max_durability": 117.0,
  "volatility": 0.5000000000000002,
  "resilience": 0.8160964047443681,
  "worth": 100,
  "affinities": {
    "Order": 0.3,
    "DEX": 0.4,
    "Stability": 0.2,
    "Scarceness": 0.1,
    "Chaos": 0.1
  }
}