{
  "id": "8ddb5818-50f9-40db-8d29-112c616a8a52",
  "name": "Feral Edge of Echoes",
  "type": "Sword",
  "generation": 15,
  "damage": 10.0,
  "damage_type": [
    "Physical"
  ],
  "crit_damage": 2.5,
  "crit_rate": 0.01,
  "str_mod": 1.1,
  "dex_mod": 1.2500000000000002,
  "rarity": 1.3,
  "durability": 79.52000000000001,
  "max_durability": 99.0,
  "volatility": 0.4700000000000001,
  "resilience": 0.48000000000000004,
  "worth": 100,
  "affinities": {
    "Order": 0.2
  }
}