{
  "id": "8ddb5818-50f9-40db-8d29-112c616a8a52",
  "name": "Feral Edge of Echoes",
  "type": "Sword",
  "generation": 24,
  "damage": 16.5,
  "damage_type": [
    "Physical"
  ],
  "crit_damage": 2.5,
  "crit_rate": 0.09403267722339301,
  "str_mod": 1.2000000000000002,
  "dex_mod": 1.1500000000000001,
  "rarity": 2.3,
  "durability": 41.45000000000002,
  "max_durability": 99.0,
  "volatility": 0.5200000000000001,
  "resilience": 0.66,
  "worth": 100,
  "affinities": {
    "Order": 0.2
  }
}