{
  "id": "8ddb5818-50f9-40db-8d29-112c616a8a52",
  "name": "Feral Edge of Echoes",
  "type": "Sword",
  "generation": 36,
  "damage": 26.5,
  "damage_type": [
    "Physical"
  ],
  "crit_damage": 2.5,
  "crit_rate": 0.09403267722339301,
  "str_mod": 1.2000000000000002,
  "dex_mod": 0.9500000000000001,
  "rarity": 2.3,
  "durability": 0.7602450791754656,
  "max_durability": 124.0,
  "volatility": 0.5100000000000002,
  "resilience": 0.8100816930584824,
  "worth": 100,
  "affinities": {
    "Order": 0.3,
    "Chaos": 0.1,
    "Scarceness": 0.1
  }
}