{
  "id": "8ddb5818-50f9-40db-8d29-112c616a8a52",
  "name": "Feral Edge of Echoes",
  "type": "Sword",
  "generation": 21,
  "damage": 15.0,
  "damage_type": [
    "Physical"
  ],
  "crit_damage": 2.5,
  "crit_rate": 0.060000000000000005,
  "str_mod": 1.1,
  "dex_mod": 1.1500000000000001,
  "rarity": 2.3,
  "durability": 51.530000000000015,
  "max_durability": 99.0,
  "volatility": 0.5500000000000002,
  "resilience": 0.5800000000000001,
  "worth": 100,
  "affinities": {
    "Order": 0.2
  }
}