{
  "id": "9079ba7f-3aea-4b2e-b553-4851a1bab113",
  "name": "Titanic Edge of Gales",
  "type": "Sword",
  "generation": 13,
  "damage": 9.5,
  "damage_type": [
    "Physical",
    "Sonic"
  ],
  "crit_damage": 2,
  "crit_rate": 0.01,
  "str_mod": 1.4000000000000001,
  "dex_mod": 1.3299999999999998,
  "rarity": 2,
  "durability": 61.650000000000006,
  "max_durability": 120.0,
  "volatility": 0.4400000000000003,
  "resilience": 0.55,
  "worth": 100,
  "affinities": {
    "STR": 0.2,
    "Stability": 0.2,
    "Order": 0.1,
    "Chaos": 0.1
  }
}