{
  "id": "9079ba7f-3aea-4b2e-b553-4851a1bab113",
  "name": "Titanic Edge of Gales",
  "type": "Sword",
  "generation": 32,
  "damage": 27.5,
  "damage_type": [
    "Physical",
    "Sonic"
  ],
  "crit_damage": 3.0,
  "crit_rate": 0.01,
  "str_mod": 1.6000000000000003,
  "dex_mod": 1.1299999999999997,
  "rarity": 2,
  "durability": 15.650000000000006,
  "max_durability": 122.0,
  "volatility": 0.59,
  "resilience": 0.6000000000000001,
  "worth": 100,
  "affinities": {
    "STR": 0.2,
    "Stability": 0.4,
    "Order": 0.2,
    "Chaos": 0.1,
    "Scarceness": 0.1
  }
}