{
  "id": "9201b44e-e571-4a8b-a3bb-8529d8564083",
  "name": "Mundane Rapier of Frost",
  "type": "Generic",
  "generation": 17,
  "damage": 16.5,
  "damage_type": [
    "Physical",
    "Piercing",
    "Cold"
  ],
  "crit_damage": 2,
  "crit_rate": 0.01,
  "str_mod": 1.1,
  "dex_mod": 1.2000000000000002,
  "rarity": 3,
  "durability": 30.977744375108166,
  "max_durability": 140.0,
  "volatility": 0.23000000000000023,
  "resilience": 0.8292481250360577,
  "worth": 100,
  "affinities": {
    "Order": 0.1
  }
}