{
  "id": "9a9d1b39-fffd-4e36-b25b-ffa5a5b826f3",
  "name": "Iridescent Spear of Grace",
  "type": "Polearm",
  "generation": 37,
  "damage": 31.5,
  "damage_type": [
    "Physical",
    "Blinding",
    "Piercing"
  ],
  "crit_damage": 4.0,
  "crit_rate": 0.11000000000000001,
  "str_mod": 1.2000000000000002,
  "dex_mod": 1.55,
  "rarity": 7,
  "durability": 45.00999999999999,
  "max_durability": 144.0,
  "volatility": 0.5900000000000003,
  "resilience": 0.7800000000000001,
  "worth": 100,
  "affinities": {
    "Scarceness": 0.1,
    "DEX": 0.1
  }
}