{
  "id": "9a9d1b39-fffd-4e36-b25b-ffa5a5b826f3",
  "name": "Iridescent Spear of Grace",
  "type": "Polearm",
  "generation": 43,
  "damage": 36.5,
  "damage_type": [
    "Physical",
    "Blinding",
    "Piercing"
  ],
  "crit_damage": 4.1422064766172815,
  "crit_rate": 0.11000000000000001,
  "str_mod": 1.2000000000000002,
  "dex_mod": 1.45,
  "rarity": 7,
  "durability": 27.149999999999995,
  "max_durability": 139.0,
  "volatility": 0.5300000000000002,
  "resilience": 0.8600000000000001,
  "worth": 100,
  "affinities": {
    "Scarceness": 0.2,
    "DEX": 0.1,
    "STR": 0.1
  }
}