{
  "id": "9d5f868d-5cee-4f8e-ae48-71352ddd3e67",
  "name": "Brittle Edge of the Glacier",
  "type": "Sword",
  "generation": 20,
  "damage": 33.5,
  "damage_type": [
    "Physical",
    "Cold"
  ],
  "crit_damage": 3.0,
  "crit_rate": 0.01,
  "str_mod": 1.3000000000000003,
  "dex_mod": 1.1,
  "rarity": 1,
  "durability": 13.100000000000005,
  "max_durability": 107.0,
  "volatility": 0.5100000000000002,
  "resilience": 0.6499999999999999,
  "worth": 100,
  "affinities": {
    "Order": 0.1,
    "Chaos": 0.1,
    "STR": 0.2
  }
}