{
  "id": "9d5f868d-5cee-4f8e-ae48-71352ddd3e67",
  "name": "Brittle Edge of the Glacier",
  "type": "Sword",
  "generation": 11,
  "damage": 27.0,
  "damage_type": [
    "Physical",
    "Cold"
  ],
  "crit_damage": 2,
  "crit_rate": 0.01,
  "str_mod": 1.2000000000000002,
  "dex_mod": 1.1,
  "rarity": 1,
  "durability": 33.300000000000004,
  "max_durability": 117.0,
  "volatility": 0.47000000000000025,
  "resilience": 0.6499999999999999,
  "worth": 100,
  "affinities": {
    "Order": 0.1
  }
}