{
  "id": "9e7efa74-65fb-4ad2-a3cd-00664461b1d8",
  "name": "Rusty Focus of Iron",
  "type": "Focus",
  "generation": 13,
  "damage": 13.0,
  "damage_type": [
    "Physical",
    "Magic"
  ],
  "crit_damage": 2,
  "crit_rate": 0.07,
  "str_mod": 1.2000000000000002,
  "dex_mod": 1.2000000000000002,
  "rarity": 1,
  "durability": 50.64999999999998,
  "max_durability": 125.0,
  "volatility": 0.4300000000000002,
  "resilience": 0.75,
  "worth": 100,
  "affinities": {
    "Order": 0.1,
    "Restoration": 0.1
  }
}