{
  "id": "9ebc51b6-e1d2-441a-93f1-8b656a635697",
  "name": "Searing Sigil of Torment",
  "type": "Focus",
  "generation": 29,
  "damage": 43.5,
  "damage_type": [
    "Physical",
    "Fire",
    "Magic",
    "Shadow"
  ],
  "crit_damage": 2,
  "crit_rate": 0.01,
  "str_mod": 1.5000000000000004,
  "dex_mod": 1.2000000000000002,
  "rarity": 2.5,
  "durability": 4.7100000000000115,
  "max_durability": 111.0,
  "volatility": 0.6160964047443681,
  "resilience": 0.58,
  "worth": 100,
  "affinities": {
    "Stability": 0.3,
    "STR": 0.1,
    "Order": 0.1
  }
}