{
  "id": "9ebc51b6-e1d2-441a-93f1-8b656a635697",
  "name": "Searing Sigil of Torment",
  "type": "Focus",
  "generation": 14,
  "damage": 40.5,
  "damage_type": [
    "Physical",
    "Fire",
    "Magic",
    "Shadow"
  ],
  "crit_damage": 2,
  "crit_rate": 0.01,
  "str_mod": 1.3000000000000003,
  "dex_mod": 1.0,
  "rarity": 2.5,
  "durability": 46.720000000000006,
  "max_durability": 94.0,
  "volatility": 0.6000000000000001,
  "resilience": 0.5299999999999999,
  "worth": 100,
  "affinities": {
    "Stability": 0.1
  }
}