{
  "id": "a0101776-6cf4-44d8-b706-0c89f137eb8f",
  "name": "Mundane Rapier of Whispers",
  "type": "Generic",
  "generation": 41,
  "damage": 26.0,
  "damage_type": [
    "Physical",
    "Piercing",
    "Void"
  ],
  "crit_damage": 2,
  "crit_rate": 0.060000000000000005,
  "str_mod": 1.2000000000000002,
  "dex_mod": 1.6700000000000004,
  "rarity": 1,
  "durability": 35.28999999999999,
  "max_durability": 115.0,
  "volatility": 0.52,
  "resilience": 0.75,
  "worth": 100,
  "affinities": {
    "Stability": 0.3,
    "DEX": 0.1,
    "Order": 0.1
  }
}