{
  "id": "a0101776-6cf4-44d8-b706-0c89f137eb8f",
  "name": "Mundane Rapier of Whispers",
  "type": "Generic",
  "generation": 47,
  "damage": 27.5,
  "damage_type": [
    "Physical",
    "Piercing",
    "Void"
  ],
  "crit_damage": 2,
  "crit_rate": 0.060000000000000005,
  "str_mod": 1.3000000000000003,
  "dex_mod": 1.6700000000000004,
  "rarity": 2,
  "durability": 29.989999999999995,
  "max_durability": 115.0,
  "volatility": 0.53,
  "resilience": 0.7999999999999999,
  "worth": 100,
  "affinities": {
    "Stability": 0.3,
    "DEX": 0.1,
    "Order": 0.1,
    "Scarceness": 0.1
  }
}