{
  "id": "a3d1950d-c8e0-4b99-8c3b-b23e1e6f26a6",
  "name": "Nimble Blade of the Glacier",
  "type": "Sword",
  "generation": 15,
  "damage": 22.5,
  "damage_type": [
    "Physical",
    "Slashing",
    "Cold"
  ],
  "crit_damage": 2.5,
  "crit_rate": 0.01,
  "str_mod": 1.5500000000000005,
  "dex_mod": 1.4000000000000001,
  "rarity": 1,
  "durability": 21.999999999999993,
  "max_durability": 125.0,
  "volatility": 0.3600000000000003,
  "resilience": 0.75,
  "worth": 100,
  "affinities": {
    "DEX": 0.1
  }
}