{
  "id": "a736f8ec-887d-46a8-bb39-e6f73f76e3d9",
  "name": "Mundane Sigil of the Glacier",
  "type": "Focus",
  "generation": 40,
  "damage": 18.0,
  "damage_type": [
    "Physical",
    "Magic",
    "Cold"
  ],
  "crit_damage": 3.0,
  "crit_rate": 0.01,
  "str_mod": 1.2000000000000002,
  "dex_mod": 1.3000000000000003,
  "rarity": 3.5,
  "durability": 5.814867689759325,
  "max_durability": 140.6240625180289,
  "volatility": 0.6003677461028802,
  "resilience": 0.716096404744368,
  "worth": 100,
  "affinities": {
    "Stability": 0.3,
    "Restoration": 0.1,
    "Order": 0.1,
    "STR": 0.1,
    "Scarceness": 0.1
  }
}