{
  "id": "a757ccd4-eb26-4c70-9469-05680923efc4",
  "name": "Broken Spear of Light",
  "type": "Polearm",
  "generation": 19,
  "damage": 13.0,
  "damage_type": [
    "Physical",
    "Piercing",
    "Holy"
  ],
  "crit_damage": 2,
  "crit_rate": 0.060000000000000005,
  "str_mod": 1.3000000000000003,
  "dex_mod": 1.1,
  "rarity": 1.3,
  "durability": 62.209172084182086,
  "max_durability": 59.0,
  "volatility": 0.5189255811626865,
  "resilience": 0.7689255811626865,
  "worth": 100,
  "affinities": {
    "Order": 0.2
  }
}