{
  "id": "a757ccd4-eb26-4c70-9469-05680923efc4",
  "name": "Broken Spear of Light",
  "type": "Polearm",
  "generation": 54,
  "damage": 21.0,
  "damage_type": [
    "Physical",
    "Piercing",
    "Holy"
  ],
  "crit_damage": 2.5,
  "crit_rate": 0.060000000000000005,
  "str_mod": 1.5000000000000004,
  "dex_mod": 1.2000000000000002,
  "rarity": 3.3,
  "durability": 0.6296603997055117,
  "max_durability": 78.0,
  "volatility": 0.5400816930584824,
  "resilience": 0.8361233012235545,
  "worth": 100,
  "affinities": {
    "Order": 0.4,
    "Stability": 0.2,
    "STR": 0.2,
    "DEX": 0.1
  }
}