{
  "id": "a757ccd4-eb26-4c70-9469-05680923efc4",
  "name": "Broken Spear of Light",
  "type": "Polearm",
  "generation": 15,
  "damage": 11.5,
  "damage_type": [
    "Physical",
    "Piercing",
    "Holy"
  ],
  "crit_damage": 2,
  "crit_rate": 0.01,
  "str_mod": 1.2000000000000002,
  "dex_mod": 1.1,
  "rarity": 1.3,
  "durability": 65.60099069139252,
  "max_durability": 54.0,
  "volatility": 0.5289255811626865,
  "resilience": 0.7689255811626865,
  "worth": 100,
  "affinities": {
    "Order": 0.2
  }
}