{
  "id": "a757ccd4-eb26-4c70-9469-05680923efc4",
  "name": "Broken Spear of Light",
  "type": "Polearm",
  "generation": 32,
  "damage": 13.0,
  "damage_type": [
    "Physical",
    "Piercing",
    "Holy"
  ],
  "crit_damage": 2.5,
  "crit_rate": 0.060000000000000005,
  "str_mod": 1.3000000000000003,
  "dex_mod": 1.1,
  "rarity": 1.3,
  "durability": 50.37974881766567,
  "max_durability": 66.0,
  "volatility": 0.5589255811626865,
  "resilience": 0.7189255811626865,
  "worth": 100,
  "affinities": {
    "Order": 0.2,
    "Stability": 0.1,
    "STR": 0.1
  }
}