{
  "id": "a75f0850-024d-4201-b615-49d968a39bde",
  "name": "Heavy Core of Blight",
  "type": "Artifact",
  "generation": 11,
  "damage": 22.0,
  "damage_type": [
    "Physical",
    "Dark"
  ],
  "crit_damage": 2,
  "crit_rate": 0.01,
  "str_mod": 1.2,
  "dex_mod": 0.85,
  "rarity": 1,
  "durability": 55.90999999999999,
  "max_durability": 120.0,
  "volatility": 0.36000000000000015,
  "resilience": 0.5299999999999999,
  "worth": 100,
  "affinities": {
    "Stability": 0.1
  }
}