{
  "id": "abde5a15-321b-4393-9922-050d7d821306",
  "name": "Titanic Blade of Light",
  "type": "Sword",
  "generation": 19,
  "damage": 16.5,
  "damage_type": [
    "Physical",
    "Slashing",
    "Holy"
  ],
  "crit_damage": 2,
  "crit_rate": 0.060000000000000005,
  "str_mod": 1.4500000000000002,
  "dex_mod": 1.05,
  "rarity": 1.3,
  "durability": 73.23774871762083,
  "max_durability": 134.46279058134326,
  "volatility": 0.5689255811626865,
  "resilience": 0.6689255811626864,
  "worth": 100,
  "affinities": {
    "Order": 0.1,
    "Stability": 0.1
  }
}