{
  "id": "abde5a15-321b-4393-9922-050d7d821306",
  "name": "Titanic Blade of Light",
  "type": "Sword",
  "generation": 38,
  "damage": 31.0,
  "damage_type": [
    "Physical",
    "Slashing",
    "Holy"
  ],
  "crit_damage": 3.0,
  "crit_rate": 0.060000000000000005,
  "str_mod": 1.7500000000000004,
  "dex_mod": 0.8500000000000001,
  "rarity": 1.3,
  "durability": 48.322953356917836,
  "max_durability": 129.46279058134326,
  "volatility": 0.5689255811626865,
  "resilience": 0.7689255811626865,
  "worth": 100,
  "affinities": {
    "Order": 0.1,
    "Stability": 0.1,
    "Chaos": 0.1
  }
}