{
  "id": "abde5a15-321b-4393-9922-050d7d821306",
  "name": "Titanic Blade of Light",
  "type": "Sword",
  "generation": 2,
  "damage": 10.0,
  "damage_type": [
    "Physical",
    "Slashing",
    "Holy"
  ],
  "crit_damage": 2,
  "crit_rate": 0.01,
  "str_mod": 1.35,
  "dex_mod": 1.05,
  "rarity": 1.3,
  "durability": 113.62279058134325,
  "max_durability": 134.46279058134326,
  "volatility": 0.28000000000000014,
  "resilience": 0.72,
  "worth": 100,
  "affinities": {}
}