{
  "id": "abde5a15-321b-4393-9922-050d7d821306",
  "name": "Titanic Blade of Light",
  "type": "Sword",
  "generation": 10,
  "damage": 10.0,
  "damage_type": [
    "Physical",
    "Slashing",
    "Holy"
  ],
  "crit_damage": 2,
  "crit_rate": 0.060000000000000005,
  "str_mod": 1.35,
  "dex_mod": 1.1500000000000001,
  "rarity": 1.3,
  "durability": 92.95279058134324,
  "max_durability": 134.46279058134326,
  "volatility": 0.48000000000000026,
  "resilience": 0.6699999999999999,
  "worth": 100,
  "affinities": {}
}