{
  "id": "abde5a15-321b-4393-9922-050d7d821306",
  "name": "Titanic Blade of Light",
  "type": "Sword",
  "generation": 35,
  "damage": 24.5,
  "damage_type": [
    "Physical",
    "Slashing",
    "Holy"
  ],
  "crit_damage": 3.0,
  "crit_rate": 0.060000000000000005,
  "str_mod": 1.6500000000000004,
  "dex_mod": 0.9500000000000001,
  "rarity": 1.3,
  "durability": 57.5458463829656,
  "max_durability": 124.46279058134326,
  "volatility": 0.5689255811626865,
  "resilience": 0.7189255811626865,
  "worth": 100,
  "affinities": {
    "Order": 0.1,
    "Stability": 0.1,
    "Chaos": 0.1
  }
}