{
  "id": "ade3b964-96c6-4bde-80e2-4002f05d2281",
  "name": "Mundane Spear of Light",
  "type": "Polearm",
  "generation": 7,
  "damage": 10.0,
  "damage_type": [
    "Physical",
    "Piercing",
    "Holy"
  ],
  "crit_damage": 2,
  "crit_rate": 0.01,
  "str_mod": 1.1,
  "dex_mod": 1.2000000000000002,
  "rarity": 1.3,
  "durability": 57.69851162325372,
  "max_durability": 125.0,
  "volatility": 0.1800000000000002,
  "resilience": 0.7689255811626865,
  "worth": 100,
  "affinities": {}
}