{
  "id": "ade3b964-96c6-4bde-80e2-4002f05d2281",
  "name": "Mundane Spear of Light",
  "type": "Polearm",
  "generation": 18,
  "damage": 12.5,
  "damage_type": [
    "Physical",
    "Piercing",
    "Holy"
  ],
  "crit_damage": 2.5,
  "crit_rate": 0.01,
  "str_mod": 1.2000000000000002,
  "dex_mod": 1.5,
  "rarity": 1.3,
  "durability": 13.25487440883283,
  "max_durability": 120.0,
  "volatility": 0.3100000000000004,
  "resilience": 0.7689255811626865,
  "worth": 100,
  "affinities": {
    "Order": 0.1
  }
}