{
  "id": "afc24415-64b1-4b4f-a297-1e4e2938b521",
  "name": "Glacial Bow of Iron",
  "type": "Ranged",
  "generation": 11,
  "damage": 14.0,
  "damage_type": [
    "Physical",
    "Cold",
    "Piercing"
  ],
  "crit_damage": 2,
  "crit_rate": 0.060000000000000005,
  "str_mod": 1.2000000000000002,
  "dex_mod": 1.3499999999999996,
  "rarity": 2,
  "durability": 59.599999999999994,
  "max_durability": 115.0,
  "volatility": 0.5100000000000002,
  "resilience": 0.7,
  "worth": 100,
  "affinities": {}
}