{
  "id": "b04b2e9d-6a3c-4695-8ec8-2e8a4e30e362",
  "name": "Ancient Spear of Blood",
  "type": "Polearm",
  "generation": 21,
  "damage": 22.5,
  "damage_type": [
    "Physical",
    "Piercing"
  ],
  "crit_damage": 2,
  "crit_rate": 0.01,
  "str_mod": 1.6000000000000003,
  "dex_mod": 0.9499999999999998,
  "rarity": 3.0,
  "durability": 34.81000000000002,
  "max_durability": 119.0,
  "volatility": 0.4400000000000004,
  "resilience": 0.63,
  "worth": 100,
  "affinities": {
    "STR": 0.1,
    "Stability": 0.1
  }
}