{
  "id": "b4676c33-a613-4986-9673-ad25183aebb6",
  "name": "Shattered Rapier of Might",
  "type": "Generic",
  "generation": 8,
  "damage": 22.0,
  "damage_type": [
    "Physical",
    "Piercing"
  ],
  "crit_damage": 2,
  "crit_rate": 0.060000000000000005,
  "str_mod": 1.25,
  "dex_mod": 1.3000000000000003,
  "rarity": 1,
  "durability": 67.0,
  "max_durability": 85.0,
  "volatility": 0.4400000000000002,
  "resilience": 0.5,
  "worth": 100,
  "affinities": {
    "DEX": 0.1
  }
}