{
  "id": "b4676c33-a613-4986-9673-ad25183aebb6",
  "name": "Shattered Rapier of Might",
  "type": "Generic",
  "generation": 18,
  "damage": 22.0,
  "damage_type": [
    "Physical",
    "Piercing"
  ],
  "crit_damage": 3.0,
  "crit_rate": 0.060000000000000005,
  "str_mod": 1.25,
  "dex_mod": 1.5000000000000004,
  "rarity": 1,
  "durability": 26.449999999999996,
  "max_durability": 84.0,
  "volatility": 0.56,
  "resilience": 0.5,
  "worth": 100,
  "affinities": {
    "DEX": 0.1,
    "Chaos": 0.1,
    "STR": 0.1
  }
}