{
  "id": "b54af4d1-96bc-423b-b97c-ec8a62b3b7c6",
  "name": "Vampiric Axe of Grace",
  "type": "HeavyWeapon",
  "generation": 43,
  "damage": 20.5,
  "damage_type": [
    "Physical",
    "Blood",
    "Slashing"
  ],
  "crit_damage": 3.0,
  "crit_rate": 0.09,
  "str_mod": 1.6,
  "dex_mod": 1.6500000000000004,
  "rarity": 2,
  "durability": 5.6199999999999655,
  "max_durability": 114.0,
  "volatility": 0.4800000000000006,
  "resilience": 0.7999999999999999,
  "worth": 100,
  "affinities": {
    "STR": 0.1,
    "DEX": 0.2,
    "Chaos": 0.1
  }
}