{
  "id": "b54af4d1-96bc-423b-b97c-ec8a62b3b7c6",
  "name": "Vampiric Axe of Grace",
  "type": "HeavyWeapon",
  "generation": 36,
  "damage": 20.5,
  "damage_type": [
    "Physical",
    "Blood",
    "Slashing"
  ],
  "crit_damage": 2.5,
  "crit_rate": 0.060000000000000005,
  "str_mod": 1.6,
  "dex_mod": 1.6500000000000004,
  "rarity": 1,
  "durability": 27.719999999999963,
  "max_durability": 107.0,
  "volatility": 0.48000000000000054,
  "resilience": 0.7399999999999999,
  "worth": 100,
  "affinities": {
    "STR": 0.1,
    "DEX": 0.2,
    "Chaos": 0.1
  }
}