{
  "id": "b62c3a34-3cf2-4adf-bb9b-9f2df8863c04",
  "name": "Zealous Spear of Whispers",
  "type": "Polearm",
  "generation": 18,
  "damage": 18.0,
  "damage_type": [
    "Physical",
    "Holy",
    "Piercing",
    "Void"
  ],
  "crit_damage": 3.0,
  "crit_rate": 0.01,
  "str_mod": 1.25,
  "dex_mod": 1.0699999999999998,
  "rarity": 1,
  "durability": 46.599999999999994,
  "max_durability": 94.0,
  "volatility": 0.2800000000000002,
  "resilience": 0.6599999999999999,
  "worth": 100,
  "affinities": {
    "STR": 0.2
  }
}