{
  "id": "bab05a9b-6a98-498e-bef6-226cd7d52d6b",
  "name": "Mundane Bow of Ash",
  "type": "Ranged",
  "generation": 37,
  "damage": 16.5,
  "damage_type": [
    "Physical",
    "Piercing"
  ],
  "crit_damage": 2,
  "crit_rate": 0.060000000000000005,
  "str_mod": 1.1,
  "dex_mod": 1.6500000000000004,
  "rarity": 1,
  "durability": 16.269999999999996,
  "max_durability": 125.0,
  "volatility": 0.49000000000000005,
  "resilience": 0.75,
  "worth": 100,
  "affinities": {
    "Chaos": 0.2,
    "Stability": 0.2,
    "Order": 0.1
  }
}