{
  "id": "bbbe53be-84f2-4c0a-87af-0f553712f818",
  "name": "Brittle Shard of Grace",
  "type": "Dagger",
  "generation": 28,
  "damage": 40.5,
  "damage_type": [
    "Physical",
    "Slashing"
  ],
  "crit_damage": 2.5,
  "crit_rate": 0.01,
  "str_mod": 1.1,
  "dex_mod": 1.4500000000000002,
  "rarity": 2,
  "durability": 4.369999999999962,
  "max_durability": 84.0,
  "volatility": 0.47000000000000036,
  "resilience": 0.7999999999999999,
  "worth": 100,
  "affinities": {
    "DEX": 0.1,
    "Stability": 0.1,
    "Order": 0.1
  }
}