{
  "id": "bc997454-eb4b-4904-8983-3f6bac5e0a03",
  "name": "Titanic Shard of Plagues",
  "type": "Dagger",
  "generation": 36,
  "damage": 29.0,
  "damage_type": [
    "Physical",
    "Slashing",
    "Acid"
  ],
  "crit_damage": 2.5,
  "crit_rate": 0.01,
  "str_mod": 1.9000000000000006,
  "dex_mod": 1.1,
  "rarity": 2,
  "durability": 70.09000000000002,
  "max_durability": 125.0,
  "volatility": 0.4200000000000001,
  "resilience": 0.7999999999999999,
  "worth": 100,
  "affinities": {
    "Chaos": 0.2,
    "Restoration": 0.1,
    "STR": 0.2,
    "Scarceness": 0.1
  }
}