{
  "id": "c42d2bc8-d3d4-439d-888e-120d2bf6fd28",
  "name": "Verdant Axe of Decay",
  "type": "HeavyWeapon",
  "generation": 36,
  "damage": 24.0,
  "damage_type": [
    "Physical",
    "Nature",
    "Slashing"
  ],
  "crit_damage": 3.3,
  "crit_rate": 0.060000000000000005,
  "str_mod": 1.7500000000000004,
  "dex_mod": 1.4000000000000004,
  "rarity": 1,
  "durability": 13.909999999999993,
  "max_durability": 94.0,
  "volatility": 0.55,
  "resilience": 0.6499999999999999,
  "worth": 100,
  "affinities": {
    "Order": 0.1,
    "STR": 0.1
  }
}