{
  "id": "c42d2bc8-d3d4-439d-888e-120d2bf6fd28",
  "name": "Verdant Axe of Decay",
  "type": "HeavyWeapon",
  "generation": 29,
  "damage": 24.0,
  "damage_type": [
    "Physical",
    "Nature",
    "Slashing"
  ],
  "crit_damage": 3.0,
  "crit_rate": 0.060000000000000005,
  "str_mod": 1.7500000000000004,
  "dex_mod": 1.2000000000000002,
  "rarity": 1,
  "durability": 31.609999999999992,
  "max_durability": 104.0,
  "volatility": 0.54,
  "resilience": 0.7,
  "worth": 100,
  "affinities": {
    "Order": 0.1
  }
}