{
  "id": "c42d2bc8-d3d4-439d-888e-120d2bf6fd28",
  "name": "Verdant Axe of Decay",
  "type": "HeavyWeapon",
  "generation": 39,
  "damage": 25.5,
  "damage_type": [
    "Physical",
    "Nature",
    "Slashing"
  ],
  "crit_damage": 3.3,
  "crit_rate": 0.060000000000000005,
  "str_mod": 1.8500000000000005,
  "dex_mod": 1.4000000000000004,
  "rarity": 1,
  "durability": 2.3999999999999932,
  "max_durability": 96.0,
  "volatility": 0.54,
  "resilience": 0.7299999999999999,
  "worth": 100,
  "affinities": {
    "Order": 0.1,
    "STR": 0.1
  }
}