{
  "id": "c42d2bc8-d3d4-439d-888e-120d2bf6fd28",
  "name": "Verdant Axe of Decay",
  "type": "HeavyWeapon",
  "generation": 11,
  "damage": 14.5,
  "damage_type": [
    "Physical",
    "Nature",
    "Slashing"
  ],
  "crit_damage": 2.5,
  "crit_rate": 0.01,
  "str_mod": 1.4500000000000002,
  "dex_mod": 1.0,
  "rarity": 1,
  "durability": 38.91999999999999,
  "max_durability": 102.0,
  "volatility": 0.4800000000000003,
  "resilience": 0.6799999999999999,
  "worth": 100,
  "affinities": {
    "Order": 0.1
  }
}