{
  "id": "c50025f4-777d-49eb-bfeb-220f0de0aef6",
  "name": "Glacial Relic of Frost",
  "type": "Artifact",
  "generation": 12,
  "damage": 14.5,
  "damage_type": [
    "Physical",
    "Cold",
    "Holy"
  ],
  "crit_damage": 2,
  "crit_rate": 0.060000000000000005,
  "str_mod": 1.1,
  "dex_mod": 1.15,
  "rarity": 1.5,
  "durability": 31.99541375165866,
  "max_durability": 139.6240625180289,
  "volatility": 0.31000000000000033,
  "resilience": 0.7792481250360578,
  "worth": 100,
  "affinities": {
    "Stability": 0.1
  }
}