{
  "id": "c50025f4-777d-49eb-bfeb-220f0de0aef6",
  "name": "Glacial Relic of Frost",
  "type": "Artifact",
  "generation": 19,
  "damage": 17.5,
  "damage_type": [
    "Physical",
    "Cold",
    "Holy"
  ],
  "crit_damage": 2.5,
  "crit_rate": 0.08169925001442313,
  "str_mod": 1.3000000000000003,
  "dex_mod": 1.15,
  "rarity": 1.5,
  "durability": 9.392631877271645,
  "max_durability": 134.6240625180289,
  "volatility": 0.49000000000000044,
  "resilience": 0.7292481250360577,
  "worth": 100,
  "affinities": {
    "Stability": 0.1,
    "Chaos": 0.1
  }
}