{
  "id": "c50025f4-777d-49eb-bfeb-220f0de0aef6",
  "name": "Glacial Relic of Frost",
  "type": "Artifact",
  "generation": 4,
  "damage": 8.0,
  "damage_type": [
    "Physical",
    "Cold",
    "Holy"
  ],
  "crit_damage": 2,
  "crit_rate": 0.01,
  "str_mod": 1.0,
  "dex_mod": 1.15,
  "rarity": 1.5,
  "durability": 82.04624062518029,
  "max_durability": 139.6240625180289,
  "volatility": 0.1600000000000001,
  "resilience": 0.7792481250360578,
  "worth": 100,
  "affinities": {}
}