{
  "id": "c50025f4-777d-49eb-bfeb-220f0de0aef6",
  "name": "Glacial Relic of Frost",
  "type": "Artifact",
  "generation": 15,
  "damage": 14.5,
  "damage_type": [
    "Physical",
    "Cold",
    "Holy"
  ],
  "crit_damage": 2.5,
  "crit_rate": 0.060000000000000005,
  "str_mod": 1.1,
  "dex_mod": 1.15,
  "rarity": 1.5,
  "durability": 18.64165437683895,
  "max_durability": 134.6240625180289,
  "volatility": 0.4500000000000004,
  "resilience": 0.7292481250360577,
  "worth": 100,
  "affinities": {
    "Stability": 0.1,
    "Chaos": 0.1
  }
}