{
  "id": "c50025f4-777d-49eb-bfeb-220f0de0aef6",
  "name": "Glacial Relic of Frost",
  "type": "Artifact",
  "generation": 7,
  "damage": 13.0,
  "damage_type": [
    "Physical",
    "Cold",
    "Holy"
  ],
  "crit_damage": 2,
  "crit_rate": 0.01,
  "str_mod": 1.0,
  "dex_mod": 1.15,
  "rarity": 1.5,
  "durability": 58.28022562546875,
  "max_durability": 139.6240625180289,
  "volatility": 0.32000000000000023,
  "resilience": 0.7792481250360578,
  "worth": 100,
  "affinities": {
    "Stability": 0.1
  }
}