{
  "id": "c50025f4-777d-49eb-bfeb-220f0de0aef6",
  "name": "Glacial Relic of Frost",
  "type": "Artifact",
  "generation": 28,
  "damage": 25.5,
  "damage_type": [
    "Physical",
    "Cold",
    "Holy"
  ],
  "crit_damage": 2.5,
  "crit_rate": 0.08169925001442313,
  "str_mod": 1.5000000000000004,
  "dex_mod": 1.0499999999999998,
  "rarity": 1.5,
  "durability": 2.6938350031730938,
  "max_durability": 139.6240625180289,
  "volatility": 0.5492481250360578,
  "resilience": 0.7792481250360578,
  "worth": 100,
  "affinities": {
    "Stability": 0.1,
    "Chaos": 0.1,
    "Order": 0.1
  }
}