{
  "id": "c654a887-9e7c-407a-941a-8dd007e67c3f",
  "name": "Silent Blade of the Glacier",
  "type": "Sword",
  "generation": 12,
  "damage": 26.5,
  "damage_type": [
    "Physical",
    "Slashing",
    "Cold"
  ],
  "crit_damage": 2,
  "crit_rate": 0.01,
  "str_mod": 1.1500000000000001,
  "dex_mod": 0.9999999999999999,
  "rarity": 1,
  "durability": 26.619999999999997,
  "max_durability": 125.0,
  "volatility": 0.36000000000000026,
  "resilience": 0.75,
  "worth": 100,
  "affinities": {
    "Stability": 0.1
  }
}