{
  "id": "cc24daab-8049-46e4-89e3-1940752966e5",
  "name": "Shattered Axe of Grace",
  "type": "HeavyWeapon",
  "generation": 33,
  "damage": 36.0,
  "damage_type": [
    "Physical",
    "Slashing"
  ],
  "crit_damage": 3.0,
  "crit_rate": 0.07,
  "str_mod": 1.35,
  "dex_mod": 1.0499999999999998,
  "rarity": 2,
  "durability": 0.32999999999998586,
  "max_durability": 84.0,
  "volatility": 0.3800000000000001,
  "resilience": 0.7999999999999999,
  "worth": 100,
  "affinities": {
    "STR": 0.1
  }
}