{
  "id": "cc24daab-8049-46e4-89e3-1940752966e5",
  "name": "Shattered Axe of Grace",
  "type": "HeavyWeapon",
  "generation": 29,
  "damage": 34.5,
  "damage_type": [
    "Physical",
    "Slashing"
  ],
  "crit_damage": 2.5,
  "crit_rate": 0.07,
  "str_mod": 1.25,
  "dex_mod": 1.0499999999999998,
  "rarity": 2,
  "durability": 12.529999999999987,
  "max_durability": 89.0,
  "volatility": 0.4000000000000001,
  "resilience": 0.7999999999999999,
  "worth": 100,
  "affinities": {}
}