{
  "id": "cf3a737c-15cb-4e51-9455-63f827333f08",
  "name": "Blessed Edge of Sparks",
  "type": "Sword",
  "generation": 12,
  "damage": 14.5,
  "damage_type": [
    "Physical",
    "Lightning"
  ],
  "crit_damage": 2.5,
  "crit_rate": 0.01,
  "str_mod": 1.1,
  "dex_mod": 1.4000000000000004,
  "rarity": 2,
  "durability": 62.499999999999986,
  "max_durability": 100.0,
  "volatility": 0.4000000000000002,
  "resilience": 0.7,
  "worth": 100,
  "affinities": {
    "DEX": 0.1
  }
}