{
  "id": "cf3a737c-15cb-4e51-9455-63f827333f08",
  "name": "Blessed Edge of Sparks",
  "type": "Sword",
  "generation": 8,
  "damage": 14.5,
  "damage_type": [
    "Physical",
    "Lightning"
  ],
  "crit_damage": 2.5,
  "crit_rate": 0.01,
  "str_mod": 1.1,
  "dex_mod": 1.3000000000000003,
  "rarity": 2,
  "durability": 68.99999999999999,
  "max_durability": 100.0,
  "volatility": 0.42000000000000015,
  "resilience": 0.7,
  "worth": 100,
  "affinities": {}
}