{
  "id": "cf3a737c-15cb-4e51-9455-63f827333f08",
  "name": "Blessed Edge of Sparks",
  "type": "Sword",
  "generation": 30,
  "damage": 24.0,
  "damage_type": [
    "Physical",
    "Lightning"
  ],
  "crit_damage": 2.5,
  "crit_rate": 0.060000000000000005,
  "str_mod": 1.4000000000000004,
  "dex_mod": 1.5000000000000004,
  "rarity": 2,
  "durability": 14.149999999999991,
  "max_durability": 109.0,
  "volatility": 0.58,
  "resilience": 0.7,
  "worth": 100,
  "affinities": {
    "DEX": 0.3,
    "Chaos": 0.1,
    "Scarceness": 0.1
  }
}