{
  "id": "cf3a737c-15cb-4e51-9455-63f827333f08",
  "name": "Blessed Edge of Sparks",
  "type": "Sword",
  "generation": 21,
  "damage": 17.5,
  "damage_type": [
    "Physical",
    "Lightning"
  ],
  "crit_damage": 2.5,
  "crit_rate": 0.01,
  "str_mod": 1.3000000000000003,
  "dex_mod": 1.6000000000000005,
  "rarity": 2,
  "durability": 25.44999999999999,
  "max_durability": 102.0,
  "volatility": 0.5900000000000003,
  "resilience": 0.6499999999999999,
  "worth": 100,
  "affinities": {
    "DEX": 0.3,
    "Chaos": 0.1
  }
}