{
  "id": "cf3a737c-15cb-4e51-9455-63f827333f08",
  "name": "Blessed Edge of Sparks",
  "type": "Sword",
  "generation": 6,
  "damage": 14.5,
  "damage_type": [
    "Physical",
    "Lightning"
  ],
  "crit_damage": 2.5,
  "crit_rate": 0.01,
  "str_mod": 1.1,
  "dex_mod": 1.2000000000000002,
  "rarity": 1,
  "durability": 76.89999999999999,
  "max_durability": 110.0,
  "volatility": 0.34000000000000014,
  "resilience": 0.7,
  "worth": 100,
  "affinities": {}
}