{
  "id": "cfa8ecd7-edb0-436a-9e9c-9759e7caa114",
  "name": "Mundane Axe of Venom",
  "type": "HeavyWeapon",
  "generation": 44,
  "damage": 27.0,
  "damage_type": [
    "Physical",
    "Slashing",
    "Acid"
  ],
  "crit_damage": 3.0,
  "crit_rate": 0.07,
  "str_mod": 1.9500000000000006,
  "dex_mod": 1.4000000000000004,
  "rarity": 1,
  "durability": 5.6000000000000085,
  "max_durability": 115.0,
  "volatility": 0.47000000000000003,
  "resilience": 0.7,
  "worth": 100,
  "affinities": {
    "Stability": 0.1,
    "Chaos": 0.3,
    "STR": 0.1
  }
}