{
  "id": "cff25a91-f80b-472e-bf38-39f9aa514d40",
  "name": "Singed Relic of Carnage",
  "type": "Artifact",
  "generation": 15,
  "damage": 35.5,
  "damage_type": [
    "Physical",
    "Fire",
    "Holy",
    "Blood"
  ],
  "crit_damage": 2,
  "crit_rate": 0.01,
  "str_mod": 1.3000000000000003,
  "dex_mod": 0.9,
  "rarity": 2.5,
  "durability": 51.269999999999996,
  "max_durability": 90.0,
  "volatility": 0.5660964047443681,
  "resilience": 0.5299999999999999,
  "worth": 100,
  "affinities": {
    "Order": 0.2
  }
}