{
  "id": "d1702d56-09f4-4447-b5f3-4f2401059f37",
  "name": "Nimble Blade of Eternity",
  "type": "Sword",
  "generation": 12,
  "damage": 11.5,
  "damage_type": [
    "Physical",
    "Slashing"
  ],
  "crit_damage": 2.5,
  "crit_rate": 0.01,
  "str_mod": 1.1500000000000001,
  "dex_mod": 1.4000000000000001,
  "rarity": 3.0,
  "durability": 38.85,
  "max_durability": 140.0,
  "volatility": 0.49000000000000027,
  "resilience": 0.5,
  "worth": 100,
  "affinities": {
    "Order": 0.1,
    "Restoration": 0.1,
    "Stability": 0.1
  }
}