{
  "id": "d3bc5e81-85b1-484b-8189-fea3f65bf66c",
  "name": "Mundane Rapier of Pestilence",
  "type": "Generic",
  "generation": 16,
  "damage": 24.0,
  "damage_type": [
    "Physical",
    "Piercing",
    "Acid"
  ],
  "crit_damage": 2,
  "crit_rate": 0.060000000000000005,
  "str_mod": 1.2000000000000002,
  "dex_mod": 1.4000000000000004,
  "rarity": 1,
  "durability": 44.32,
  "max_durability": 90.0,
  "volatility": 0.4600000000000004,
  "resilience": 0.75,
  "worth": 100,
  "affinities": {
    "DEX": 0.1,
    "Stability": 0.1
  }
}