{
  "id": "d3bc5e81-85b1-484b-8189-fea3f65bf66c",
  "name": "Mundane Rapier of Pestilence",
  "type": "Generic",
  "generation": 31,
  "damage": 25.5,
  "damage_type": [
    "Physical",
    "Piercing",
    "Acid"
  ],
  "crit_damage": 2,
  "crit_rate": 0.07,
  "str_mod": 1.3000000000000003,
  "dex_mod": 1.5000000000000004,
  "rarity": 1,
  "durability": 42.38999999999999,
  "max_durability": 105.0,
  "volatility": 0.3900000000000005,
  "resilience": 0.7,
  "worth": 100,
  "affinities": {
    "DEX": 0.2,
    "Stability": 0.1
  }
}