{
  "id": "d55fe8f9-4edd-442f-bd38-4881286efb2f",
  "name": "Ancient Spear of Grace",
  "type": "Polearm",
  "generation": 20,
  "damage": 26.5,
  "damage_type": [
    "Physical",
    "Piercing"
  ],
  "crit_damage": 3.0,
  "crit_rate": 0.01,
  "str_mod": 1.2000000000000002,
  "dex_mod": 1.0499999999999998,
  "rarity": 2.0,
  "durability": 17.309999999999988,
  "max_durability": 118.0,
  "volatility": 0.3800000000000002,
  "resilience": 0.71,
  "worth": 100,
  "affinities": {
    "Order": 0.1,
    "Chaos": 0.1,
    "STR": 0.1
  }
}