{
  "id": "d8d1b570-ebed-4fb9-bcac-5a01528d5fae",
  "name": "Mundane Spear of Sovereignty",
  "type": "Polearm",
  "generation": 8,
  "damage": 16.5,
  "damage_type": [
    "Physical",
    "Piercing"
  ],
  "crit_damage": 2,
  "crit_rate": 0.01,
  "str_mod": 1.3000000000000003,
  "dex_mod": 1.0,
  "rarity": 3.5,
  "durability": 67.58992914477776,
  "max_durability": 109.0,
  "volatility": 0.3200000000000001,
  "resilience": 0.7903677461028802,
  "worth": 100,
  "affinities": {
    "STR": 0.1
  }
}