{
  "id": "d8d1b570-ebed-4fb9-bcac-5a01528d5fae",
  "name": "Mundane Spear of Sovereignty",
  "type": "Polearm",
  "generation": 5,
  "damage": 15.0,
  "damage_type": [
    "Physical",
    "Piercing"
  ],
  "crit_damage": 2,
  "crit_rate": 0.01,
  "str_mod": 1.2000000000000002,
  "dex_mod": 1.0,
  "rarity": 3.5,
  "durability": 83.60551619154319,
  "max_durability": 104.0,
  "volatility": 0.16000000000000003,
  "resilience": 0.8403677461028802,
  "worth": 100,
  "affinities": {
    "STR": 0.1
  }
}