{
  "id": "d8d1b570-ebed-4fb9-bcac-5a01528d5fae",
  "name": "Mundane Spear of Sovereignty",
  "type": "Polearm",
  "generation": 28,
  "damage": 28.0,
  "damage_type": [
    "Physical",
    "Piercing"
  ],
  "crit_damage": 2.5,
  "crit_rate": 0.01,
  "str_mod": 1.4000000000000004,
  "dex_mod": 1.2000000000000002,
  "rarity": 3.5,
  "durability": 6.737948703818889,
  "max_durability": 116.0,
  "volatility": 0.3800000000000004,
  "resilience": 0.8403677461028802,
  "worth": 100,
  "affinities": {
    "STR": 0.1,
    "Chaos": 0.1,
    "Stability": 0.1,
    "Scarceness": 0.1,
    "Order": 0.1
  }
}