{
  "id": "d9b813ca-bcba-4f41-9837-cbb1f2b38ac8",
  "name": "Echoing Sigil of Sparks",
  "type": "Focus",
  "generation": 29,
  "damage": 31.0,
  "damage_type": [
    "Physical",
    "Sonic",
    "Magic",
    "Lightning"
  ],
  "crit_damage": 2,
  "crit_rate": 0.060000000000000005,
  "str_mod": 1.6000000000000005,
  "dex_mod": 1.2000000000000002,
  "rarity": 3.5,
  "durability": 0.33357927154948097,
  "max_durability": 115.0,
  "volatility": 0.4000000000000003,
  "resilience": 0.8403677461028802,
  "worth": 100,
  "affinities": {
    "Order": 0.2,
    "Stability": 0.1,
    "Scarceness": 0.1,
    "STR": 0.1
  }
}