{
  "id": "dfc281b8-35f3-4501-98a7-ac098e3b4c8d",
  "name": "Mundane Bow of Whispers",
  "type": "Ranged",
  "generation": 42,
  "damage": 52.5,
  "damage_type": [
    "Physical",
    "Piercing",
    "Void"
  ],
  "crit_damage": 3.0,
  "crit_rate": 0.060000000000000005,
  "str_mod": 1.5000000000000004,
  "dex_mod": 0.7699999999999999,
  "rarity": 4,
  "durability": 1.927895002019223,
  "max_durability": 106.0,
  "volatility": 0.43000000000000027,
  "resilience": 0.85,
  "worth": 100,
  "affinities": {
    "Chaos": 0.1,
    "Scarceness": 0.1,
    "STR": 0.1
  }
}