{
  "id": "dfc281b8-35f3-4501-98a7-ac098e3b4c8d",
  "name": "Mundane Bow of Whispers",
  "type": "Ranged",
  "generation": 36,
  "damage": 39.5,
  "damage_type": [
    "Physical",
    "Piercing",
    "Void"
  ],
  "crit_damage": 2.5,
  "crit_rate": 0.060000000000000005,
  "str_mod": 1.3000000000000003,
  "dex_mod": 0.9699999999999999,
  "rarity": 4,
  "durability": 22.627895002019223,
  "max_durability": 111.0,
  "volatility": 0.3700000000000002,
  "resilience": 0.85,
  "worth": 100,
  "affinities": {
    "Chaos": 0.1,
    "Scarceness": 0.1
  }
}