{
  "id": "dfc281b8-35f3-4501-98a7-ac098e3b4c8d",
  "name": "Mundane Bow of Whispers",
  "type": "Ranged",
  "generation": 30,
  "damage": 29.5,
  "damage_type": [
    "Physical",
    "Piercing",
    "Void"
  ],
  "crit_damage": 2.5,
  "crit_rate": 0.060000000000000005,
  "str_mod": 1.3000000000000003,
  "dex_mod": 1.17,
  "rarity": 3,
  "durability": 40.55142875137018,
  "max_durability": 94.0,
  "volatility": 0.4400000000000002,
  "resilience": 0.8292481250360577,
  "worth": 100,
  "affinities": {
    "Chaos": 0.1,
    "Scarceness": 0.1
  }
}