{
  "id": "e52fd968-4f6a-44d8-b47f-d31c555328db",
  "name": "Unstable Rapier of Gales",
  "type": "Generic",
  "generation": 29,
  "damage": 33.0,
  "damage_type": [
    "Physical",
    "Chaos",
    "Piercing",
    "Sonic"
  ],
  "crit_damage": 2,
  "crit_rate": 0.01,
  "str_mod": 1.2000000000000002,
  "dex_mod": 1.5800000000000003,
  "rarity": 3,
  "durability": 24.030000000000005,
  "max_durability": 110.0,
  "volatility": 0.5,
  "resilience": 0.7300000000000001,
  "worth": 100,
  "affinities": {
    "DEX": 0.1,
    "Chaos": 0.1
  }
}