{
  "id": "e52fd968-4f6a-44d8-b47f-d31c555328db",
  "name": "Unstable Rapier of Gales",
  "type": "Generic",
  "generation": 39,
  "damage": 34.5,
  "damage_type": [
    "Physical",
    "Chaos",
    "Piercing",
    "Sonic"
  ],
  "crit_damage": 2.5,
  "crit_rate": 0.01,
  "str_mod": 1.3000000000000003,
  "dex_mod": 1.7800000000000005,
  "rarity": 3,
  "durability": 5.680000000000005,
  "max_durability": 107.0,
  "volatility": 0.6292481250360578,
  "resilience": 0.63,
  "worth": 100,
  "affinities": {
    "DEX": 0.1,
    "Chaos": 0.1,
    "STR": 0.1
  }
}