{
  "id": "e73964ff-1d23-401c-8e57-24e44ad70654",
  "name": "Glacial Blade of Ash",
  "type": "Sword",
  "generation": 20,
  "damage": 16.0,
  "damage_type": [
    "Physical",
    "Cold",
    "Slashing"
  ],
  "crit_damage": 2,
  "crit_rate": 0.01,
  "str_mod": 1.2500000000000002,
  "dex_mod": 1.0999999999999999,
  "rarity": 2,
  "durability": 64.79,
  "max_durability": 142.0,
  "volatility": 0.2600000000000003,
  "resilience": 0.7999999999999999,
  "worth": 100,
  "affinities": {
    "Restoration": 0.3
  }
}