{
  "id": "e73964ff-1d23-401c-8e57-24e44ad70654",
  "name": "Glacial Blade of Ash",
  "type": "Sword",
  "generation": 91,
  "damage": 52.0,
  "damage_type": [
    "Physical",
    "Cold",
    "Slashing"
  ],
  "crit_damage": 2.5,
  "crit_rate": 0.01,
  "str_mod": 1.6500000000000006,
  "dex_mod": 0.8999999999999999,
  "rarity": 2,
  "durability": 7.559999999999999,
  "max_durability": 150.0,
  "volatility": 0.5499999999999999,
  "resilience": 0.7799999999999998,
  "worth": 100,
  "affinities": {
    "Restoration": 0.4,
    "STR": 0.2,
    "Chaos": 0.4,
    "Scarceness": 0.2,
    "DEX": 0.2,
    "Order": 0.1
  }
}