{
  "id": "e73964ff-1d23-401c-8e57-24e44ad70654",
  "name": "Glacial Blade of Ash",
  "type": "Sword",
  "generation": 25,
  "damage": 16.0,
  "damage_type": [
    "Physical",
    "Cold",
    "Slashing"
  ],
  "crit_damage": 2,
  "crit_rate": 0.01,
  "str_mod": 1.2500000000000002,
  "dex_mod": 1.0999999999999999,
  "rarity": 2,
  "durability": 51.290000000000006,
  "max_durability": 147.0,
  "volatility": 0.48000000000000037,
  "resilience": 0.7499999999999999,
  "worth": 100,
  "affinities": {
    "Restoration": 0.3,
    "STR": 0.1
  }
}