{
  "id": "e73964ff-1d23-401c-8e57-24e44ad70654",
  "name": "Glacial Blade of Ash",
  "type": "Sword",
  "generation": 66,
  "damage": 35.5,
  "damage_type": [
    "Physical",
    "Cold",
    "Slashing"
  ],
  "crit_damage": 2.5,
  "crit_rate": 0.01,
  "str_mod": 1.5500000000000005,
  "dex_mod": 0.8999999999999999,
  "rarity": 2,
  "durability": 33.35000000000001,
  "max_durability": 145.0,
  "volatility": 0.5900000000000006,
  "resilience": 0.7999999999999999,
  "worth": 100,
  "affinities": {
    "Restoration": 0.4,
    "STR": 0.1,
    "Chaos": 0.3,
    "Scarceness": 0.2,
    "DEX": 0.2
  }
}