{
  "id": "e73964ff-1d23-401c-8e57-24e44ad70654",
  "name": "Glacial Blade of Ash",
  "type": "Sword",
  "generation": 56,
  "damage": 22.5,
  "damage_type": [
    "Physical",
    "Cold",
    "Slashing"
  ],
  "crit_damage": 2,
  "crit_rate": 0.01,
  "str_mod": 1.3500000000000003,
  "dex_mod": 1.0999999999999999,
  "rarity": 2,
  "durability": 57.28,
  "max_durability": 150.0,
  "volatility": 0.5300000000000006,
  "resilience": 0.7999999999999999,
  "worth": 100,
  "affinities": {
    "Restoration": 0.3,
    "STR": 0.1,
    "Chaos": 0.3,
    "Scarceness": 0.2,
    "DEX": 0.2
  }
}