{
  "id": "e7f93405-81ea-4574-83d7-a34607d0452c",
  "name": "Verdant Relic of Ruins",
  "type": "Artifact",
  "generation": 12,
  "damage": 30.5,
  "damage_type": [
    "Physical",
    "Nature",
    "Holy"
  ],
  "crit_damage": 2.5,
  "crit_rate": 0.060000000000000005,
  "str_mod": 1.1,
  "dex_mod": 1.0,
  "rarity": 1.5,
  "durability": 26.249999999999986,
  "max_durability": 92.0,
  "volatility": 0.4400000000000004,
  "resilience": 0.7000000000000001,
  "worth": 100,
  "affinities": {}
}