{
  "id": "e7f93405-81ea-4574-83d7-a34607d0452c",
  "name": "Verdant Relic of Ruins",
  "type": "Artifact",
  "generation": 15,
  "damage": 30.5,
  "damage_type": [
    "Physical",
    "Nature",
    "Holy"
  ],
  "crit_damage": 3.0,
  "crit_rate": 0.060000000000000005,
  "str_mod": 1.1,
  "dex_mod": 1.0,
  "rarity": 2.5,
  "durability": 16.649999999999984,
  "max_durability": 87.0,
  "volatility": 0.42000000000000043,
  "resilience": 0.8,
  "worth": 100,
  "affinities": {}
}