{
  "id": "ec7ee038-e443-432f-af08-4f4be0394968",
  "name": "Ancient Core of Echoes",
  "type": "Artifact",
  "generation": 14,
  "damage": 19.5,
  "damage_type": [
    "Physical"
  ],
  "crit_damage": 2,
  "crit_rate": 0.01,
  "str_mod": 1.3000000000000003,
  "dex_mod": 1.1500000000000001,
  "rarity": 2.3,
  "durability": 40.04999999999999,
  "max_durability": 140.0,
  "volatility": 0.4000000000000002,
  "resilience": 0.58,
  "worth": 100,
  "affinities": {
    "Restoration": 0.1,
    "Chaos": 0.1,
    "STR": 0.1
  }
}