{
  "id": "ec7ee038-e443-432f-af08-4f4be0394968",
  "name": "Ancient Core of Echoes",
  "type": "Artifact",
  "generation": 25,
  "damage": 29.5,
  "damage_type": [
    "Physical"
  ],
  "crit_damage": 3.0,
  "crit_rate": 0.060000000000000005,
  "str_mod": 1.3000000000000003,
  "dex_mod": 1.05,
  "rarity": 3.3,
  "durability": 11.709999999999987,
  "max_durability": 120.0,
  "volatility": 0.6400000000000003,
  "resilience": 0.5299999999999999,
  "worth": 100,
  "affinities": {
    "Restoration": 0.3,
    "Chaos": 0.1,
    "STR": 0.1
  }
}