{
  "id": "f1b634b9-f01b-4ee2-be67-596f6d8108c5",
  "name": "Shattered Focus of Eternity",
  "type": "Focus",
  "generation": 22,
  "damage": 21.0,
  "damage_type": [
    "Physical",
    "Magic"
  ],
  "crit_damage": 2,
  "crit_rate": 0.10169925001442312,
  "str_mod": 1.2000000000000002,
  "dex_mod": 1.1,
  "rarity": 3.0,
  "durability": 5.640000000000001,
  "max_durability": 149.0,
  "volatility": 0.6100000000000001,
  "resilience": 0.58,
  "worth": 100,
  "affinities": {
    "Stability": 0.2,
    "Scarceness": 0.1,
    "Restoration": 0.1
  }
}