{
  "id": "f21e56f6-2864-4f9d-99f0-f1df0d195f52",
  "name": "Zealous Blade of Carnage",
  "type": "Sword",
  "generation": 44,
  "damage": 31.0,
  "damage_type": [
    "Physical",
    "Holy",
    "Slashing",
    "Blood"
  ],
  "crit_damage": 3.0,
  "crit_rate": 0.060000000000000005,
  "str_mod": 1.4000000000000001,
  "dex_mod": 1.4500000000000004,
  "rarity": 1,
  "durability": 1.3399999999999959,
  "max_durability": 122.0,
  "volatility": 0.55,
  "resilience": 0.58,
  "worth": 100,
  "affinities": {
    "Order": 0.4,
    "STR": 0.1,
    "Stability": 0.1
  }
}