{
  "id": "f33e4525-dc8e-4861-9919-b354d711edd7",
  "name": "Heavy Rapier of Light",
  "type": "Generic",
  "generation": 44,
  "damage": 32.5,
  "damage_type": [
    "Physical",
    "Piercing",
    "Holy"
  ],
  "crit_damage": 3.0,
  "crit_rate": 0.01,
  "str_mod": 1.7000000000000004,
  "dex_mod": 1.1500000000000001,
  "rarity": 1.3,
  "durability": 21.455534869761173,
  "max_durability": 128.0,
  "volatility": 0.5400000000000006,
  "resilience": 0.7489255811626864,
  "worth": 100,
  "affinities": {
    "Order": 0.2,
    "Stability": 0.1,
    "STR": 0.4,
    "Chaos": 0.1
  }
}