{
  "id": "f33e4525-dc8e-4861-9919-b354d711edd7",
  "name": "Heavy Rapier of Light",
  "type": "Generic",
  "generation": 50,
  "damage": 34.0,
  "damage_type": [
    "Physical",
    "Piercing",
    "Holy"
  ],
  "crit_damage": 3.0,
  "crit_rate": 0.060000000000000005,
  "str_mod": 1.8000000000000005,
  "dex_mod": 1.1500000000000001,
  "rarity": 1.3,
  "durability": 18.139418587201465,
  "max_durability": 128.0,
  "volatility": 0.5589255811626865,
  "resilience": 0.6989255811626863,
  "worth": 100,
  "affinities": {
    "Order": 0.2,
    "Stability": 0.1,
    "STR": 0.4,
    "Chaos": 0.1
  }
}