{
  "id": "f33e4525-dc8e-4861-9919-b354d711edd7",
  "name": "Heavy Rapier of Light",
  "type": "Generic",
  "generation": 61,
  "damage": 38.5,
  "damage_type": [
    "Physical",
    "Piercing",
    "Holy"
  ],
  "crit_damage": 3.6604901583508953,
  "crit_rate": 0.060000000000000005,
  "str_mod": 2.1000000000000005,
  "dex_mod": 1.1500000000000001,
  "rarity": 2.3,
  "durability": 4.659004629292504,
  "max_durability": 113.0,
  "volatility": 0.6400816930584825,
  "resilience": 0.8100816930584824,
  "worth": 100,
  "affinities": {
    "Order": 0.2,
    "Stability": 0.1,
    "STR": 0.4,
    "Chaos": 0.2
  }
}