{
  "id": "f33e4525-dc8e-4861-9919-b354d711edd7",
  "name": "Heavy Rapier of Light",
  "type": "Generic",
  "generation": 54,
  "damage": 35.5,
  "damage_type": [
    "Physical",
    "Piercing",
    "Holy"
  ],
  "crit_damage": 3.413553486976119,
  "crit_rate": 0.060000000000000005,
  "str_mod": 1.9000000000000006,
  "dex_mod": 1.1500000000000001,
  "rarity": 1.3,
  "durability": 21.93512091185221,
  "max_durability": 123.0,
  "volatility": 0.5789255811626866,
  "resilience": 0.6989255811626863,
  "worth": 100,
  "affinities": {
    "Order": 0.2,
    "Stability": 0.1,
    "STR": 0.4,
    "Chaos": 0.2
  }
}