{
  "id": "f33e4525-dc8e-4861-9919-b354d711edd7",
  "name": "Heavy Rapier of Light",
  "type": "Generic",
  "generation": 12,
  "damage": 18.0,
  "damage_type": [
    "Physical",
    "Piercing",
    "Holy"
  ],
  "crit_damage": 2,
  "crit_rate": 0.01,
  "str_mod": 1.4000000000000001,
  "dex_mod": 0.9500000000000001,
  "rarity": 1.3,
  "durability": 76.45999999999998,
  "max_durability": 107.0,
  "volatility": 0.33000000000000024,
  "resilience": 0.72,
  "worth": 100,
  "affinities": {
    "Order": 0.1
  }
}