{
  "id": "f33e4525-dc8e-4861-9919-b354d711edd7",
  "name": "Heavy Rapier of Light",
  "type": "Generic",
  "generation": 25,
  "damage": 18.0,
  "damage_type": [
    "Physical",
    "Piercing",
    "Holy"
  ],
  "crit_damage": 2.5,
  "crit_rate": 0.01,
  "str_mod": 1.4000000000000001,
  "dex_mod": 1.1500000000000001,
  "rarity": 1.3,
  "durability": 63.36603255511491,
  "max_durability": 121.0,
  "volatility": 0.3000000000000004,
  "resilience": 0.7689255811626865,
  "worth": 100,
  "affinities": {
    "Order": 0.1,
    "Stability": 0.1,
    "STR": 0.2
  }
}