{
  "id": "f33e4525-dc8e-4861-9919-b354d711edd7",
  "name": "Heavy Rapier of Light",
  "type": "Generic",
  "generation": 40,
  "damage": 31.0,
  "damage_type": [
    "Physical",
    "Piercing",
    "Holy"
  ],
  "crit_damage": 3.0,
  "crit_rate": 0.01,
  "str_mod": 1.6000000000000003,
  "dex_mod": 1.1500000000000001,
  "rarity": 1.3,
  "durability": 18.715204639296996,
  "max_durability": 126.0,
  "volatility": 0.5200000000000006,
  "resilience": 0.7489255811626864,
  "worth": 100,
  "affinities": {
    "Order": 0.2,
    "Stability": 0.1,
    "STR": 0.4
  }
}