{
  "id": "f33e4525-dc8e-4861-9919-b354d711edd7",
  "name": "Heavy Rapier of Light",
  "type": "Generic",
  "generation": 16,
  "damage": 18.0,
  "damage_type": [
    "Physical",
    "Piercing",
    "Holy"
  ],
  "crit_damage": 2,
  "crit_rate": 0.01,
  "str_mod": 1.4000000000000001,
  "dex_mod": 1.05,
  "rarity": 1.3,
  "durability": 77.36999999999998,
  "max_durability": 112.0,
  "volatility": 0.3200000000000003,
  "resilience": 0.7689255811626865,
  "worth": 100,
  "affinities": {
    "Order": 0.1
  }
}