{
  "id": "f33e4525-dc8e-4861-9919-b354d711edd7",
  "name": "Heavy Rapier of Light",
  "type": "Generic",
  "generation": 8,
  "damage": 16.5,
  "damage_type": [
    "Physical",
    "Piercing",
    "Holy"
  ],
  "crit_damage": 2,
  "crit_rate": 0.01,
  "str_mod": 1.3,
  "dex_mod": 0.9500000000000001,
  "rarity": 1.3,
  "durability": 73.17999999999998,
  "max_durability": 102.0,
  "volatility": 0.3700000000000002,
  "resilience": 0.6699999999999999,
  "worth": 100,
  "affinities": {
    "Order": 0.1
  }
}