{
  "id": "f5201a0f-2807-49e7-89ff-ca7d9529802d",
  "name": "Verdant Core of Decay",
  "type": "Artifact",
  "generation": 4,
  "damage": 8.0,
  "damage_type": [
    "Physical",
    "Nature"
  ],
  "crit_damage": 2,
  "crit_rate": 0.060000000000000005,
  "str_mod": 1.0,
  "dex_mod": 1.25,
  "rarity": 1,
  "durability": 58.550000000000004,
  "max_durability": 120.0,
  "volatility": 0.2300000000000001,
  "resilience": 0.65,
  "worth": 100,
  "affinities": {}
}