{
  "id": "f5e9f56e-22e0-4992-ae50-8da2b67a264f",
  "name": "Ancient Bow of Grace",
  "type": "Ranged",
  "generation": 29,
  "damage": 19.0,
  "damage_type": [
    "Physical",
    "Piercing"
  ],
  "crit_damage": 2.5,
  "crit_rate": 0.060000000000000005,
  "str_mod": 1.6000000000000005,
  "dex_mod": 1.6,
  "rarity": 3.0,
  "durability": 18.639999999999997,
  "max_durability": 112.0,
  "volatility": 0.5100000000000003,
  "resilience": 0.71,
  "worth": 100,
  "affinities": {
    "DEX": 0.3,
    "Scarceness": 0.2,
    "STR": 0.1
  }
}