{
  "id": "f9995039-6cab-4c79-8e5a-7ccb1bdc2fdd",
  "name": "Glacial Spear of Plagues",
  "type": "Polearm",
  "generation": 56,
  "damage": 27.5,
  "damage_type": [
    "Physical",
    "Cold",
    "Piercing",
    "Acid"
  ],
  "crit_damage": 3.0,
  "crit_rate": 0.060000000000000005,
  "str_mod": 1.6000000000000005,
  "dex_mod": 1.1,
  "rarity": 3,
  "durability": 1.3299999999999974,
  "max_durability": 130.0,
  "volatility": 0.6192481250360578,
  "resilience": 0.8292481250360577,
  "worth": 100,
  "affinities": {
    "Chaos": 0.1,
    "DEX": 0.3,
    "Order": 0.1,
    "Restoration": 0.2,
    "Stability": 0.2
  }
}