{
  "id": "f9ca2b92-3fcc-43b8-a14e-9c2ea43643d0",
  "name": "Gilded Spear of Sparks",
  "type": "Polearm",
  "generation": 31,
  "damage": 24.5,
  "damage_type": [
    "Physical",
    "Piercing",
    "Lightning"
  ],
  "crit_damage": 2.5,
  "crit_rate": 0.01,
  "str_mod": 1.4000000000000004,
  "dex_mod": 1.1,
  "rarity": 5.5,
  "durability": 31.83999999999999,
  "max_durability": 101.0,
  "volatility": 0.5200000000000004,
  "resilience": 0.8729715809318648,
  "worth": 100,
  "affinities": {
    "Order": 0.1
  }
}