{
  "id": "f9ca2b92-3fcc-43b8-a14e-9c2ea43643d0",
  "name": "Gilded Spear of Sparks",
  "type": "Polearm",
  "generation": 37,
  "damage": 26.0,
  "damage_type": [
    "Physical",
    "Piercing",
    "Lightning"
  ],
  "crit_damage": 2.5,
  "crit_rate": 0.01,
  "str_mod": 1.5000000000000004,
  "dex_mod": 1.1,
  "rarity": 5.5,
  "durability": 13.92240319956915,
  "max_durability": 105.0,
  "volatility": 0.5800000000000003,
  "resilience": 0.8229715809318647,
  "worth": 100,
  "affinities": {
    "Order": 0.2
  }
}