{
  "id": "fc45a62f-7e68-4f5c-beb7-b765818e630b",
  "name": "Echoing Blade of Ruins",
  "type": "Sword",
  "generation": 13,
  "damage": 39.5,
  "damage_type": [
    "Physical",
    "Sonic",
    "Slashing"
  ],
  "crit_damage": 2,
  "crit_rate": 0.01,
  "str_mod": 1.1500000000000001,
  "dex_mod": 1.05,
  "rarity": 1,
  "durability": 31.130000000000003,
  "max_durability": 77.0,
  "volatility": 0.4900000000000003,
  "resilience": 0.48000000000000004,
  "worth": 100,
  "affinities": {
    "Chaos": 0.1,
    "Order": 0.1
  }
}