{
  "id": "fdf5eee6-f46b-434f-bfea-cf3fa73ca2c7",
  "name": "Dread Spear of Gales",
  "type": "Polearm",
  "generation": 11,
  "damage": 25.0,
  "damage_type": [
    "Physical",
    "Dark",
    "Piercing",
    "Sonic"
  ],
  "crit_damage": 2.5,
  "crit_rate": 0.060000000000000005,
  "str_mod": 1.5000000000000002,
  "dex_mod": 0.9799999999999999,
  "rarity": 1,
  "durability": 54.04999999999998,
  "max_durability": 100.0,
  "volatility": 0.3800000000000002,
  "resilience": 0.45,
  "worth": 100,
  "affinities": {
    "Order": 0.1
  }
}